# .PCD v0.7 - Point Cloud Data file format
VERSION 0.7
FIELDS x y z
SIZE 4 4 4
TYPE F F F
COUNT 1 1 1
WIDTH 33265
HEIGHT 1
VIEWPOINT 0 0 0 1 0 0 0
POINTS 33265
DATA ascii
-0.040531 -4.768251 -2.491360
0.052054 -4.761196 -2.488700
0.156816 -4.750147 -2.484534
0.253177 -4.737034 -2.482325
0.350533 -4.724795 -2.478849
0.465734 -4.691737 -2.483864
0.548511 -4.688662 -2.477391
0.650902 -4.673100 -2.472755
0.753833 -4.651996 -2.467666
0.855289 -4.629528 -2.466640
0.948666 -4.592216 -2.472343
1.063372 -4.586836 -2.468564
1.147754 -4.570552 -2.468995
1.247385 -4.546595 -2.470395
1.350851 -4.522830 -2.470712
1.444259 -4.487427 -2.478049
1.557703 -4.461683 -2.472105
1.631680 -4.437912 -2.475213
1.769643 -4.385093 -2.477246
1.839261 -4.364692 -2.475924
1.972523 -4.276765 -2.485834
2.059467 -4.264571 -2.475233
2.145233 -4.222334 -2.471473
2.168237 -4.189080 -2.480513
2.246297 -4.160568 -2.472690
2.377355 -4.078258 -2.469362
2.435695 -4.046568 -2.470632
2.558040 -3.964383 -2.466330
2.623600 -3.923238 -2.468037
2.679537 -3.874283 -2.464790
2.747683 -3.834613 -2.464415
2.771099 -3.793089 -2.473656
2.855664 -3.749254 -2.461927
2.948837 -3.672988 -2.462973
3.016015 -3.620162 -2.462688
3.068442 -3.573123 -2.460939
3.173634 -3.462681 -2.452009
3.265631 -3.366445 -2.449220
3.313850 -3.320191 -2.446532
3.367424 -3.249813 -2.440649
3.456234 -3.145550 -2.432831
3.492987 -3.085877 -2.440848
3.538071 -3.043826 -2.432453
3.581235 -2.977564 -2.428589
3.618547 -2.935694 -2.429861
3.674062 -2.853042 -2.422392
3.737403 -2.760514 -2.423306
3.788735 -2.674074 -2.415754
3.821193 -2.636049 -2.420349
3.865383 -2.552860 -2.415926
3.927916 -2.450288 -2.418838
3.969423 -2.364702 -2.420642
4.039193 -2.230935 -2.420197
4.063967 -2.168122 -2.384164
4.114656 -2.050964 -2.379470
4.158124 -1.940947 -2.372871
4.181284 -1.874898 -2.374786
4.228889 -1.744337 -2.368089
4.259354 -1.650737 -2.368847
4.287791 -1.553327 -2.363078
4.320539 -1.452217 -2.363852
4.348273 -1.349223 -2.355448
4.371067 -1.259421 -2.357790
4.390037 -1.166046 -2.353950
4.406289 -1.146479 -2.363525
4.418769 -1.046522 -2.349736
4.434302 -0.959991 -2.348441
4.453299 -0.855083 -2.346413
4.469401 -0.749102 -2.342689
4.482101 -0.648516 -2.340459
4.491459 -0.552101 -2.337284
4.508087 -0.449752 -2.340339
4.511319 -0.358075 -2.336622
4.517639 -0.253006 -2.336542
4.521448 -0.152616 -2.337104
4.524444 -0.039998 -2.333324
4.524604 0.049679 -2.334684
4.522910 0.157290 -2.332903
4.520232 0.246567 -2.334261
4.514022 0.347085 -2.331038
4.509743 0.442716 -2.334780
4.507207 0.539763 -2.342815
4.487140 0.653559 -2.334030
4.477502 0.740757 -2.336240
4.461924 0.848232 -2.337629
4.444728 0.946682 -2.335928
4.427891 1.046871 -2.340818
4.412798 1.136465 -2.346825
4.401806 1.220317 -2.355499
4.383020 1.253348 -2.343606
4.359115 1.358112 -2.345446
4.336610 1.442382 -2.350093
4.309260 1.549119 -2.349470
4.281213 1.634933 -2.354643
4.241083 1.757893 -2.356421
4.214899 1.839481 -2.361412
4.172541 1.952208 -2.364983
4.134402 2.048895 -2.366615
4.107445 2.121493 -2.366559
4.085599 2.160310 -2.366933
4.053672 2.242086 -2.372985
4.012524 2.330613 -2.373179
3.992816 2.367357 -2.376597
3.950759 2.456393 -2.376337
3.916928 2.535335 -2.379566
3.914824 2.544224 -2.411055
3.857786 2.647964 -2.417174
3.817930 2.722461 -2.418209
3.749900 2.835447 -2.423090
3.667301 2.960993 -2.413528
3.627756 3.024601 -2.421498
3.541827 3.153042 -2.428821
3.466825 3.255222 -2.433558
3.420627 3.328825 -2.445468
3.377966 3.373077 -2.439574
3.330255 3.438342 -2.450630
3.236761 3.551971 -2.458740
3.201401 3.612573 -2.472208
3.143880 3.642343 -2.460909
3.057663 3.718917 -2.464784
2.984731 3.776538 -2.463247
2.924893 3.825434 -2.462300
2.850813 3.881375 -2.459507
2.816226 3.912027 -2.467192
2.757004 3.953485 -2.462785
2.649565 4.030269 -2.464503
2.573710 4.080826 -2.465285
2.520084 4.120227 -2.468508
2.456114 4.158901 -2.466834
2.401341 4.208005 -2.486019
2.328066 4.239437 -2.469043
2.275260 4.268552 -2.470374
2.207517 4.309900 -2.473162
2.161641 4.333580 -2.471070
2.065376 4.383335 -2.470776
2.024163 4.410219 -2.475808
1.954162 4.442454 -2.474022
1.822343 4.510697 -2.480782
1.739406 4.542855 -2.478090
1.656380 4.576909 -2.479379
1.622633 4.609217 -2.493142
1.553775 4.619714 -2.480810
1.552821 4.630468 -2.507945
1.459161 4.667371 -2.509567
1.336749 4.715111 -2.512176
1.240144 4.743840 -2.515338
1.156406 4.769878 -2.514162
1.033048 4.809976 -2.518690
0.951278 4.825903 -2.515588
0.855030 4.850132 -2.515002
0.754703 4.873479 -2.519199
0.718909 4.901594 -2.529280
0.630420 4.909214 -2.526481
0.556394 4.916459 -2.525379
0.444144 4.927131 -2.523988
0.353564 4.934103 -2.524391
0.243339 4.939142 -2.523844
0.149206 4.942721 -2.523484
0.046787 4.939480 -2.521065
-0.048008 4.925736 -2.516201
-0.136018 4.914927 -2.514788
-0.243763 4.907483 -2.507844
-0.340930 4.864952 -2.482502
-0.446078 4.842457 -2.477817
-0.548486 4.817215 -2.472379
-0.640594 4.815113 -2.472335
-0.660828 4.781987 -2.461862
-0.743816 4.760426 -2.457138
-0.857551 4.724506 -2.448655
-0.919909 4.711918 -2.444025
-1.041374 4.662118 -2.435046
-1.149150 4.623325 -2.428479
-1.229048 4.614312 -2.430997
-1.245093 4.581865 -2.422170
-1.355840 4.539057 -2.417358
-1.432634 4.515612 -2.416590
-1.467698 4.485465 -2.412313
-1.543861 4.455360 -2.411609
-1.624422 4.422694 -2.408333
-1.755795 4.332906 -2.382008
-1.810361 4.307901 -2.376419
-1.856289 4.264069 -2.373411
-1.922854 4.226467 -2.366450
-2.028551 4.131625 -2.346772
-2.082505 4.074234 -2.333921
-2.139127 4.022644 -2.324311
-2.223768 3.941898 -2.308458
-2.276478 3.876278 -2.287769
-2.326983 3.828132 -2.281446
-2.376645 3.767363 -2.271797
-2.422745 3.723256 -2.264129
-2.471737 3.658384 -2.252264
-2.513830 3.617950 -2.244174
-2.557466 3.557124 -2.234237
-2.643844 3.449711 -2.218362
-2.726407 3.346768 -2.207073
-2.737986 3.330168 -2.190819
-2.774131 3.274048 -2.186432
-2.816643 3.223435 -2.178738
-2.855907 3.158825 -2.172826
-2.935788 3.040963 -2.156100
-2.980686 2.964129 -2.147273
-3.011072 2.929657 -2.138581
-3.050387 2.857127 -2.132202
-3.122000 2.736690 -2.118786
-3.170182 2.642727 -2.110355
-3.203560 2.613067 -2.107120
-3.226019 2.546165 -2.090625
-3.271393 2.454130 -2.085098
-3.323334 2.345931 -2.076243
-3.368141 2.247432 -2.067690
-3.388819 2.182603 -2.066709
-3.417991 2.138232 -2.056196
-3.449857 2.054764 -2.051226
-3.484208 1.952756 -2.046800
-3.507265 1.922171 -2.036897
-3.527685 1.851823 -2.035292
-3.562307 1.748873 -2.028956
-3.610517 1.617023 -2.017625
-3.624845 1.551413 -2.017929
-3.656964 1.441039 -2.011933
-3.679929 1.342819 -2.011243
-3.692725 1.264629 -2.011871
-3.709163 1.244973 -2.005975
-3.730627 1.146245 -1.992023
-3.752306 1.046136 -1.989877
-3.768403 0.957774 -1.987211
-3.786014 0.842527 -1.986139
-3.794003 0.766508 -1.984928
-3.814048 0.644211 -1.981777
-3.823371 0.549888 -1.980808
-3.832219 0.459542 -1.979664
-3.841234 0.350034 -1.978907
-3.844187 0.257793 -1.979676
-3.849362 0.148803 -1.978292
-3.851354 0.060237 -1.979290
-3.851425 -0.050367 -1.979643
-3.850309 -0.147414 -1.980929
-3.846568 -0.259645 -1.982213
-3.840307 -0.356065 -1.983507
-3.835430 -0.443371 -1.985209
-3.825947 -0.548179 -1.987747
-3.816910 -0.640316 -1.988355
-3.796899 -0.769080 -1.991463
-3.788192 -0.847680 -1.991346
-3.782563 -0.851851 -2.007971
-3.767097 -0.952812 -2.011005
-3.749817 -1.049063 -2.013585
-3.726786 -1.166317 -2.016734
-3.692885 -1.270173 -2.026669
-3.683204 -1.353060 -2.027986
-3.654752 -1.455420 -2.034524
-3.635138 -1.545541 -2.042043
-3.621411 -1.647527 -2.058522
-3.593483 -1.745305 -2.077575
-3.586513 -1.844620 -2.085906
-3.568115 -1.940669 -2.092786
-3.564734 -1.947312 -2.111687
-3.539734 -2.059424 -2.123870
-3.522038 -2.140068 -2.135972
-3.485476 -2.267584 -2.160058
-3.462039 -2.361907 -2.176434
-3.440794 -2.436649 -2.186237
-3.411145 -2.543097 -2.213871
-3.389312 -2.580455 -2.219812
-3.373514 -2.641067 -2.227668
-3.334929 -2.750971 -2.249406
-3.273208 -2.867315 -2.266440
-3.224037 -2.941471 -2.269952
-3.143480 -3.050335 -2.281876
-3.097884 -3.087561 -2.288547
-3.074708 -3.139380 -2.286765
-2.971875 -3.268893 -2.292014
-2.921535 -3.324558 -2.312023
-2.872469 -3.376667 -2.316811
-2.827884 -3.430989 -2.317250
-2.778846 -3.480028 -2.326181
-2.731159 -3.541274 -2.332403
-2.650439 -3.649714 -2.355937
-2.559246 -3.763756 -2.379232
-2.481523 -3.858731 -2.388881
-2.467536 -3.867666 -2.408860
-2.430385 -3.914754 -2.412155
-2.353364 -3.961546 -2.414449
-2.283023 -3.993690 -2.414194
-2.249937 -4.022793 -2.413261
-2.148952 -4.075872 -2.414278
-2.086425 -4.094884 -2.414460
-2.041914 -4.133946 -2.414940
-1.971472 -4.175977 -2.420896
-1.841325 -4.267235 -2.432590
-1.784787 -4.293581 -2.445628
-1.746267 -4.330146 -2.442712
-1.654345 -4.382573 -2.457377
-1.591617 -4.399086 -2.456452
-1.535528 -4.455043 -2.467665
-1.476730 -4.482335 -2.474732
-1.355373 -4.552425 -2.485782
-1.281310 -4.586383 -2.489892
-1.152316 -4.642713 -2.511893
-1.057337 -4.661950 -2.514294
-0.942359 -4.683811 -2.511222
-0.868933 -4.691125 -2.511972
-0.750210 -4.695878 -2.499223
-0.652579 -4.733533 -2.493131
-0.552070 -4.743892 -2.492182
-0.452356 -4.752188 -2.491791
-0.347396 -4.758908 -2.491610
-0.236002 -4.766495 -2.491766
-0.151469 -4.767943 -2.491121
-0.040583 -5.458205 -2.389325
0.049934 -5.454385 -2.386684
0.152456 -5.452840 -2.388734
0.242135 -5.450127 -2.387644
0.349279 -5.445728 -2.386726
0.449550 -5.438123 -2.389165
0.546668 -5.431625 -2.388220
0.649587 -5.421853 -2.388678
0.689661 -5.394778 -2.392837
0.768608 -5.384496 -2.393372
0.858080 -5.391600 -2.393364
0.951559 -5.381720 -2.390015
1.051098 -5.365130 -2.392257
1.156632 -5.347481 -2.391681
1.245640 -5.331162 -2.391352
1.278339 -5.279345 -2.393536
1.374844 -5.279575 -2.395940
1.460097 -5.274811 -2.414037
1.549680 -5.253753 -2.414029
1.645645 -5.228178 -2.412453
1.692260 -5.198367 -2.411212
1.772782 -5.189311 -2.412870
1.848079 -5.167773 -2.417335
1.968487 -5.126546 -2.413406
1.994437 -5.097911 -2.416629
2.069452 -5.076939 -2.412278
2.128609 -5.051096 -2.416950
2.262894 -4.976752 -2.414247
2.273951 -4.984441 -2.392600
2.350492 -4.943403 -2.390740
2.351711 -4.847231 -2.389854
2.462681 -4.880233 -2.389755
2.540848 -4.838093 -2.386306
2.657366 -4.767982 -2.384471
2.734459 -4.722971 -2.380692
2.784991 -4.684843 -2.383779
2.851444 -4.647445 -2.380785
2.963811 -4.575564 -2.381139
3.034279 -4.531672 -2.379572
3.150830 -4.451061 -2.379320
3.264415 -4.366681 -2.380179
3.322189 -4.327146 -2.377861
3.372745 -4.283258 -2.381022
3.488149 -4.189137 -2.381202
3.547864 -4.143494 -2.377533
3.587780 -4.095072 -2.385177
3.652197 -4.050784 -2.378051
3.698459 -3.988734 -2.393851
3.753804 -3.956761 -2.377729
3.863810 -3.850212 -2.377158
3.957786 -3.750525 -2.375088
3.989749 -3.694492 -2.387853
4.039475 -3.648658 -2.370753
4.088003 -3.580185 -2.371425
4.116602 -3.544236 -2.368560
4.166920 -3.456120 -2.360489
4.230488 -3.349058 -2.354575
4.274799 -3.263368 -2.348741
4.337569 -3.152599 -2.339709
4.410381 -3.028656 -2.329262
4.445166 -2.954017 -2.328269
4.484360 -2.871840 -2.319287
4.542644 -2.757818 -2.319949
4.583690 -2.655628 -2.316384
4.646455 -2.537776 -2.324681
4.675506 -2.454492 -2.318982
4.722518 -2.353860 -2.317800
4.718357 -2.357643 -2.283636
4.758147 -2.253171 -2.279037
4.788855 -2.167454 -2.277269
4.834234 -2.041452 -2.271190
4.862902 -1.954187 -2.271437
4.890120 -1.860297 -2.266802
4.906745 -1.829115 -2.269355
4.929061 -1.736167 -2.265795
4.955462 -1.644765 -2.264721
4.979373 -1.548715 -2.260701
4.993731 -1.476419 -2.262778
5.009552 -1.441311 -2.259661
5.027888 -1.348390 -2.256558
5.047540 -1.249492 -2.251861
5.067594 -1.153841 -2.253138
5.084454 -1.052040 -2.246534
5.093890 -0.966904 -2.247509
5.106853 -0.935353 -2.242564
5.116460 -0.854213 -2.246696
5.129549 -0.750350 -2.242769
5.139863 -0.650467 -2.239273
5.150721 -0.554968 -2.241916
5.159185 -0.445813 -2.236236
5.164328 -0.360916 -2.237946
5.171011 -0.254532 -2.238416
5.174172 -0.149499 -2.235100
5.175990 -0.047075 -2.235595
5.176651 0.056707 -2.234105
5.175112 0.150495 -2.232899
5.172334 0.254603 -2.231783
5.168812 0.345639 -2.236274
5.162631 0.450397 -2.233408
5.155397 0.548516 -2.235374
5.145513 0.656613 -2.234351
5.135806 0.750720 -2.234968
5.122725 0.855078 -2.234542
5.112282 0.940246 -2.240494
5.105578 1.028408 -2.243722
5.091030 1.057771 -2.236048
5.078044 1.148236 -2.241012
5.057839 1.256248 -2.241409
5.038845 1.350371 -2.241975
5.016195 1.453431 -2.243427
5.008476 1.515867 -2.258233
4.967282 1.653771 -2.246397
4.943950 1.742741 -2.253625
4.914470 1.846251 -2.254539
4.902698 1.908331 -2.251553
4.879935 1.953885 -2.255156
4.848903 2.056185 -2.261430
4.824828 2.126915 -2.264798
4.806492 2.208838 -2.289159
4.776527 2.259109 -2.264824
4.743795 2.345175 -2.268452
4.715102 2.437405 -2.270517
4.701013 2.510825 -2.285598
4.681385 2.550061 -2.277794
4.649594 2.654353 -2.316478
4.617815 2.747922 -2.322355
4.604470 2.804182 -2.330019
4.576616 2.852291 -2.318241
4.536394 2.946844 -2.319667
4.474620 3.052968 -2.320395
4.422220 3.142673 -2.324062
4.357281 3.244653 -2.326959
4.307657 3.321112 -2.330446
4.230715 3.434635 -2.334870
4.145360 3.552348 -2.338471
4.114937 3.604900 -2.339494
4.068586 3.653441 -2.338462
4.016583 3.724554 -2.345018
3.985595 3.763827 -2.345186
3.938107 3.833544 -2.353030
3.844067 3.959090 -2.359951
3.808210 4.014596 -2.363945
3.759363 4.066627 -2.365633
3.715889 4.116553 -2.373965
3.618576 4.209014 -2.370977
3.555329 4.255941 -2.366891
3.507052 4.308139 -2.376050
3.453403 4.343417 -2.369304
3.351364 4.432815 -2.370255
3.231657 4.540244 -2.374854
3.132432 4.626271 -2.379696
3.073676 4.678444 -2.409763
3.023805 4.723851 -2.409669
2.914965 4.809621 -2.410112
2.840611 4.856636 -2.417925
2.759678 4.912905 -2.418897
2.663965 4.972817 -2.417172
2.622546 5.008031 -2.429096
2.560267 5.029749 -2.419383
2.448550 5.079496 -2.420103
2.408978 5.108542 -2.417571
2.342040 5.125595 -2.420421
2.254853 5.160649 -2.415643
2.130719 5.210918 -2.413632
2.062428 5.232704 -2.414015
1.960171 5.274069 -2.414751
1.924938 5.302242 -2.410797
1.841981 5.325728 -2.417467
1.752288 5.362268 -2.416044
1.633909 5.410333 -2.419382
1.541645 5.438813 -2.416801
1.461118 5.466912 -2.416326
1.327938 5.514349 -2.419015
1.253908 5.535608 -2.421440
1.143263 5.559864 -2.421115
1.042198 5.575528 -2.419208
0.951173 5.607580 -2.428875
0.833707 5.607997 -2.419082
0.758396 5.615180 -2.418644
0.653510 5.624072 -2.415712
0.548177 5.632828 -2.416475
0.447250 5.640173 -2.415428
0.354148 5.645471 -2.414037
0.243748 5.649678 -2.414503
0.147908 5.653567 -2.414721
0.061739 5.653487 -2.414627
-0.050161 5.638221 -2.413240
-0.146145 5.621925 -2.407791
-0.247689 5.609626 -2.394080
-0.348703 5.566100 -2.374648
-0.456959 5.537121 -2.365466
-0.539370 5.518951 -2.360624
-0.638836 5.511009 -2.362268
-0.658283 5.480329 -2.349897
-0.747125 5.455536 -2.344494
-0.844147 5.426463 -2.337769
-0.952145 5.414059 -2.337618
-1.040527 5.372258 -2.329759
-1.152436 5.349586 -2.329769
-1.248634 5.326599 -2.330111
-1.331561 5.311381 -2.330314
-1.468467 5.270275 -2.329873
-1.539403 5.250792 -2.330149
-1.654452 5.216095 -2.330519
-1.744182 5.205269 -2.337820
-1.754157 5.179983 -2.329882
-1.854264 5.146583 -2.330025
-1.940238 5.113627 -2.329542
-2.050223 5.038711 -2.319460
-2.135587 5.002088 -2.316498
-2.157123 4.963524 -2.311435
-2.230111 4.920801 -2.309079
-2.334440 4.837933 -2.285343
-2.458318 4.739457 -2.274603
-2.548573 4.665852 -2.265355
-2.612416 4.617692 -2.259452
-2.675075 4.559029 -2.252347
-2.738578 4.506542 -2.248517
-2.767489 4.474464 -2.243085
-2.865915 4.360153 -2.224628
-2.936897 4.264453 -2.210535
-3.031958 4.133544 -2.181788
-3.073959 4.059571 -2.170714
-3.110025 4.019815 -2.162423
-3.150731 3.944913 -2.149806
-3.220899 3.833217 -2.130274
-3.268203 3.740745 -2.118552
-3.319695 3.654528 -2.109048
-3.329559 3.637002 -2.091393
-3.368680 3.561578 -2.085282
-3.427705 3.442856 -2.069096
-3.471948 3.347919 -2.054900
-3.515948 3.256200 -2.040476
-3.558822 3.153984 -2.025935
-3.588541 3.065043 -2.016385
-3.610942 3.037750 -2.010731
-3.629988 2.968820 -2.006593
-3.639514 2.952830 -1.991235
-3.675509 2.856151 -1.981682
-3.689629 2.781382 -1.981073
-3.717196 2.738074 -1.965076
-3.746845 2.648351 -1.955174
-3.781787 2.561796 -1.946923
-3.834426 2.440576 -1.937367
-3.868756 2.351205 -1.929952
-3.915310 2.234177 -1.920496
-3.945218 2.151118 -1.918233
-3.983977 2.063507 -1.916342
-4.013205 2.020802 -1.914112
-4.036197 1.943045 -1.914435
-4.075786 1.848585 -1.914043
-4.113832 1.759538 -1.909371
-4.153651 1.641965 -1.911118
-4.181453 1.552959 -1.911136
-4.218309 1.448888 -1.909383
-4.244694 1.349121 -1.910359
-4.271912 1.244172 -1.910465
-4.288460 1.170304 -1.910099
-4.305293 1.126707 -1.907084
-4.319160 1.048928 -1.908280
-4.339549 0.946370 -1.908848
-4.357436 0.846038 -1.907970
-4.373486 0.738932 -1.908027
-4.384627 0.657724 -1.908480
-4.393659 0.554636 -1.909238
-4.406384 0.528176 -1.905774
-4.417899 0.441110 -1.908589
-4.432197 0.355454 -1.911927
-4.446847 0.257835 -1.914717
-4.465478 0.145394 -1.919786
-4.476331 0.059519 -1.923335
-4.486638 -0.047057 -1.927346
-4.483642 -0.149638 -1.928767
-4.479594 -0.261716 -1.930532
-4.472743 -0.339868 -1.929172
-4.461388 -0.467918 -1.931221
-4.452932 -0.541524 -1.931383
-4.438980 -0.646754 -1.931972
-4.408023 -0.847205 -1.930831
-4.394534 -0.874183 -1.936072
-4.382174 -0.952933 -1.934072
-4.362312 -1.039174 -1.934041
-4.333406 -1.152235 -1.934388
-4.314649 -1.230487 -1.933176
-4.294833 -1.278712 -1.940715
-4.284015 -1.322875 -1.934721
-4.240084 -1.457920 -1.937308
-4.217737 -1.536065 -1.936237
-4.185199 -1.656946 -1.946052
-4.170910 -1.739084 -1.953826
-4.154337 -1.844858 -1.966303
-4.136837 -1.949320 -1.979537
-4.118460 -2.055324 -1.987537
-4.098866 -2.096732 -1.996159
-4.093393 -2.158334 -1.993237
-4.087953 -2.155483 -2.011934
-4.073091 -2.250201 -2.018423
-4.043690 -2.369722 -2.033983
-4.023701 -2.440585 -2.040056
-3.985860 -2.563149 -2.058406
-3.968612 -2.654053 -2.073319
-3.944619 -2.742150 -2.084812
-3.920478 -2.847707 -2.112343
-3.897815 -2.872735 -2.116642
-3.886417 -2.952635 -2.123565
-3.862086 -3.049391 -2.141850
-3.831978 -3.155711 -2.161479
-3.810721 -3.230896 -2.173688
-3.788278 -3.258671 -2.180371
-3.754268 -3.337788 -2.185795
-3.669773 -3.458204 -2.190657
-3.630396 -3.525146 -2.212499
-3.568444 -3.651862 -2.228219
-3.519756 -3.752972 -2.245311
-3.491090 -3.782860 -2.253536
-3.459298 -3.860073 -2.264162
-3.388465 -3.979817 -2.283673
-3.357704 -4.039714 -2.287953
-3.342645 -4.061768 -2.307875
-3.278210 -4.160813 -2.319671
-3.233031 -4.240468 -2.330925
-3.151577 -4.361704 -2.356289
-3.083185 -4.450737 -2.371256
-3.017936 -4.531535 -2.383111
-2.961604 -4.565840 -2.383784
-2.875197 -4.599728 -2.378088
-2.851918 -4.636865 -2.383132
-2.766770 -4.685797 -2.385542
-2.646251 -4.757203 -2.384469
-2.576872 -4.789730 -2.383826
-2.533425 -4.820165 -2.383832
-2.445578 -4.862882 -2.383883
-2.373603 -4.891900 -2.385371
-2.334997 -4.919462 -2.384100
-2.258120 -4.952804 -2.384317
-2.171899 -4.986683 -2.382016
-2.044961 -5.047213 -2.385417
-1.984642 -5.078289 -2.385999
-1.859048 -5.163242 -2.392697
-1.841107 -5.169795 -2.413531
-1.786009 -5.193450 -2.421571
-1.754916 -5.220369 -2.417781
-1.650649 -5.248317 -2.416592
-1.549588 -5.272757 -2.415188
-1.456269 -5.290337 -2.414418
-1.370909 -5.293810 -2.403873
-1.253324 -5.333544 -2.412351
-1.144167 -5.362647 -2.394597
-1.055486 -5.376943 -2.392710
-0.947005 -5.389777 -2.394036
-0.872728 -5.392945 -2.395607
-0.738703 -5.396048 -2.396667
-0.648556 -5.428858 -2.390491
-0.546547 -5.439001 -2.391434
-0.449222 -5.445557 -2.389141
-0.349722 -5.450940 -2.389980
-0.249654 -5.454807 -2.390228
-0.158958 -5.459043 -2.388550
0.051477 -0.349247 -0.033017
0.167719 -0.319478 -0.031698
0.245856 0.375777 -0.026047
0.141914 0.331087 -0.032064
0.061363 0.350493 -0.028704
-0.047220 0.350766 -0.029035
-0.152451 0.317385 -0.030387
-0.179189 -0.293911 -0.035017
-0.053266 -0.346086 -0.032012
0.043547 -0.457660 -0.031408
0.171487 -0.429215 -0.027964
0.255364 -0.375181 -0.032632
0.384471 -0.261497 -0.026261
0.442081 -0.153750 -0.029599
0.464903 -0.060281 -0.029090
0.467810 0.034863 -0.027622
0.436493 0.170028 -0.025951
0.422265 0.215485 -0.032313
0.385605 0.263587 -0.023395
0.227868 0.416304 -0.033393
0.168918 0.431956 -0.024268
0.073329 0.458101 -0.024531
-0.043432 0.459749 -0.025019
-0.149789 0.433173 -0.026194
-0.217502 0.410315 -0.024984
-0.407596 0.216239 -0.024070
-0.417660 0.175809 -0.024267
-0.448498 0.047219 -0.027136
-0.447572 -0.050611 -0.028905
-0.425695 -0.149658 -0.026806
-0.255700 -0.373887 -0.029554
-0.163676 -0.329629 -0.032070
-0.168603 -0.424807 -0.029754
-0.042984 -0.455797 -0.028756
0.053480 -0.647092 -0.024516
0.166740 -0.629890 -0.024181
0.246317 -0.587558 -0.032634
0.365338 -0.540973 -0.022812
0.543472 -0.369163 -0.023515
0.610372 -0.251396 -0.024559
0.634588 -0.176666 -0.023080
0.655576 -0.068151 -0.021845
0.656363 0.061140 -0.020819
0.636705 0.168405 -0.019982
0.616884 0.236457 -0.021907
0.557866 0.345918 -0.018878
0.533721 0.405904 -0.027868
0.366320 0.544161 -0.018875
0.302693 0.606552 -0.023532
0.243418 0.611875 -0.022704
0.149016 0.635074 -0.016039
0.036450 0.651077 -0.019692
-0.044851 0.648987 -0.015774
-0.162145 0.628508 -0.019752
-0.222803 0.612148 -0.017128
-0.338599 0.550364 -0.017769
-0.499257 0.411032 -0.029103
-0.537007 0.352543 -0.016637
-0.582707 0.264078 -0.019998
-0.606663 0.220379 -0.017471
-0.620354 0.166128 -0.018206
-0.635813 0.076410 -0.019280
-0.638400 -0.051244 -0.020952
-0.620926 -0.160240 -0.020627
-0.588090 -0.248377 -0.023206
-0.534300 -0.354918 -0.022698
-0.382382 -0.484703 -0.029147
-0.362595 -0.532353 -0.023421
-0.244867 -0.593277 -0.026496
-0.199097 -0.589035 -0.026716
-0.166088 -0.624211 -0.026536
-0.051934 -0.646011 -0.024563
0.058530 -1.084100 -0.012884
0.143517 -1.077148 -0.014428
0.264108 -1.054933 -0.014883
0.340915 -1.034053 -0.014785
0.460804 -0.983213 -0.014916
0.545523 -0.944522 -0.013568
0.646291 -0.877841 -0.015085
1.069946 -0.246387 -0.012881
1.085385 -0.139780 -0.011031
1.092003 -0.073110 -0.013117
1.109238 -0.067077 -0.025854
1.109528 0.054637 -0.024815
1.106299 0.129456 -0.027562
1.088526 0.141147 -0.013273
0.670650 0.874514 -0.014874
0.628382 0.913460 -0.011408
0.546672 0.957241 -0.014848
0.423039 1.018147 -0.014858
0.360248 1.039861 -0.013777
0.240229 1.071804 -0.013670
0.154902 1.084083 -0.013713
0.128702 1.104241 -0.006584
0.082700 1.105930 -0.008508
-0.051978 1.107380 -0.007422
-0.115186 1.102994 -0.006450
-0.140347 1.084035 -0.012587
-0.254836 1.060533 -0.013516
-0.350454 1.031885 -0.012124
-0.416605 1.014023 -0.007186
-0.475918 0.976609 -0.012383
-0.553200 0.935669 -0.011487
-0.628238 0.902589 -0.006028
-0.633555 0.879164 -0.012609
-1.068357 0.137860 -0.010667
-1.075233 0.062352 -0.010855
-1.074300 -0.062725 -0.011383
-1.066924 -0.141173 -0.011935
-1.050343 -0.239863 -0.011242
-0.638907 -0.870572 -0.012458
-0.583308 -0.897335 -0.025392
-0.541107 -0.936398 -0.013220
-0.455871 -0.978747 -0.014252
-0.373290 -0.998000 -0.019972
-0.345278 -1.027003 -0.013818
-0.251368 -1.053233 -0.013274
-0.139134 -1.075164 -0.014278
-0.061658 -1.081983 -0.015721
-0.047035 -3.263388 0.051282
0.034073 -3.263879 0.049885
0.146826 -3.260749 0.050343
0.255812 -3.255394 0.051439
0.340266 -3.247457 0.050415
0.449306 -3.234983 0.050696
0.574785 -3.195138 0.041083
0.676382 -3.191617 0.046420
0.738633 -3.182816 0.051400
0.838152 -3.158447 0.050545
0.948843 -3.129143 0.051717
0.977038 -3.098187 0.047784
1.070691 -3.083841 0.052799
1.129595 -3.068578 0.050911
1.253300 -3.022218 0.052533
1.275344 -2.993010 0.047573
1.362767 -2.970741 0.052921
1.456013 -2.930269 0.051452
1.483908 -2.883309 0.040423
1.556954 -2.874113 0.054483
1.634398 -2.834198 0.052368
1.743090 -2.767280 0.052762
1.880717 -2.672377 0.056810
1.945753 -2.632291 0.052955
1.983679 -2.586079 0.049713
2.009579 -2.582140 0.045562
2.563902 -2.035378 0.058082
2.590477 -1.990175 0.054802
2.642028 -1.936653 0.056976
2.681186 -1.873561 0.058854
2.720143 -1.829898 0.055701
2.762121 -1.756483 0.058539
2.827900 -1.651709 0.058581
2.874579 -1.564690 0.060457
2.940432 -1.441976 0.060171
2.979076 -1.349889 0.062396
3.025830 -1.254951 0.058854
3.063303 -1.154624 0.059076
3.111368 -1.034851 0.060860
3.133650 -0.953419 0.060503
3.163178 -0.845423 0.064238
3.184030 -0.763420 0.062729
3.207211 -0.734548 0.042653
3.214100 -0.635842 0.063917
3.230021 -0.545853 0.062379
3.246006 -0.443697 0.065933
3.255768 -0.365483 0.065449
3.265485 -0.265656 0.065702
3.271682 -0.152047 0.066473
3.274998 -0.036504 0.068036
3.274974 0.059348 0.067797
3.272354 0.139075 0.066431
3.266069 0.254401 0.070014
3.258017 0.341249 0.071401
3.245177 0.451256 0.070760
3.232864 0.531706 0.070455
3.213112 0.647280 0.069821
3.209328 0.737108 0.050011
3.187819 0.743888 0.074535
3.159856 0.860771 0.075074
3.135752 0.947639 0.073109
3.113939 1.043722 0.060333
3.089866 1.070295 0.076191
3.066259 1.148731 0.073485
3.028803 1.247647 0.073849
2.975356 1.365102 0.076639
2.936917 1.448864 0.074997
2.908849 1.517312 0.069290
2.876181 1.561000 0.077264
2.830329 1.649092 0.076249
2.759852 1.759745 0.079496
2.726206 1.825355 0.069994
2.628911 1.953889 0.075341
2.621422 2.013721 0.060291
2.038462 2.561768 0.079113
2.002844 2.624124 0.038160
1.948203 2.632250 0.079080
1.867339 2.684658 0.085356
1.843078 2.714264 0.070374
1.733551 2.774551 0.082276
1.712709 2.809656 0.066433
1.651931 2.826890 0.078593
1.521622 2.908511 0.068336
1.442588 2.936791 0.082541
1.348274 2.978320 0.084255
1.325801 3.009961 0.068859
1.240531 3.027152 0.081872
1.125931 3.069758 0.082607
1.017584 3.111906 0.081560
0.944313 3.130659 0.080802
0.831895 3.162054 0.083900
0.765750 3.177767 0.082983
0.768803 3.201819 0.078152
0.632220 3.211287 0.083688
0.552247 3.221275 0.084739
0.461024 3.235866 0.084445
0.357198 3.248195 0.084513
0.253416 3.257411 0.084545
0.127719 3.262839 0.082651
0.046157 3.266803 0.085504
-0.022622 3.266288 0.085621
-0.145408 3.263739 0.086571
-0.249953 3.257147 0.086602
-0.357112 3.246817 0.086604
-0.461686 3.232853 0.086963
-0.552364 3.219059 0.086097
-0.670107 3.212793 0.080368
-0.741070 3.223665 0.065883
-0.844731 3.152542 0.085387
-0.944569 3.125835 0.086542
-1.022975 3.113800 0.079064
-1.139012 3.059154 0.085506
-1.243557 3.019914 0.083388
-1.323979 3.009380 0.070986
-1.345397 2.972261 0.085143
-1.438524 2.930219 0.084090
-1.557337 2.866441 0.085349
-1.633848 2.824764 0.083314
-1.763198 2.743870 0.082098
-1.813240 2.717093 0.084882
-1.865623 2.672996 0.083227
-1.931311 2.630464 0.084667
-2.543953 2.037801 0.080442
-2.587071 1.968034 0.072910
-2.622559 1.937453 0.081985
-2.673539 1.861442 0.078986
-2.705251 1.824524 0.083167
-2.751771 1.745284 0.080183
-2.787243 1.672945 0.073293
-2.822136 1.633915 0.080361
-2.863850 1.555559 0.080068
-2.920521 1.447114 0.080973
-2.970617 1.338413 0.078079
-3.020340 1.228071 0.076948
-3.045825 1.155601 0.078419
-3.083890 1.046324 0.077244
-3.116909 0.956417 0.077826
-3.149930 0.832775 0.076187
-3.170832 0.749353 0.076393
-3.183558 0.666856 0.075333
-3.213541 0.557720 0.074823
-3.227448 0.449879 0.072179
-3.239799 0.345225 0.072433
-3.250076 0.230822 0.069947
-3.253619 0.153973 0.071886
-3.256451 0.058651 0.070570
-3.257039 -0.057317 0.069677
-3.251753 -0.160376 0.068993
-3.247809 -0.241768 0.067782
-3.237527 -0.347630 0.070021
-3.225341 -0.452165 0.068416
-3.214160 -0.545870 0.071389
-3.186735 -0.663662 0.066186
-3.170531 -0.737410 0.067137
-3.146121 -0.842808 0.068114
-3.116749 -0.953809 0.067868
-3.079111 -0.979206 0.046785
-3.079378 -1.057173 0.064288
-3.051716 -1.137661 0.066145
-3.019590 -1.229759 0.066145
-2.983809 -1.271012 0.057218
-2.965794 -1.348145 0.064342
-2.924177 -1.439602 0.064168
-2.883710 -1.480280 0.057496
-2.864925 -1.551704 0.063363
-2.825642 -1.624821 0.063561
-2.786218 -1.682605 0.057656
-2.747443 -1.749958 0.062418
-2.684798 -1.840285 0.060164
-2.625120 -1.934460 0.061277
-2.581735 -1.982586 0.057001
-2.033827 -2.549388 0.057711
-1.970955 -2.582682 0.048865
-1.863109 -2.674868 0.055448
-1.768820 -2.669249 0.042227
-1.760803 -2.744599 0.055353
-1.679348 -2.790542 0.053874
-1.553136 -2.866909 0.055256
-1.465697 -2.884599 0.039919
-1.445409 -2.925417 0.053683
-1.281415 -2.987768 0.045732
-1.168475 -3.045036 0.053043
-0.968700 -3.076707 0.042163
-0.861678 -3.147959 0.053191
-0.759432 -3.172209 0.053031
-0.649017 -3.185246 0.044787
-0.448529 -3.233054 0.051590
-0.346274 -3.245502 0.052174
-0.237929 -3.256520 0.051613
-0.155570 -3.260142 0.051887
4.063435 -2.166317 -2.416272
3.890586 2.579778 -2.410368
-0.328544 4.875146 -2.506745
-2.267386 3.885361 -2.308126
-3.724277 1.153364 -2.005752
-0.770875 -4.695474 -2.508036
3.081457 -4.492157 -2.384018
3.300260 4.501021 -2.389811
-3.308093 3.705130 -2.113066
-4.102942 1.814035 -1.912005
-4.425745 -0.725714 -1.931709
-3.661196 -3.468403 -2.207699
-1.350565 -5.316740 -2.414228
-1.150248 -5.354453 -2.411589
0.398477 -0.499606 -0.027746
-0.506041 0.412315 -0.027036
3.089749 -1.069080 0.064818
1.555038 2.875580 0.086032
1.114972 3.100232 0.077229
-1.515356 2.911805 0.067708
-1.945509 -2.619032 0.055918
-3.220335 2.554137 -2.105797
-3.792929 -0.763991 -2.006811
-2.975928 -3.257113 -2.308655
-0.654764 -4.724790 -2.509891
1.288199 -5.298524 -2.407789
1.372719 -5.292199 -2.409581
-2.309201 4.851149 -2.307331
-1.056363 -5.368598 -2.412320
3.196740 -0.680663 0.064734
-3.806412 0.728674 -1.980224
-3.805904 -0.737742 -1.990466
-3.710460 -1.242998 -2.018232
-0.754255 -4.714246 -2.512331
-0.550766 -4.735863 -2.511593
-0.451622 -4.744082 -2.512264
-0.351616 -4.750723 -2.510233
-0.245255 -4.758402 -2.512929
-0.149143 -4.760630 -2.511605
-0.040272 -4.761119 -2.510976
0.949629 -5.375634 -2.414795
1.052227 -5.358738 -2.413359
1.159467 -5.340490 -2.412842
1.240002 -5.326174 -2.414802
2.346187 -4.941184 -2.417233
2.394184 -4.897225 -2.409330
2.464132 -4.873768 -2.416262
4.990106 1.555785 -2.247083
2.954419 4.768888 -2.413955
-2.806102 4.447768 -2.236979
-2.905654 4.321666 -2.217884
-3.406862 3.509043 -2.073635
-3.923014 -2.833546 -2.092028
-0.948659 -5.385819 -2.409650
-0.870663 -5.392357 -2.411073
2.789350 -1.681199 0.050577
-3.115211 1.017124 0.061600
-1.644511 -2.819741 0.055407
0.049211 -4.756056 -2.511574
4.120785 -2.046826 -2.413879
4.495613 -0.466794 -2.341146
1.862551 4.483550 -2.474051
-3.609383 -1.733931 -2.067472
-3.425731 -2.465894 -2.205850
-1.272341 -4.587199 -2.508321
-0.044926 -5.451366 -2.409344
0.243044 -5.443352 -2.410358
0.350355 -5.438718 -2.411257
0.454388 -5.430452 -2.410382
0.547515 -5.426367 -2.413009
0.640968 -5.416181 -2.411573
0.685245 -5.396232 -2.406935
0.764227 -5.390056 -2.410304
0.856423 -5.390650 -2.412020
2.545949 -4.831368 -2.416385
2.668604 -4.754474 -2.413287
2.740637 -4.721920 -2.414301
4.764540 -2.244714 -2.315903
4.782022 -2.161269 -2.309445
4.680317 2.549542 -2.310483
-4.106960 -2.132538 -2.008873
-0.745902 -5.397470 -2.407055
-0.653343 -5.419996 -2.410662
-0.553066 -5.431598 -2.410692
-0.448002 -5.437623 -2.411804
-0.346175 -5.444482 -2.410638
-0.247631 -5.448044 -2.409439
-0.153267 -5.453144 -2.411891
1.092619 0.054718 -0.011713
0.557061 -3.221112 0.053367
2.681597 1.870574 0.084492
-0.728921 3.180805 0.087057
-0.961072 -3.121402 0.052953
-0.537087 -3.221747 0.051880
3.894216 -2.487863 -2.419913
4.093207 -2.069732 -2.412888
4.493869 0.561146 -2.331978
3.951575 2.468824 -2.411831
3.795574 2.745808 -2.421489
3.290237 3.481133 -2.451255
-1.619082 4.417821 -2.389738
-3.302757 2.422007 -2.087002
-1.922750 -4.216266 -2.421760
0.037578 -5.449144 -2.410163
0.146699 -5.448537 -2.410800
2.772016 -4.676004 -2.408452
2.841960 -4.647831 -2.411170
2.957621 -4.571471 -2.410101
3.039393 -4.523627 -2.411863
3.082831 -4.477612 -2.408160
3.148271 -4.450189 -2.411826
3.263436 -4.361581 -2.410390
3.328785 -4.323425 -2.412791
3.370494 -4.275798 -2.409262
3.789559 -3.899078 -2.399276
4.387266 -3.053124 -2.329230
4.395610 3.183458 -2.322256
4.268831 3.373369 -2.322226
-0.140768 5.612001 -2.384220
-2.223443 4.917174 -2.290547
-2.403230 4.807421 -2.287697
-2.503102 4.729480 -2.276636
-3.002825 4.208492 -2.196263
-3.802445 2.547476 -1.945958
-3.902409 2.306425 -1.927628
-4.204508 1.522851 -1.906915
-4.391129 0.650931 -1.891873
-4.407099 0.534253 -1.892057
-4.106810 -2.123770 -1.992141
0.592850 -0.271547 -0.018330
0.593608 0.268212 -0.015339
-3.210531 0.617544 0.069127
0.398496 -4.697184 -2.490873
1.376431 -4.483625 -2.479240
3.397224 -3.190932 -2.459867
4.164597 -1.932968 -2.410181
4.180271 -1.872640 -2.406394
4.297240 -1.489134 -2.387836
4.497667 -0.394901 -2.359595
4.498326 0.482629 -2.334851
4.292686 1.585478 -2.348693
4.191523 1.887543 -2.355102
-0.252592 4.909301 -2.496463
-2.237197 3.920416 -2.292071
-3.208040 2.603766 -2.091461
-3.701469 1.320952 -2.007117
-3.710481 1.241332 -1.991817
-3.802130 0.806522 -1.987508
-3.504690 -2.228987 -2.154355
-3.309558 -2.820974 -2.260662
3.197479 -4.392276 -2.406245
3.488232 -4.184249 -2.410339
3.545905 -4.146290 -2.412192
3.586504 -4.087202 -2.407885
3.651143 -4.051431 -2.411435
3.689881 -3.990538 -2.405443
3.746207 -3.959296 -2.410412
3.858201 -3.852354 -2.410397
3.895519 -3.791623 -2.404930
3.964039 -3.742143 -2.409366
3.979688 -3.696240 -2.402303
4.195927 -3.388406 -2.371915
4.696389 -2.380791 -2.321714
4.837140 -2.036786 -2.308687
4.899009 -1.793792 -2.293833
1.013670 5.600620 -2.426356
-3.502289 3.327435 -2.052056
-4.245634 1.357005 -1.894250
-4.274308 1.253033 -1.893366
-4.304015 1.151823 -1.893221
-4.320752 1.055983 -1.892650
-4.342213 0.955446 -1.891754
-4.362016 0.843393 -1.892004
-4.376265 0.747434 -1.892186
-4.400047 0.644971 -1.896439
-4.415895 0.451229 -1.892602
-4.007358 -2.517489 -2.054389
-3.420205 -3.936948 -2.277191
-3.114578 -4.421278 -2.365209
1.690088 -2.785275 0.050229
3.989379 2.371123 -2.404752
1.615940 4.605357 -2.502579
-1.618723 -4.413309 -2.457446
4.864477 -1.959452 -2.307006
3.648135 4.172778 -2.364848
3.293189 4.479502 -2.374276
3.140090 4.623498 -2.409502
-4.400786 0.638156 -1.903454
-0.602883 -0.235442 -0.017934
0.144896 -4.749160 -2.510374
0.242842 -4.738108 -2.507440
0.941507 -4.615999 -2.466857
1.657216 4.583014 -2.508842
-0.246017 4.888213 -2.512992
-3.587984 1.662952 -2.025377
-3.805767 -0.741674 -2.003146
-3.057200 -3.152218 -2.303737
-1.335780 -4.555605 -2.505217
4.041465 -3.649098 -2.406543
1.675532 5.384840 -2.414528
-0.253574 5.584619 -2.376760
-4.203021 -1.618102 -1.948987
-2.121515 -5.015917 -2.385846
-1.975308 -5.080528 -2.407088
0.237377 -0.610312 -0.022972
0.275471 0.589235 -0.013601
-2.714018 -1.820345 0.061382
0.464286 -4.710571 -2.473117
-1.661047 4.387705 -2.408172
-3.740753 1.060771 -2.004992
-1.432411 -4.515424 -2.477356
0.950240 5.585290 -2.416039
-0.953089 5.387355 -2.328674
-3.004197 4.203690 -2.200350
-2.047549 -5.041350 -2.404042
-0.750225 -5.413796 -2.412222
0.088697 1.087693 -0.015725
-1.979552 2.585305 0.078897
1.965852 -4.299971 -2.500096
3.125557 -3.520373 -2.455030
4.396335 1.179588 -2.337722
4.014975 2.344965 -2.409185
3.085389 3.686994 -2.453795
1.731198 4.550500 -2.507739
1.383885 4.689348 -2.514802
1.075212 4.788120 -2.516138
-1.967620 4.179744 -2.357100
-2.505353 -3.824176 -2.402976
4.513369 -2.824963 -2.320133
4.896863 1.881774 -2.253713
4.715303 2.457656 -2.308561
3.891410 3.887964 -2.351100
3.229525 4.546533 -2.407848
3.180344 4.588582 -2.409528
2.161803 5.190648 -2.418043
-2.257974 4.886263 -2.307510
-1.913140 -5.131861 -2.406943
0.362783 -0.013485 -0.030135
-0.225144 -0.612500 -0.018884
0.542957 -0.881943 -0.010429
-0.050358 1.086392 -0.016472
1.824851 -2.722494 0.051353
-1.819290 -2.713207 0.055437
0.342966 -4.727559 -2.505305
1.729573 -4.410441 -2.470352
1.847661 -4.364593 -2.504286
1.987041 -4.307480 -2.506134
2.065178 -4.264733 -2.504405
2.329218 -4.116858 -2.470615
4.237984 -1.739851 -2.404378
4.062960 2.234817 -2.404777
3.193492 3.590392 -2.456074
1.860719 4.491234 -2.505698
1.822995 4.509797 -2.507458
0.749737 -5.409567 -2.414256
2.223287 -5.009874 -2.415721
2.916839 -4.612381 -2.414041
4.088060 -3.577434 -2.404168
4.816664 -2.126273 -2.313458
4.888454 -1.850971 -2.303668
5.099235 -0.892991 -2.275524
5.097854 0.989010 -2.233123
3.293889 4.483017 -2.403464
-1.969947 5.085780 -2.324107
-3.013716 4.144678 -2.203237
-1.426469 -5.303956 -2.413855
-0.840615 -5.403742 -2.410773
-0.260288 0.588721 -0.015153
0.420045 -1.009148 -0.011307
0.613472 -0.909210 -0.014285
1.019152 -3.112295 0.047764
2.914241 -1.515656 0.053120
3.190210 0.681220 0.080738
1.061400 3.087853 0.083606
-0.670525 3.191931 0.088067
-2.988839 1.288430 0.079139
-0.632666 -3.210328 0.054515
1.634915 -4.441879 -2.502080
1.730828 -4.406949 -2.502929
1.783988 -4.386783 -2.503204
2.152465 -4.221996 -2.503480
2.164873 -4.199620 -2.501528
2.242928 -4.171076 -2.502212
4.267751 -1.660866 -2.402380
-3.810829 -0.635245 -2.003057
-3.573707 -1.871004 -2.104587
-3.106426 -3.107618 -2.282626
-3.008977 -3.208740 -2.309106
1.336504 -5.310388 -2.415437
2.017924 -5.109860 -2.418868
4.119393 -3.558949 -2.404344
4.912134 -1.838377 -2.304813
1.376937 5.487430 -2.416097
-2.391701 4.790819 -2.278968
-2.984932 4.189780 -2.209230
-3.892788 2.276733 -1.926969
-4.118254 -2.070158 -2.004157
-3.905626 -2.929979 -2.121449
-3.735249 -3.349190 -2.203459
-2.449836 -4.855230 -2.403369
-2.320593 -4.918992 -2.403249
-2.261631 -4.946481 -2.404251
-2.111829 -5.013391 -2.402794
0.209518 -0.419897 -0.036533
1.990026 2.591871 0.088676
0.676471 3.189752 0.081854
-1.026676 3.093822 0.087195
0.420558 -4.717251 -2.503326
3.411113 -3.213933 -2.448312
4.308556 -1.516346 -2.366212
4.088674 2.175013 -2.403064
2.389778 4.190705 -2.463090
1.954045 4.446899 -2.504620
-1.728031 4.342909 -2.406461
-2.764599 3.273359 -2.205572
-2.518598 -3.821065 -2.383758
-1.234424 -4.611383 -2.511618
-0.830666 -4.706778 -2.509979
4.945187 -1.724043 -2.302098
4.750356 2.354654 -2.302881
3.349965 4.443157 -2.404365
-0.222598 5.600383 -2.403046
-1.359456 5.293713 -2.328809
-3.351517 3.572157 -2.104941
-3.307857 -4.133635 -2.317301
-2.741501 -4.709742 -2.376436
0.457884 0.996452 -0.017293
1.521832 -2.914272 0.046522
1.425060 -4.507107 -2.468281
4.111021 2.137049 -2.402697
2.087762 4.378878 -2.502522
2.037995 4.405305 -2.503791
-0.422241 4.844385 -2.504708
-2.314026 3.826703 -2.303703
-3.258589 2.452411 -2.104567
-3.753275 0.962220 -2.005072
3.220333 -4.410037 -2.413536
3.916757 -3.811225 -2.412261
4.780540 2.282733 -2.301835
3.756023 4.085573 -2.401509
3.721403 4.120353 -2.401909
3.649744 4.185121 -2.401795
3.555547 4.266604 -2.401727
3.455001 4.350952 -2.401807
-0.236766 5.590141 -2.406580
2.815343 -1.708901 0.040370
-2.890580 1.483579 0.075743
-3.078570 0.977829 0.055801
-3.185360 -0.556193 0.043501
0.523488 -4.705429 -2.471144
3.226643 -3.417621 -2.446053
4.006234 -2.327232 -2.429055
4.204615 -1.857011 -2.408630
4.504034 -0.545278 -2.347740
4.502907 0.635664 -2.359510
4.203975 1.901278 -2.391711
3.704545 2.920387 -2.435740
3.504339 3.217167 -2.452337
-2.180148 3.966623 -2.315350
-3.190884 2.589890 -2.113295
-3.817578 -0.459221 -2.003452
-3.810831 -0.565305 -2.004232
-3.796640 -0.665785 -2.008530
-3.192978 -2.968761 -2.283582
-2.695030 -3.568331 -2.352881
-2.596065 -3.697839 -2.380111
1.734616 -5.208538 -2.415627
2.411846 -4.917654 -2.420285
3.714090 -4.008288 -2.412559
3.810902 -3.917531 -2.412242
4.003721 -3.714167 -2.410469
4.307380 -3.222324 -2.344306
4.610267 -2.646493 -2.336222
5.105661 -1.013347 -2.276201
4.706315 2.501395 -2.308539
-3.292329 3.687555 -2.113070
-3.393923 3.486891 -2.088746
-4.094834 1.781443 -1.915750
-4.394209 0.480449 -1.914766
-4.195463 -1.562593 -1.954040
-3.996017 -2.477268 -2.060139
-3.936116 -2.776413 -2.104626
-3.193596 -4.276585 -2.345024
-2.640033 -4.753680 -2.402739
-2.584514 -4.784216 -2.402671
-2.518126 -4.819751 -2.402579
-2.386847 -4.886432 -2.403712
-2.185179 -4.980507 -2.404717
0.420127 -0.212378 -0.027978
0.410265 -0.524599 -0.044698
-0.477175 0.388895 -0.034758
-0.580821 0.175432 -0.035772
1.106513 -0.130986 -0.029724
0.649151 -3.206804 0.052162
3.005006 1.343477 0.048217
2.814160 1.720096 0.046623
-1.491936 2.894126 0.075887
-3.191604 0.579655 0.065902
-2.567027 -2.015943 0.055811
-1.251452 -3.019402 0.053858
3.505591 -3.102322 -2.451316
3.707648 -2.813931 -2.421256
-0.949928 4.686375 -2.444411
-1.796453 4.296316 -2.384764
-2.685839 3.380596 -2.210304
-3.090601 2.769888 -2.127785
-3.598282 1.592932 -2.036413
-3.770262 0.843655 -2.004831
-3.797260 0.656222 -1.997176
-3.496659 -2.170354 -2.156547
4.505066 3.017371 -2.326902
3.603608 4.227522 -2.402027
3.505689 4.311270 -2.402154
-3.182870 3.876526 -2.144976
-3.659248 2.863593 -2.003703
-4.198757 1.469616 -1.917019
-4.297403 1.081328 -1.918120
-4.096871 -2.069821 -2.007848
-0.582063 -0.171380 -0.038797
0.703618 0.853399 -0.026208
3.012194 -1.320484 0.057282
0.516058 -4.703073 -2.502711
0.549501 -4.696763 -2.501315
1.554279 -4.468509 -2.500942
2.330706 -4.122533 -2.501263
2.425663 -4.062370 -2.500047
4.306250 -1.553969 -2.400493
4.142707 2.063468 -2.401313
2.164182 4.338420 -2.501567
4.169830 -3.481614 -2.400971
4.970295 -1.646499 -2.301265
4.810162 2.206013 -2.300429
-3.999643 1.995924 -1.929845
-3.367652 -3.990048 -2.302572
-2.828986 -4.643126 -2.402278
-2.749790 -4.690778 -2.402535
-2.722353 -4.706840 -2.402686
-1.280019 2.993208 0.092812
-3.199661 0.488576 0.061168
2.318588 4.250773 -2.500352
2.286239 4.269864 -2.500858
2.213043 4.311710 -2.502205
0.649403 4.893831 -2.519155
-3.782938 0.759129 -2.003271
0.802678 -5.405325 -2.419303
-0.302999 5.573092 -2.403305
-2.380738 4.789761 -2.303954
0.618964 -4.685322 -2.500260
1.478577 -4.492073 -2.500197
2.914570 -3.707286 -2.452678
4.500263 -0.647036 -2.374607
-0.513444 4.820208 -2.500060
-1.798506 4.295050 -2.401697
-2.816494 3.195428 -2.200730
-3.300195 2.360394 -2.100011
-3.796158 0.654481 -2.002214
-3.801419 0.609635 -2.001376
-3.807959 0.542196 -2.000750
-3.813662 0.473886 -2.000240
-3.832736 -0.165425 -2.000447
-3.829948 -0.249846 -2.001393
-3.825211 -0.349957 -2.002656
-3.299359 -2.793201 -2.275707
-3.114434 -3.068651 -2.300872
-3.097228 -3.089126 -2.304405
-2.523274 -3.786353 -2.401927
-1.404057 -4.517009 -2.501955
3.401647 -4.275621 -2.412376
4.701014 -2.446487 -2.331568
-2.431196 4.749819 -2.300145
-3.388258 3.494728 -2.100315
-4.110833 -1.988586 -2.001721
-3.598908 -3.549121 -2.228385
-2.956317 -4.563045 -2.402389
1.327149 -3.016728 0.052378
2.605262 -2.018354 0.023797
-0.420158 -1.002869 -0.012047
4.206679 -3.406444 -2.348666
0.857550 5.593801 -2.411994
1.968629 -4.316354 -2.474142
4.207779 -1.816675 -2.363062
-3.499915 1.897194 -2.049542
4.002490 -3.706544 -2.367830
3.172611 4.585036 -2.373502
-1.019502 -3.113803 0.053330
1.457193 4.656321 -2.483010
-1.665445 4.382515 -2.387431
2.916603 -4.610574 -2.377811
3.213941 -4.410398 -2.377636
3.706734 -4.008470 -2.374779
3.810329 -3.907380 -2.375008
3.910314 -3.812858 -2.371244
4.809032 -2.118949 -2.273807
3.070759 4.668350 -2.378998
-2.993034 4.179463 -2.186896
3.892797 2.568074 -2.380836
-3.019854 -3.213746 -2.284986
-2.606718 -3.713314 -2.358935
-2.107417 -4.105939 -2.409501
-1.253941 -4.612605 -2.488165
0.754191 -5.411716 -2.389030
4.693961 2.490447 -2.270943
4.593359 2.799531 -2.310042
-0.847115 -5.411887 -2.390024
-0.753627 -5.420946 -2.391377
4.032282 -2.240619 -2.385833
3.844016 2.658426 -2.385063
1.377121 4.681531 -2.485421
-0.757520 -4.721562 -2.492518
1.346704 -5.311755 -2.391724
1.456712 -5.282861 -2.393927
2.225952 -5.011367 -2.391214
4.681446 -2.446099 -2.285850
4.647427 2.644780 -2.282696
2.948494 4.764145 -2.384276
3.976430 -2.359114 -2.392999
3.811462 2.716681 -2.388725
1.247351 4.731320 -2.489431
-0.249715 4.882092 -2.487331
-3.772602 -0.944721 -1.993217
-1.161986 -4.650758 -2.495195
-1.055532 -4.674562 -2.494945
-0.942246 -4.691040 -2.495637
-0.891946 -4.698992 -2.493460
-0.851897 -4.710076 -2.493098
1.546047 -5.265383 -2.391880
1.655385 -5.236023 -2.393368
1.748310 -5.211043 -2.393159
2.080699 -5.083423 -2.394228
2.136207 -5.057213 -2.392587
2.416758 -4.913473 -2.384851
4.639269 -2.546446 -2.292111
2.846397 4.841507 -2.388198
2.153314 5.186244 -2.386770
2.112323 5.204815 -2.383718
2.060417 5.221237 -2.385088
1.953299 5.267926 -2.386979
-0.053094 5.628193 -2.389282
-2.264557 4.883580 -2.288232
-3.629722 -3.531166 -2.192928
-3.313956 -4.112437 -2.293630
-1.354408 -5.326471 -2.395072
-1.245308 -5.346914 -2.393968
0.659795 0.866032 0.007204
0.540360 0.944857 0.007671
0.412349 1.008213 0.008122
0.365593 1.023929 0.008107
0.247869 1.058023 0.008519
-0.253665 1.052977 0.007595
-0.345766 1.026087 0.008171
-0.405590 1.005895 0.008166
-0.554364 0.929063 0.007503
-0.639557 0.872018 0.007351
-1.190385 4.595140 -2.424539
-3.196253 2.592798 -2.096317
-3.689178 1.329146 -1.993919
-3.694426 1.286722 -1.996178
-3.754990 -1.045084 -1.995249
-3.411782 -2.532337 -2.192139
-2.915159 -3.338006 -2.295500
-2.883761 -3.372660 -2.297292
-2.424326 -3.925678 -2.395492
-2.346285 -3.974929 -2.396409
-2.250481 -4.030829 -2.396171
-2.164550 -4.077655 -2.396594
-2.104620 -4.111867 -2.396265
-2.047482 -4.138660 -2.397023
1.847256 -5.181390 -2.394721
2.023300 -5.114202 -2.393261
-4.214470 1.462040 -1.894983
-4.293632 1.167246 -1.893823
-4.431106 0.364394 -1.894165
-1.797253 -5.197951 -2.398543
-1.486621 -5.295649 -2.397401
-1.432381 -5.311378 -2.395684
-1.079674 -0.066210 0.005048
-1.055867 -0.244225 0.005210
3.937179 -2.436922 -2.394247
1.158058 4.759920 -2.491382
1.968489 -5.139063 -2.394105
4.618644 2.737042 -2.289245
2.251782 5.149270 -2.388169
1.840795 5.317511 -2.389357
-4.156717 1.642651 -1.892714
-4.180512 1.566350 -1.895679
-4.397872 0.536763 -1.893010
-1.543302 -5.284777 -2.397253
1.088974 -0.072894 0.003768
3.744757 2.832443 -2.394063
-1.560110 4.445456 -2.393253
-3.398709 -2.547174 -2.196249
4.609010 -2.626016 -2.286894
2.342119 5.114703 -2.389430
1.100957 0.028437 0.002912
3.872852 -2.552491 -2.395531
1.317588 4.710451 -2.486487
-0.145232 4.893043 -2.503716
0.839042 -5.406029 -2.385619
4.555881 -2.740871 -2.295172
4.594072 2.790166 -2.294699
-1.682767 5.194622 -2.328706
-1.643209 -5.263062 -2.397647
1.064736 -0.249128 0.003794
1.043388 -4.604626 -2.453896
3.828052 -2.632218 -2.394206
3.903998 -2.504283 -2.395674
3.775320 2.781096 -2.391206
3.581269 3.089993 -2.411602
1.081728 4.778170 -2.493199
-0.175994 4.893488 -2.494618
-0.590005 4.793707 -2.463189
-3.295442 2.387104 -2.080913
-3.550820 -2.009068 -2.097976
-1.984988 -4.179082 -2.397929
1.418617 -5.302682 -2.386771
3.467331 -4.213505 -2.374737
3.605728 -4.103478 -2.370861
4.795526 2.193534 -2.253914
4.180390 3.494837 -2.323481
2.772434 4.894218 -2.392143
2.451734 5.067944 -2.392040
1.860547 5.280702 -2.392510
1.754053 5.353437 -2.392043
0.772712 5.594390 -2.409026
-0.582905 5.492710 -2.351685
-3.491533 3.283275 -2.045717
-4.197791 1.494103 -1.897874
-2.915309 -4.604983 -2.379477
-1.935482 -5.123132 -2.389142
-1.770863 -5.223027 -2.396625
0.339844 -1.039558 0.001219
0.420703 -1.011619 0.001372
0.612405 -0.912506 0.001828
0.650334 -0.875010 0.002506
-0.642314 -0.876426 0.002936
-0.616902 -0.923623 0.004450
-0.545729 -0.941162 0.002366
-0.427544 -1.009926 0.002508
-0.351456 -1.031335 0.001731
3.789853 -2.692421 -2.395544
2.173523 4.265248 -2.462635
0.994851 4.797619 -2.501175
0.564829 4.894075 -2.517408
-2.893048 3.094833 -2.161328
-3.735467 -1.140711 -1.998629
-2.852894 -3.412612 -2.298292
-2.315669 -4.002149 -2.394139
-1.812442 -4.315668 -2.422524
-0.939266 -4.702625 -2.491027
0.917105 -5.401255 -2.379416
4.703983 -2.404076 -2.277708
3.489724 4.298301 -2.363297
2.588814 4.998044 -2.401832
1.672461 5.384930 -2.393771
-0.170111 5.595411 -2.383876
-0.888852 5.396509 -2.333516
-2.163780 4.960133 -2.292958
-2.496424 4.696340 -2.266992
-4.450159 0.271646 -1.895336
-4.078029 -2.237877 -1.998244
-3.894214 -2.925975 -2.099387
-3.276448 -4.175038 -2.299080
-0.929829 -5.408117 -2.389017
-0.432753 -0.223304 -0.019967
1.736933 -2.838552 0.034421
1.685821 2.795696 0.093543
-0.578545 3.155731 0.054961
-1.667046 2.795945 0.073816
0.601787 -4.700459 -2.455311
2.509092 -4.004953 -2.459072
2.676846 3.995485 -2.456068
4.516545 -2.819428 -2.292821
4.585270 -2.671105 -2.293737
2.554446 5.023784 -2.393415
2.387367 5.092577 -2.391941
-2.095039 4.993988 -2.310048
-1.802705 -5.206416 -2.395963
0.195584 0.294657 -0.022029
0.737876 -3.227478 0.050548
-3.122136 -1.020800 0.059935
-1.333459 -3.015297 0.039602
4.998866 1.495130 -2.235266
2.663190 4.970651 -2.394088
2.082796 5.173815 -2.387945
0.035210 -1.100080 0.000013
-2.940732 -1.554253 0.037212
0.970286 4.779330 -2.498936
-2.308819 -4.002067 -2.404796
-2.400086 -4.900871 -2.376183
-1.814233 -5.211019 -2.410798
-0.611377 -0.906813 -0.000929
4.092484 -2.091479 -2.381910
-3.613871 3.031641 -1.992860
-3.184867 2.626182 -2.092623
-3.666257 1.425714 -1.993193
-2.954064 4.239773 -2.192145
-4.095842 1.797084 -1.898808
-4.111805 1.770817 -1.892214
0.958822 4.823459 -2.494659
-0.139575 4.909036 -2.492012
-1.478814 4.487511 -2.395211
-2.660701 3.437283 -2.194868
2.736121 4.924303 -2.391437
1.622179 5.408044 -2.392612
0.057410 5.650563 -2.393378
-4.043033 1.943209 -1.894541
-4.083606 1.845056 -1.892516
-4.202233 1.513326 -1.887736
-3.904792 -2.907952 -2.098631
0.550188 -0.941680 0.001463
0.863663 4.847852 -2.493567
-0.070208 4.922467 -2.495859
-1.375420 4.534758 -2.394653
-1.425033 4.513142 -2.392362
-3.130807 2.730671 -2.097280
-3.634674 1.541571 -1.997130
1.543819 5.437504 -2.395372
1.465068 5.465326 -2.394465
0.759293 5.613618 -2.394691
0.654639 5.624572 -2.393972
0.546153 5.633730 -2.394630
0.439520 5.641397 -2.394238
0.348855 5.646554 -2.394696
0.241770 5.651126 -2.394199
0.146730 5.653939 -2.393976
-2.062534 5.035483 -2.294839
-2.902611 4.325051 -2.195796
-3.290954 3.717703 -2.092627
-3.598444 3.073082 -1.994395
-3.954177 2.145915 -1.896444
-3.992456 2.061719 -1.895041
-4.468014 0.166541 -1.899244
1.118195 3.069556 0.104072
1.055384 3.091620 0.104288
1.001383 3.109474 0.104261
0.936404 3.129396 0.104829
0.827662 3.159816 0.104991
0.688865 3.192738 0.105360
0.614287 3.207803 0.105541
0.558135 3.217959 0.105669
0.457890 3.233501 0.105880
0.350923 3.246717 0.106082
0.246731 3.256064 0.106254
0.123296 3.263009 0.106431
0.047233 3.264660 0.106522
-0.028848 3.264983 0.106604
-0.152421 3.261244 0.106708
-0.256821 3.254604 0.106772
-0.364096 3.244168 0.106813
-0.464710 3.231232 0.106831
-0.558579 3.215975 0.106825
-0.679967 3.192553 0.106793
-0.735656 3.180103 0.106766
-0.937754 3.126074 0.106610
-1.019237 3.100729 0.105757
-1.144942 3.056055 0.106350
-1.251042 3.014026 0.106175
-1.349798 2.970856 0.105985
-1.553980 2.868957 0.105505
-1.804168 2.718339 0.105489
-1.866989 2.675418 0.105274
-1.928825 2.631092 0.105048
-1.989645 2.585381 0.104811
3.675794 2.943954 -2.397016
0.754981 4.874862 -2.496074
-3.724885 -1.202327 -1.999935
4.697008 -2.395080 -2.287947
1.377923 5.494496 -2.393906
0.954807 5.589361 -2.394691
0.842061 5.604223 -2.395142
-4.018463 2.003540 -1.894196
-4.400324 -0.901849 -1.926857
1.434783 2.934852 0.103756
1.338599 2.980024 0.103790
1.233633 3.024806 0.104202
-2.620450 1.942155 0.102182
-2.702908 1.825758 0.101475
0.636621 4.901920 -2.499308
0.024422 4.940379 -2.496716
-1.288648 4.571777 -2.397454
-2.151744 4.016673 -2.299175
4.583168 2.845297 -2.296186
1.316039 5.515260 -2.395149
1.255965 5.534400 -2.396629
1.138965 5.561475 -2.397034
1.039808 5.577100 -2.396128
2.035505 2.556544 0.101072
1.990539 2.591675 0.101368
1.943731 2.626747 0.101514
1.867999 2.680935 0.101833
1.836662 2.702503 0.102011
1.724913 2.774878 0.102610
1.659779 2.814197 0.102940
1.549160 2.876168 0.103465
3.629062 3.014733 -2.399102
4.545904 2.925525 -2.298942
0.322179 4.937577 -2.499945
0.236152 4.941669 -2.499459
0.150089 4.944652 -2.499103
-3.577572 3.127090 -1.999432
-3.925465 2.220429 -1.899449
-2.897044 1.498261 0.100158
1.017455 4.807025 -2.495284
-0.182279 0.298614 -0.025240
3.017001 4.716627 -2.377872
0.866433 5.599703 -2.395191
-0.212610 -0.419207 -0.024882
2.603280 5.004451 -2.394271
-3.294749 3.690826 -2.099114
-3.212084 -0.635781 0.062353
-2.199465 3.960222 -2.299313
-3.601593 -1.812779 -2.088115
-3.703871 -3.425049 -2.197343
2.975331 -1.270113 0.049551
2.792219 1.688304 0.076747
-3.704279 -3.418211 -2.202401
-3.603504 -3.610687 -2.227928
2.891244 1.492497 0.058786
0.449651 0.982329 0.005439
3.712404 2.900423 -2.397875
3.390855 4.397186 -2.361114
2.904783 4.807769 -2.382946
1.082625 0.127918 0.002865
-2.683278 3.385267 -2.198099
2.608694 -4.805325 -2.372366
4.490619 -2.867720 -2.294274
3.686156 -2.847431 -2.399091
3.751677 -2.749270 -2.395218
-2.595220 3.488071 -2.230138
4.454134 -2.942073 -2.297529
-2.899743 4.285433 -2.220705
-0.890594 4.697937 -2.448525
1.492547 2.898506 0.092262
3.703992 -2.814935 -2.397290
-0.094752 4.898128 -2.507804
-3.801241 -0.802757 -2.003570
-3.400667 -2.621732 -2.227383
-3.099544 3.992878 -2.166569
-3.513975 -3.809424 -2.256225
-3.404217 -4.006588 -2.290088
-3.213164 -4.313777 -2.344923
0.403391 0.501395 -0.011565
0.873510 -4.599610 -2.459182
1.241213 -4.490942 -2.456119
1.551056 -4.385056 -2.459268
1.635792 -4.352124 -2.460326
1.836758 -4.267364 -2.463162
2.061216 -4.157681 -2.465456
2.188434 -4.077898 -2.461586
2.249120 -4.037957 -2.459833
2.361379 -3.961204 -2.456730
2.435071 -3.908672 -2.454799
2.456967 -3.892666 -2.454245
2.511304 -3.852194 -2.452907
2.586458 -3.794507 -2.451140
2.649979 -3.744080 -2.449728
2.743601 -3.666682 -2.447799
2.862116 -3.563392 -2.445423
2.913897 -3.513504 -2.443256
2.969500 -3.454641 -2.439540
3.006087 -3.415051 -2.437091
3.068758 -3.344824 -2.432881
3.147368 -3.253208 -2.427583
3.198621 -3.191375 -2.424117
3.240368 -3.139239 -2.421284
3.281400 -3.086664 -2.418493
3.329632 -3.022972 -2.415202
3.376720 -2.958618 -2.411977
3.407609 -2.915431 -2.409856
3.462771 -2.835453 -2.406053
3.533185 -2.728816 -2.401174
3.575279 -2.661814 -2.398241
3.609752 -2.605684 -2.395831
3.643176 -2.549058 -2.393483
3.682555 -2.480774 -2.390708
3.726956 -2.400423 -2.387561
3.751634 -2.354212 -2.385803
3.787715 -2.284507 -2.383222
3.816907 -2.226069 -2.381123
3.856433 -2.143739 -2.378263
3.894512 -2.060872 -2.375489
3.920749 -2.001338 -2.373564
3.941157 -1.953512 -2.372059
3.980411 -1.857345 -2.369141
4.025754 -1.735873 -2.365115
4.057793 -1.637281 -2.360858
4.080560 -1.563093 -2.357810
4.112611 -1.451436 -2.353479
4.142386 -1.339396 -2.349410
4.163857 -1.251992 -2.346438
4.186433 -1.151821 -2.343268
4.209759 -1.038860 -2.339940
4.228461 -0.938208 -2.337216
4.241135 -0.862574 -2.335328
4.259982 -0.736302 -2.332445
4.269924 -0.660423 -2.330872
4.281381 -0.559119 -2.328983
4.291997 -0.445014 -2.327120
4.298786 -0.356191 -2.325841
4.301938 -0.305404 -2.325193
4.305779 -0.229196 -2.324326
4.308782 -0.140251 -2.323484
4.310758 -0.025867 -2.322620
4.310894 0.024974 -2.322321
4.309569 0.126649 -2.321910
4.305669 0.245232 -2.321703
4.301422 0.329895 -2.321724
4.294421 0.431419 -2.321971
4.284275 0.545519 -2.322512
4.276346 0.621515 -2.323007
4.262233 0.735351 -2.324009
4.245076 0.853191 -2.325341
4.231355 0.937223 -2.326463
4.209707 1.054603 -2.328317
4.187407 1.163333 -2.330295
4.161895 1.275932 -2.332623
4.146609 1.338324 -2.334046
4.113910 1.462775 -2.337140
4.085626 1.561977 -2.339864
4.059137 1.648461 -2.342450
4.027341 1.747005 -2.345584
4.006433 1.808384 -2.347663
3.980336 1.881822 -2.350277
3.966867 1.918448 -2.351633
3.924854 2.027953 -2.355889
3.875338 2.148933 -2.360950
3.828217 2.257152 -2.365804
3.800980 2.316985 -2.368625
3.778634 2.364694 -2.370947
3.738346 2.447837 -2.375149
3.708683 2.506958 -2.378255
3.678231 2.565832 -2.381454
3.625732 2.663390 -2.386990
3.569065 2.764153 -2.392991
3.528364 2.833395 -2.397318
3.500720 2.879372 -2.400264
3.465386 2.936552 -2.404037
3.414668 3.016126 -2.409467
3.369987 3.083853 -2.414263
3.334375 3.136179 -2.418096
3.293063 3.195723 -2.422548
3.253433 3.251161 -2.426828
3.171774 3.360969 -2.435672
3.095898 3.458698 -2.443914
3.040552 3.519356 -2.446859
2.970878 3.584631 -2.447191
2.920403 3.630573 -2.447513
2.879580 3.666890 -2.447823
2.817628 3.720646 -2.448375
2.744262 3.782245 -2.449153
2.712484 3.808293 -2.449528
2.648277 3.859695 -2.450358
2.561347 3.926791 -2.451633
2.473023 3.992321 -2.453087
2.439508 4.016443 -2.453683
2.360565 4.071855 -2.455172
2.257462 4.141160 -2.457301
2.199441 4.178743 -2.458583
2.057952 4.266068 -2.461971
1.939731 4.340175 -2.467671
1.841141 4.391837 -2.469108
1.766171 4.428786 -2.470044
1.691412 4.466821 -2.472276
1.539769 4.539690 -2.477150
1.450103 4.580279 -2.480182
1.254845 4.662045 -2.487182
-0.306691 4.900517 -2.488842
-0.724861 4.813016 -2.455808
-1.051147 4.722764 -2.432537
-1.104771 4.706016 -2.428931
-1.369471 4.615054 -2.412074
-1.538438 4.549707 -2.402144
-1.615554 4.517879 -2.397840
-1.742846 4.462547 -2.391054
-1.830994 4.422088 -2.386599
-1.940128 4.361210 -2.377323
-2.019374 4.302747 -2.364827
-2.073055 4.256166 -2.353705
-2.125964 4.209204 -2.342747
-2.188376 4.152334 -2.329828
-2.249638 4.094926 -2.317154
-2.309757 4.036999 -2.304724
-2.378441 3.968778 -2.290533
-2.426586 3.919656 -2.280591
-2.455072 3.890015 -2.274712
-2.520500 3.820430 -2.261214
-2.575359 3.760298 -2.249905
-2.646738 3.679444 -2.235202
-2.755687 3.549929 -2.212789
-2.816793 3.474252 -2.200232
-2.849348 3.432709 -2.193548
-2.889353 3.380555 -2.185339
-2.936395 3.317661 -2.175694
-2.982372 3.254434 -2.166275
-3.019891 3.201503 -2.158594
-3.063931 3.137697 -2.149587
-3.092708 3.094992 -2.143706
-3.135004 3.030692 -2.135069
-3.176262 2.966111 -2.126652
-3.203194 2.922905 -2.121163
-3.242734 2.857877 -2.113111
-3.281253 2.792595 -2.105277
-3.306367 2.748936 -2.100174
-3.355208 2.661296 -2.090262
-3.421346 2.536458 -2.076868
-3.458705 2.462694 -2.069317
-3.491205 2.396078 -2.062759
-3.507072 2.362695 -2.059562
-3.558130 2.251074 -2.049292
-3.592456 2.172682 -2.042403
-3.620726 2.105289 -2.036742
-3.647979 2.037729 -2.031297
-3.674325 1.970025 -2.026043
-3.720086 1.845519 -2.016951
-3.747706 1.766075 -2.011483
-3.777515 1.675046 -2.005606
-3.805762 1.583821 -2.000059
-3.822528 1.526701 -1.996781
-3.847929 1.435149 -1.991837
-3.869011 1.354921 -1.987753
-3.891385 1.263063 -1.983449
-3.917140 1.148041 -1.978538
-3.935937 1.055875 -1.974992
-3.953032 0.963582 -1.971805
-3.975059 0.848673 -1.969769
-3.992649 0.756856 -1.969390
-4.000649 0.710810 -1.969240
-4.011692 0.641591 -1.969061
-4.024562 0.549039 -1.968912
-4.036710 0.444637 -1.968858
-4.051322 0.352111 -1.972059
-4.063041 0.235694 -1.974248
-4.068001 0.130473 -1.974831
-4.069567 0.048552 -1.975270
-4.068893 -0.080202 -1.975939
-4.065943 -0.162086 -1.976348
-4.059059 -0.278930 -1.976915
-4.052984 -0.348892 -1.977241
-4.044601 -0.430387 -1.977613
-4.030896 -0.534809 -1.978069
-4.012481 -0.650349 -1.978554
-3.988269 -0.776722 -1.979057
-3.967966 -0.868054 -1.979402
-3.952897 -0.936591 -1.980551
-3.933421 -1.040334 -1.985140
-3.906977 -1.166921 -1.991305
-3.891224 -1.235852 -1.994948
-3.862930 -1.350543 -2.001450
-3.832074 -1.464968 -2.008491
-3.815720 -1.522078 -2.012206
-3.799407 -1.579406 -2.016459
-3.792214 -1.627955 -2.023491
-3.776411 -1.725433 -2.037898
-3.754143 -1.847924 -2.056512
-3.728964 -1.971123 -2.075823
-3.706693 -2.070171 -2.091777
-3.694808 -2.119857 -2.099931
-3.682370 -2.169660 -2.108216
-3.662936 -2.244520 -2.120824
-3.635137 -2.344696 -2.138076
-3.605378 -2.445226 -2.155784
-3.593651 -2.483021 -2.162555
-3.573494 -2.546111 -2.173981
-3.539422 -2.647331 -2.192679
-3.521681 -2.698040 -2.202188
-3.503328 -2.748832 -2.211837
-3.484426 -2.799692 -2.221609
-3.455034 -2.876103 -2.236501
-3.434738 -2.927119 -2.246586
-3.403231 -3.003748 -2.261950
-3.365589 -3.058215 -2.267699
-3.308800 -3.131198 -2.273876
-3.275634 -3.172464 -2.277477
-3.225093 -3.233862 -2.282957
-3.190874 -3.274456 -2.286662
-3.132621 -3.341304 -2.292959
-3.085256 -3.394264 -2.298072
-3.030891 -3.453088 -2.303931
-2.933054 -3.557571 -2.315867
-2.870319 -3.636065 -2.329425
-2.819204 -3.701877 -2.342181
-2.766697 -3.767079 -2.355010
-2.712800 -3.831637 -2.367909
-2.657514 -3.895518 -2.380874
-2.619808 -3.937670 -2.389555
-2.581641 -3.979578 -2.398255
-2.532951 -4.031425 -2.409170
-2.471559 -4.090049 -2.420554
-2.360979 -4.147919 -2.420609
-2.286228 -4.184394 -2.420312
-2.210861 -4.219427 -2.420003
-2.134909 -4.253007 -2.419683
-2.058487 -4.285358 -2.419354
-2.007237 -4.306102 -2.419128
-1.944154 -4.334061 -2.420565
-1.811199 -4.409885 -2.433596
-1.762323 -4.437040 -2.438737
-1.613644 -4.515813 -2.454357
-1.538016 -4.553443 -2.462291
-1.435996 -4.601927 -2.472982
-1.358496 -4.636827 -2.481094
-1.201326 -4.703239 -2.497523
-1.148256 -4.724272 -2.503064
-1.036554 -4.743403 -2.502686
-0.966166 -4.752044 -2.501307
1.159366 -5.288497 -2.387382
1.478967 -5.197036 -2.389786
1.569213 -5.167691 -2.390636
1.659021 -5.137121 -2.391549
1.733440 -5.110515 -2.392368
1.837000 -5.071645 -2.393598
1.954467 -5.025027 -2.395116
2.069204 -4.971943 -2.394725
2.179763 -4.909883 -2.391053
2.261617 -4.861954 -2.388431
2.369485 -4.796438 -2.385091
2.436080 -4.754475 -2.383102
2.502086 -4.711799 -2.381184
2.541374 -4.685817 -2.380070
2.619301 -4.633095 -2.377919
2.683563 -4.588381 -2.376206
2.759828 -4.533764 -2.374248
2.847527 -4.468637 -2.372110
2.958690 -4.383190 -2.369540
3.019458 -4.334678 -2.368223
3.079595 -4.285518 -2.366976
3.127165 -4.245645 -2.366038
3.259748 -4.130501 -2.363617
3.336223 -4.061308 -2.362357
3.441050 -3.962346 -2.360829
3.536369 -3.868618 -2.359623
3.601138 -3.802648 -2.358914
3.657743 -3.743172 -2.358383
3.748203 -3.645239 -2.357675
3.835798 -3.544894 -2.356802
3.886026 -3.479952 -2.354658
3.921550 -3.429570 -2.352241
3.973887 -3.353512 -2.348669
4.039070 -3.249025 -2.342449
4.092102 -3.155183 -2.335852
4.114300 -3.114811 -2.333084
4.157653 -3.033775 -2.327666
4.213674 -2.925241 -2.320645
4.254138 -2.843434 -2.315554
4.293453 -2.761337 -2.310593
4.318945 -2.706430 -2.307368
4.343888 -2.651394 -2.304204
4.368283 -2.596231 -2.301102
4.392131 -2.540944 -2.298063
4.403851 -2.513255 -2.296566
4.426814 -2.457776 -2.293627
4.476696 -2.332575 -2.287216
4.492714 -2.290718 -2.285149
4.513576 -2.234813 -2.282448
4.543788 -2.150753 -2.278520
4.575975 -2.057103 -2.274312
4.609804 -1.953817 -2.269862
4.641625 -1.850206 -2.265641
4.669130 -1.755795 -2.261965
4.692653 -1.670648 -2.258797
4.707627 -1.613785 -2.256766
4.729094 -1.528361 -2.253832
4.749327 -1.442784 -2.251038
4.768460 -1.357078 -2.248370
4.786298 -1.271232 -2.245850
4.808328 -1.156593 -2.242690
4.828259 -1.041761 -2.239769
4.841898 -0.955527 -2.237727
4.854229 -0.869195 -2.235835
4.868931 -0.753968 -2.233511
4.881612 -0.638622 -2.231418
4.889641 -0.552038 -2.230018
4.896630 -0.465409 -2.228736
4.900596 -0.407632 -2.227961
4.904043 -0.349838 -2.227245
4.908174 -0.263121 -2.226291
4.911951 -0.147467 -2.225216
4.913654 -0.031793 -2.224379
4.913568 0.054965 -2.223908
4.911705 0.170632 -2.223479
4.908831 0.257360 -2.223327
4.904921 0.344065 -2.223294
4.901621 0.401850 -2.223352
4.897803 0.459616 -2.223469
4.891037 0.546225 -2.223764
4.880283 0.661624 -2.224355
4.867514 0.776913 -2.225179
4.856456 0.863286 -2.225967
4.842197 0.963957 -2.227042
4.830950 1.035782 -2.227932
4.811357 1.150563 -2.229541
4.789690 1.265148 -2.231388
4.771989 1.350936 -2.232940
4.746582 1.465117 -2.235218
4.726228 1.550596 -2.237076
4.704621 1.635913 -2.239079
4.689555 1.692702 -2.240490
4.677892 1.735243 -2.241590
4.649508 1.834330 -2.244293
4.623992 1.919081 -2.246747
4.587974 2.031756 -2.250249
4.549842 2.144066 -2.253995
4.509655 2.256001 -2.257979
4.499256 2.283917 -2.259016
4.477986 2.339657 -2.261144
4.436244 2.452107 -2.266781
4.418183 2.510216 -2.271582
4.399608 2.568411 -2.276540
4.370549 2.655700 -2.284114
4.335402 2.751818 -2.291983
4.301169 2.825359 -2.295604
4.272346 2.878719 -2.297057
4.250337 2.918580 -2.298172
4.212994 2.984738 -2.300071
4.172055 3.054834 -2.302167
4.135614 3.115896 -2.304039
4.087490 3.193831 -2.306526
4.046400 3.258317 -2.308661
4.004466 3.322400 -2.310849
3.979527 3.361197 -2.312594
3.931246 3.440579 -2.317686
3.862001 3.550117 -2.325013
3.805027 3.637215 -2.331059
3.778809 3.676207 -2.333847
3.725452 3.753863 -2.339530
3.652176 3.856618 -2.347356
3.567332 3.971298 -2.356442
3.512745 4.027500 -2.357424
3.456208 4.081671 -2.357607
3.364252 4.166955 -2.358074
3.258660 4.260860 -2.358849
3.163089 4.342656 -2.359741
3.031545 4.456258 -2.363513
2.984333 4.498959 -2.366135
2.936465 4.541135 -2.368800
2.888207 4.582993 -2.371490
2.839365 4.624365 -2.374217
2.790005 4.665300 -2.376978
2.740132 4.705792 -2.379773
2.664363 4.765683 -2.384027
2.613216 4.805037 -2.386905
2.535486 4.863132 -2.391288
2.454036 4.914857 -2.393045
2.339093 4.971691 -2.390379
2.281225 4.999294 -2.389097
2.223042 5.026228 -2.387857
2.135220 5.065432 -2.386070
1.959328 5.143822 -2.384608
1.872913 5.187794 -2.387199
1.756351 5.244501 -2.390849
1.667938 5.285568 -2.393734
1.548871 5.338526 -2.397758
1.458694 5.376879 -2.400910
1.245140 5.461274 -2.408757
1.183422 5.484207 -2.411112
0.638575 5.594984 -2.406657
-0.323848 5.603208 -2.375169
-0.754203 5.508437 -2.341935
-1.039247 5.454803 -2.332355
-1.151254 5.440089 -2.333137
-1.263053 5.422918 -2.333931
-1.358703 5.406512 -2.334619
-1.454123 5.388247 -2.335316
-1.549318 5.368407 -2.336019
-1.644219 5.346741 -2.336730
-1.738839 5.323503 -2.337447
-1.801726 5.307027 -2.337929
-1.848782 5.294153 -2.338293
-1.927015 5.271819 -2.338902
-2.045012 5.216803 -2.332127
-2.143640 5.158316 -2.322381
-2.213202 5.115547 -2.315514
-2.281990 5.071936 -2.308730
-2.350057 5.027561 -2.302024
-2.377066 5.009584 -2.299365
-2.430658 4.973197 -2.294091
-2.562643 4.880246 -2.281121
-2.640347 4.823042 -2.273497
-2.750561 4.738538 -2.262700
-2.858434 4.651943 -2.252151
-2.915626 4.604542 -2.246566
-2.963941 4.563319 -2.241853
-3.011869 4.521777 -2.237182
-3.059213 4.479763 -2.232572
-3.129253 4.415969 -2.225760
-3.182462 4.356297 -2.217111
-3.211364 4.316784 -2.210110
-3.267850 4.237329 -2.196198
-3.331501 4.143949 -2.180124
-3.384433 4.063452 -2.166464
-3.410248 4.023031 -2.159683
-3.460490 3.941849 -2.146225
-3.525025 3.833057 -2.128474
-3.579161 3.737390 -2.113129
-3.616441 3.668805 -2.102283
-3.645436 3.613802 -2.093677
-3.680647 3.544895 -2.083007
-3.701273 3.503483 -2.076650
-3.728124 3.448187 -2.068230
-3.773304 3.351224 -2.053659
-3.816471 3.254081 -2.039274
-3.855539 3.161421 -2.025766
-3.896496 3.059393 -2.011102
-3.917799 3.003707 -2.003204
-3.938345 2.948009 -1.995383
-3.971194 2.855177 -1.982487
-4.005380 2.753085 -1.968502
-4.031526 2.669612 -1.957251
-4.064231 2.558427 -1.942479
-4.094459 2.447415 -1.927976
-4.129111 2.361641 -1.921739
-4.186278 2.262693 -1.921744
-4.219613 2.202749 -1.921879
-4.245762 2.154491 -1.922058
-4.284133 2.081617 -1.922442
-4.313580 2.019631 -1.922064
-4.351454 1.931337 -1.920703
-4.382459 1.855092 -1.919609
-4.426595 1.739860 -1.918086
-4.459160 1.649625 -1.916988
-4.485468 1.571760 -1.916126
-4.526556 1.441152 -1.914827
-4.556823 1.335937 -1.913915
-4.584838 1.230143 -1.913113
-4.597933 1.177028 -1.912757
-4.610444 1.123782 -1.912430
-4.628036 1.043666 -1.911996
-4.649606 0.936476 -1.911509
-4.667124 0.837821 -1.911173
-4.681471 0.747888 -1.910943
-4.696539 0.639668 -1.910772
-4.706151 0.558300 -1.910726
-4.716984 0.449609 -1.910759
-4.731023 0.354788 -1.913681
-4.752143 0.232669 -1.919889
-4.764625 0.150780 -1.924133
-4.777294 0.054719 -1.929205
-4.791255 -0.069383 -1.935874
-4.798917 -0.152512 -1.940422
-4.805091 -0.235966 -1.945060
-4.810067 -0.319663 -1.949770
-4.812749 -0.445529 -1.956175
-4.805426 -0.542825 -1.958034
-4.798280 -0.598132 -1.958278
-4.786281 -0.680908 -1.958635
-4.772666 -0.763422 -1.958981
-4.757696 -0.845689 -1.959316
-4.738024 -0.941218 -1.959692
-4.710059 -1.063429 -1.960155
-4.682358 -1.171341 -1.960545
-4.659700 -1.251744 -1.960822
-4.635647 -1.331719 -1.961089
-4.610206 -1.411243 -1.961345
-4.592380 -1.463960 -1.961508
-4.559614 -1.555640 -1.961781
-4.534333 -1.650024 -1.966334
-4.505357 -1.758296 -1.972579
-4.497649 -1.785277 -1.974132
-4.481613 -1.839114 -1.977227
-4.444588 -1.955248 -1.983889
-4.409440 -2.067797 -1.991845
-4.401067 -2.110574 -1.997090
-4.389270 -2.167649 -2.004119
-4.366931 -2.267605 -2.016510
-4.349609 -2.339038 -2.025430
-4.319728 -2.453341 -2.039808
-4.295479 -2.539043 -2.050677
-4.260452 -2.653206 -2.065287
-4.222633 -2.767188 -2.080010
-4.187143 -2.866709 -2.092984
-4.149277 -2.965954 -2.106041
-4.120953 -3.036668 -2.115409
-4.072991 -3.149384 -2.130477
-4.028753 -3.247591 -2.143723
-4.002366 -3.303479 -2.151319
-3.975219 -3.359195 -2.158933
-3.940390 -3.428747 -2.168587
-3.911180 -3.504085 -2.182190
-3.879746 -3.557767 -2.188951
-3.851904 -3.615257 -2.198289
-3.830514 -3.658313 -2.205338
-3.786527 -3.744262 -2.219541
-3.733041 -3.844210 -2.236295
-3.669132 -3.957954 -2.255672
-3.610755 -4.056999 -2.272823
-3.549920 -4.155498 -2.290164
-3.514236 -4.211561 -2.300142
-3.477584 -4.267374 -2.310191
-3.421328 -4.350739 -2.325354
-3.373121 -4.419822 -2.338082
-3.303544 -4.515879 -2.356039
-3.262692 -4.570403 -2.366371
-3.199938 -4.651660 -2.381960
-3.157115 -4.705461 -2.392411
-3.050835 -4.783389 -2.398551
-2.963952 -4.830619 -2.398251
-2.876365 -4.876360 -2.397938
-2.817547 -4.905916 -2.397722
-2.743574 -4.941823 -2.397444
-2.669146 -4.976640 -2.397158
-2.609267 -5.003655 -2.396922
-2.549106 -5.029938 -2.396681
-2.458323 -5.067892 -2.396307
-2.336423 -5.116034 -2.395792
-2.244392 -5.150286 -2.395391
-2.151796 -5.182675 -2.394977
-2.058759 -5.213505 -2.394553
-1.949959 -5.248175 -2.394435
-1.833002 -5.308589 -2.405362
-1.727487 -5.353949 -2.412434
-1.662858 -5.366506 -2.410715
-1.549702 -5.386868 -2.407872
-1.436504 -5.405503 -2.405206
-1.339455 -5.419791 -2.403095
-1.226225 -5.434837 -2.400799
-1.145355 -5.444398 -2.399280
-1.048333 -5.454496 -2.397600
0.211975 0.282698 -0.022083
-0.388574 0.162064 -0.025978
-0.385229 -0.163153 -0.027656
0.393411 -0.184624 -0.019922
-0.561202 0.054276 -0.023064
-0.559747 -0.063015 -0.023667
0.454838 -0.404945 -0.014475
0.495526 -0.341390 -0.014023
0.569639 -0.145988 -0.012787
0.583834 -0.054867 -0.012273
0.584929 0.028403 -0.011838
0.567092 0.159098 -0.011216
0.413028 0.459605 -0.010126
0.395808 0.478539 -0.010080
-0.128364 0.701828 -0.010510
-0.341118 0.667512 -0.011331
-0.585610 0.533728 -0.012764
-0.663568 0.454743 -0.013408
-0.744774 0.340314 -0.014246
-0.776696 0.276929 -0.014671
-0.813784 0.166410 -0.015356
-0.832311 0.048381 -0.016023
-0.827686 -0.097519 -0.016764
-0.813771 -0.167972 -0.017087
-0.785328 -0.253977 -0.017446
-0.739423 -0.347493 -0.017791
-0.697745 -0.413144 -0.018005
-0.491705 -0.599295 -0.018345
-0.448175 -0.623079 -0.018337
-0.347438 -0.664198 -0.018245
-0.137887 -0.700074 -0.017797
-0.032835 -1.165858 -0.003467
0.044609 -1.144185 -0.003410
0.140889 -1.109158 -0.003298
0.365839 -0.989668 -0.002843
0.494127 -0.891270 -0.002429
0.874113 -0.254421 0.000567
0.893192 -0.149060 0.001093
0.899594 -0.085442 0.001414
0.902369 -0.027010 0.001711
0.902280 0.026128 0.001983
0.646897 0.736126 0.007897
0.594127 0.789099 0.008957
0.544446 0.831040 0.008998
0.461363 0.870564 0.009901
0.354923 0.945167 0.008823
0.152866 1.100038 0.008002
0.051227 1.137108 0.008263
-0.052275 1.165778 0.008482
-0.139135 1.183194 0.008631
-0.232807 1.194408 0.008754
-0.351498 1.199181 0.008861
-0.462120 1.189785 0.012282
-0.545875 1.157552 0.014704
-0.659046 1.160333 0.008876
-1.545332 0.360536 0.011703
-1.570130 0.258051 0.011272
-1.564075 0.149117 0.006500
-1.582048 0.058847 0.004794
-1.570800 -0.050461 0.005047
-1.569571 -0.140508 0.004081
-0.860556 -1.038060 -0.005482
-0.844373 -1.105569 -0.002593
-0.742980 -1.130063 -0.004585
-0.635487 -1.171533 -0.005208
-0.566875 -1.194302 -0.005298
-0.493666 -1.196724 -0.003304
-0.432720 -1.249197 -0.006020
-0.358099 -1.232578 -0.004739
-0.250277 -1.201378 -0.003498
-0.156736 -1.190304 -0.003485
-0.331953 -3.766696 0.055997
-0.255843 -3.733274 0.055472
-0.160147 -3.630863 0.044972
-0.051945 -3.570941 0.047247
0.051935 -3.443187 0.036450
0.134470 -3.363380 0.037403
0.242491 -3.341218 0.037103
0.385100 -3.171837 0.060467
0.418276 -3.139979 0.059973
0.470023 -3.057211 0.037358
0.562487 -3.022801 0.029978
0.633696 -2.941996 0.044049
0.677357 -2.875142 0.056199
0.705233 -2.844692 0.055802
0.766604 -2.756543 0.043294
0.834612 -2.717419 0.040321
0.855832 -2.640481 0.055441
0.951332 -2.545092 0.045599
1.048435 -2.444498 0.039532
1.082881 -2.379320 0.021967
1.138669 -2.355135 0.028240
1.167133 -2.264484 0.049594
1.240813 -2.154445 0.048688
1.305241 -2.052856 0.047922
1.585206 -1.522479 0.045021
1.614710 -1.454113 0.044775
1.651440 -1.352323 0.030374
1.662101 -1.238689 0.011369
1.738814 -1.149018 0.017384
1.771649 -1.066915 0.028120
1.785723 -0.960422 0.043822
1.861975 -0.952461 0.015966
1.815496 -0.843586 0.043805
1.834909 -0.756717 0.043846
1.859116 -0.632152 0.043975
1.841871 -0.545626 0.042566
1.838482 -0.443373 0.030703
1.853498 -0.349325 0.018690
1.901095 -0.306845 0.044726
1.905246 -0.250578 0.044916
1.907886 -0.148414 0.031691
1.916055 -0.047604 0.029566
1.922919 0.045482 0.026124
1.925186 0.149622 0.026832
1.931841 0.257357 0.021002
1.893459 0.343132 0.048010
1.878969 0.461157 0.048862
1.864350 0.557032 0.049610
1.848922 0.641988 0.050321
1.852184 0.755196 0.031452
1.835359 0.841315 0.025458
1.798785 0.864661 0.052373
1.773505 0.956996 0.053311
1.766386 1.037800 0.027073
1.734804 1.144216 0.027074
1.521743 1.607086 0.061357
1.487493 1.675294 0.062354
1.464660 1.719022 0.063011
1.420401 1.800810 0.064268
1.376978 1.877111 0.065483
1.325738 1.962826 0.066896
1.265930 2.058188 0.068522
1.238386 2.139999 0.047628
1.176238 2.190887 0.051936
1.141066 2.261950 0.045456
1.046451 2.341092 0.046106
0.979918 2.456404 0.073970
0.941176 2.504249 0.077008
0.866422 2.546941 0.075926
0.828484 2.638252 0.079852
0.784514 2.688297 0.080951
0.736685 2.741198 0.082138
0.650810 2.833426 0.084258
0.547735 2.943635 0.054812
0.450532 3.034328 0.089133
0.394464 3.087399 0.090482
0.366026 3.125305 0.088593
0.267915 3.150091 0.087915
0.132634 3.319545 0.096708
0.056604 3.382716 0.098496
-0.038069 3.430099 0.039101
-0.032496 3.454455 0.100580
-0.153935 3.548503 0.103402
-0.211287 3.591805 0.104729
-0.277885 3.640854 0.106264
-0.311926 3.665492 0.107047
-0.374367 3.726304 0.109069
-0.453070 3.745431 0.109658
-0.555859 3.834355 0.112619
-0.615042 3.873528 0.113962
-0.667003 3.907251 0.115138
-0.719976 3.941088 0.116334
-0.801382 3.992051 0.118167
-0.843016 4.017626 0.119103
-0.942539 4.077520 0.121332
-1.030705 4.129287 0.122460
-1.121080 4.180851 0.125313
-1.183005 4.215467 0.126687
-1.246164 4.250159 0.128086
-1.310586 4.284923 0.129510
-1.376299 4.319749 0.130960
-1.443500 4.354640 0.132439
-1.563948 4.415797 0.135083
-1.634767 4.450799 0.136633
-1.750031 4.476619 0.122734
-1.762125 4.512114 0.139412
-1.855963 4.555933 0.141453
-1.952102 4.599750 0.143540
-1.991263 4.617270 0.144388
-2.070785 4.652295 0.146108
-2.111155 4.669795 0.146979
-2.193136 4.704763 0.148747
-2.255780 4.730953 0.150095
-2.362193 4.774524 0.152380
-2.405546 4.791917 0.153309
-2.471468 4.817960 0.154721
-2.560876 4.852596 0.156631
-2.660032 4.879878 0.130750
-2.749312 4.954044 0.129436
-2.847786 4.948629 0.131689
-2.940032 4.953148 0.125759
-3.049936 5.045705 0.137646
-3.142338 5.062853 0.137614
-3.214361 5.058752 0.143278
-5.855966 5.661307 0.224791
-5.934888 5.671220 0.226378
-6.054802 5.685485 0.228785
-6.176259 5.699121 0.231219
-6.258264 5.707778 0.232860
-6.341050 5.716096 0.234515
-6.424620 5.724068 0.236183
-6.551553 5.735307 0.238713
-6.680069 5.745803 0.241270
-6.766807 5.752287 0.242992
-6.854344 5.758373 0.244729
-6.942682 5.764051 0.246479
-7.031822 5.769309 0.248243
-7.121767 5.774136 0.250020
-7.212517 5.778520 0.251811
-7.350256 5.784184 0.254524
-7.489610 5.788903 0.257264
-7.583590 5.791400 0.259109
-7.678377 5.793396 0.260967
-7.773971 5.794875 0.262839
-7.854177 5.763743 0.259401
-7.967574 5.796238 0.266621
-8.065580 5.796095 0.268531
-8.164386 5.795384 0.270455
-8.271726 5.778764 0.258712
-8.364384 5.792204 0.274339
-8.465569 5.789707 0.276301
-8.567539 5.786586 0.278274
-8.670289 5.782828 0.280260
-8.773814 5.778416 0.282257
-8.878108 5.773337 0.284267
-8.947163 5.759369 0.279527
-9.088974 5.761117 0.288320
-9.195531 5.753944 0.290363
-9.302825 5.746043 0.292417
-9.423217 5.749166 0.291277
-9.519590 5.727992 0.296558
-9.629041 5.717811 0.298643
-9.739187 5.706837 0.300738
-9.850019 5.695055 0.302842
-9.979267 5.674024 0.306322
-10.050405 5.637268 0.307298
-10.186479 5.654696 0.309209
-10.299906 5.639516 0.311348
-10.413944 5.623446 0.313494
-10.554641 5.623787 0.324770
-10.631664 5.560118 0.328402
-10.759541 5.569721 0.319974
-10.886772 5.561154 0.332832
-10.960375 5.518318 0.333860
-11.249047 5.469261 0.343253
-11.345926 5.460795 0.330884
-11.464557 5.435951 0.333078
-11.571844 5.428322 0.351661
-11.726350 5.379454 0.347382
-11.842000 5.345999 0.357637
-11.942713 5.325831 0.341871
-12.050772 5.268054 0.369020
-12.183558 5.264097 0.346270
-12.307623 5.235620 0.363865
-12.425236 5.197748 0.350663
-12.563645 5.175877 0.370777
-12.636432 5.135924 0.378116
-12.788693 5.089305 0.357227
-12.910136 5.050797 0.359410
-13.324032 -6.689117 0.310841
-13.166800 -6.706363 0.307691
-13.010485 -6.722349 0.304566
-12.855117 -6.737102 0.301465
-12.700727 -6.750649 0.298389
-12.547340 -6.763020 0.295338
-12.394986 -6.774240 0.292313
-12.243687 -6.784337 0.289313
-12.093465 -6.793337 0.286341
-11.944342 -6.801268 0.283394
-11.796339 -6.808154 0.280475
-11.649471 -6.814023 0.277582
-11.503757 -6.818900 0.274717
-11.359211 -6.822810 0.271880
-11.215848 -6.825779 0.269070
-11.073681 -6.827830 0.266287
-10.932718 -6.828989 0.263533
-10.792974 -6.829279 0.260806
-10.654454 -6.828723 0.258108
-6.122909 -6.336311 0.172113
-6.033323 -6.316663 0.170461
-5.944771 -6.296821 0.168830
-5.857244 -6.276794 0.167219
-5.770730 -6.256590 0.165630
-5.642962 -6.225952 0.163286
-5.517169 -6.195001 0.160982
-5.434608 -6.174170 0.159473
-5.353007 -6.153202 0.157982
-5.272358 -6.132102 0.156511
-5.192651 -6.110877 0.155060
-5.113874 -6.089535 0.153626
-5.036017 -6.068081 0.152211
-4.959071 -6.046523 0.150815
-4.845445 -6.013989 0.148756
-4.733588 -5.981275 0.146733
-4.660178 -5.959354 0.145407
-4.551778 -5.926322 0.143452
-4.445065 -5.893152 0.141531
-4.340425 -5.859827 0.139651
-4.237413 -5.826393 0.137804
-4.169809 -5.804038 0.136593
-4.102994 -5.781639 0.135398
-4.036961 -5.759200 0.134219
-3.939448 -5.725473 0.132480
-3.843449 -5.691685 0.130771
-3.749308 -5.657837 0.129098
-3.634854 -5.629429 0.135989
-3.573521 -5.645836 0.138445
-3.536554 -5.535936 0.121454
-3.453876 -5.561213 0.123337
-3.359460 -5.510811 0.122205
-3.302735 -5.449385 0.124293
-3.240512 -5.455940 0.124963
-3.165205 -5.451441 0.121586
-3.057165 -5.360059 0.114808
-2.951180 -5.359048 0.116153
-2.866243 -5.307393 0.113568
-2.848943 -5.241719 0.112185
-2.747113 -5.260647 0.111572
-2.635842 -5.148886 0.116771
-2.554719 -5.155128 0.113196
-2.454521 -5.141132 0.113368
-2.352005 -5.066840 0.109331
-2.257179 -5.049936 0.105490
-2.171687 -4.983767 0.101585
-2.046254 -4.934287 0.098889
-1.950652 -4.878717 0.092143
-1.875115 -4.830520 0.096541
-1.833203 -4.743037 0.071939
-1.757749 -4.762170 0.073823
-1.670858 -4.774873 0.068337
-1.650664 -4.663309 0.082301
-1.545680 -4.641598 0.083225
-1.436308 -4.553939 0.078341
-1.358230 -4.561273 0.079619
-1.268448 -4.549942 0.084563
-1.248624 -4.461467 0.080520
-1.152205 -4.450964 0.074414
-1.053861 -4.342306 0.073430
-0.942675 -4.256840 0.065398
-0.844727 -4.258070 0.062915
-0.755846 -4.149371 0.068086
-0.658679 -4.058922 0.060192
-0.559089 -4.063151 0.053898
-0.556100 -3.953409 0.058177
-0.451988 -3.926217 0.047581
-0.361621 -3.861232 0.053969
-0.913749 -0.068629 0.003715
-0.907172 -0.156642 0.003779
-0.889914 -0.252706 0.003904
-0.857503 -0.363806 0.004118
-0.816105 -0.463515 0.004378
-0.763622 -0.556661 0.004697
-0.725066 -0.615076 0.004928
-0.671150 -0.682469 0.005248
-0.613271 -0.743035 0.005587
-0.559548 -0.791162 0.005899
-0.540805 -0.806331 0.006008
-0.459914 -0.862918 0.006473
-0.399263 -0.899373 0.006820
-0.350347 -0.924028 0.007098
-0.256910 -0.961515 0.007627
-0.148151 -0.992934 0.008239
-0.106064 -1.001536 0.008475
-0.045259 -1.010353 0.008814
0.046824 -1.015870 0.009326
0.139130 -1.013614 0.009837
0.249003 -0.998793 0.010440
0.338634 -0.976501 0.010930
0.438977 -0.940614 0.011475
0.565047 -0.877277 0.012153
0.740748 -0.742396 0.013085
0.797065 -0.684128 0.013379
0.837249 -0.634834 0.013586
0.885941 -0.565774 0.013834
0.939052 -0.470588 0.014099
0.986781 -0.357027 0.014329
1.002381 -0.308042 0.014400
1.032175 -0.162019 0.014520
1.036291 0.056359 0.014476
1.002332 0.235933 0.014232
0.990372 0.273732 0.014154
0.960591 0.352884 0.013965
0.920309 0.434887 0.013717
0.848873 0.547066 0.013287
0.749547 0.661500 0.012702
0.256106 0.926421 0.009888
0.133339 0.943471 0.009203
0.054413 0.946425 0.008765
-0.061810 0.938131 0.008124
-0.120687 0.929080 0.007800
-0.202624 0.909984 0.007352
-0.257859 0.892618 0.007052
-0.348894 0.855362 0.006559
-0.434725 0.810527 0.006098
-0.486144 0.777822 0.005823
-0.558384 0.723570 0.005440
-0.634725 0.652798 0.005039
-0.695809 0.585073 0.004721
-0.729949 0.539874 0.004546
-0.776123 0.469771 0.004312
-0.827824 0.369637 0.004057
-0.874418 0.244183 0.003837
-0.898113 0.147086 0.003736
-0.911010 0.048984 0.003695
-1.084714 -0.141880 0.008918
-1.051318 -0.352915 0.009247
-1.026567 -0.435231 0.009441
-0.981136 -0.550078 0.009772
-0.923940 -0.659500 0.010166
-0.868258 -0.743776 0.010534
-0.813624 -0.814989 0.010888
-0.773367 -0.860248 0.011143
-0.712452 -0.920764 0.011525
-0.557594 -1.040360 0.012471
-0.455196 -1.100129 0.013084
-0.368941 -1.139522 0.013593
-0.237405 -1.184633 0.014360
-0.144472 -1.206588 0.014894
-0.057047 -1.219302 0.015392
0.050847 -1.226034 0.016000
0.156607 -1.223357 0.016590
0.255504 -1.210781 0.017135
0.353133 -1.190717 0.017668
0.445158 -1.163526 0.018164
0.534233 -1.128139 0.018639
0.656226 -1.065177 0.019279
0.732389 -1.016265 0.019672
0.782240 -0.978977 0.019926
0.848959 -0.922112 0.020261
0.924454 -0.845024 0.020631
0.970165 -0.791858 0.020851
1.015455 -0.730973 0.021064
1.063834 -0.655141 0.021284
1.094861 -0.598589 0.021419
1.121125 -0.543864 0.021529
1.157170 -0.452461 0.021669
1.187350 -0.353404 0.021772
1.208761 -0.245781 0.021819
1.220390 -0.139823 0.021813
1.222847 -0.050098 0.021766
1.217414 0.042225 0.021674
1.206741 0.126659 0.021557
1.195057 0.186433 0.021452
1.179443 0.248459 0.021323
1.150173 0.337351 0.021099
1.107731 0.438224 0.020794
1.086987 0.479448 0.020650
1.033533 0.569539 0.020291
0.969166 0.659235 0.019870
0.912394 0.725150 0.019508
0.853594 0.784058 0.019140
0.808445 0.824394 0.018860
0.753649 0.867555 0.018524
0.707293 0.900474 0.018243
0.661204 0.929631 0.017966
0.520407 1.002106 0.017129
0.149949 1.092639 0.014996
0.061057 1.095385 0.014497
-0.058145 1.088617 0.013834
-0.133927 1.078042 0.013417
-0.458429 0.969111 0.011675
-0.583085 0.895093 0.011027
-0.755760 0.749695 0.010159
-0.830523 0.665714 0.009797
-0.896926 0.575304 0.009487
-0.921849 0.534602 0.009375
-0.960705 0.464913 0.009204
-1.012514 0.347142 0.008993
-1.046011 0.245419 0.008874
-1.065230 0.162514 0.008823
-1.082885 0.038409 0.008807
-1.316097 -0.037767 0.015657
-1.317239 -0.161458 0.015800
-1.309478 -0.268421 0.015974
-1.303902 -0.313154 0.016060
-1.294513 -0.370020 0.016182
-1.274578 -0.458943 0.016403
-1.249530 -0.547154 0.016653
-1.217925 -0.634004 0.016937
-1.159089 -0.762324 0.017427
-1.116372 -0.839509 0.017763
-1.079533 -0.897510 0.018043
-1.040797 -0.951189 0.018328
-0.969880 -1.039699 0.018838
-0.854870 -1.156436 0.019633
-0.760360 -1.235624 0.020266
-0.688083 -1.286866 0.020738
-0.612361 -1.333555 0.021225
-0.529384 -1.377212 0.021749
-0.497117 -1.392709 0.021951
-0.431083 -1.420775 0.022360
-0.351974 -1.448784 0.022844
-0.229005 -1.483201 0.023584
-0.180357 -1.493423 0.023872
-0.126833 -1.502515 0.024187
-0.032291 -1.513007 0.024737
0.062832 -1.517711 0.025283
0.150587 -1.515663 0.025779
0.230593 -1.509384 0.026225
0.351799 -1.490497 0.026891
0.435741 -1.470450 0.027343
0.563951 -1.429456 0.028022
0.645104 -1.396369 0.028442
0.731639 -1.353562 0.028882
0.812528 -1.306951 0.029285
0.861521 -1.274764 0.029524
0.937594 -1.218729 0.029888
0.986007 -1.178660 0.030114
1.032360 -1.136439 0.030326
1.083006 -1.085984 0.030553
1.132371 -1.030570 0.030766
1.146608 -0.956456 0.010433
1.207357 -0.935318 0.031076
1.249515 -0.846224 0.019326
1.317414 -0.740112 0.021829
1.354199 -0.661336 0.017297
1.392139 -0.576764 0.017670
1.411273 -0.528163 0.013227
1.435214 -0.460053 0.018232
1.461310 -0.360907 0.018570
1.476269 -0.262686 0.021430
1.468394 -0.152662 0.031609
1.467294 -0.060758 0.031491
1.457455 0.059033 0.031290
1.444340 0.144405 0.031112
1.421967 0.242507 0.030866
1.386840 0.355753 0.030529
1.347021 0.456342 0.030181
1.325188 0.503261 0.030000
1.296071 0.559559 0.029767
1.254635 0.629513 0.029446
1.204277 0.705642 0.029068
1.149666 0.776208 0.028672
1.066730 0.868957 0.028089
1.004539 0.929215 0.027663
0.958456 0.968818 0.027353
0.905075 1.011080 0.026998
0.839238 1.056914 0.026569
0.744608 1.114830 0.025961
0.650559 1.162050 0.025370
0.566609 1.197630 0.024850
0.504146 1.219779 0.024468
0.469020 1.230462 0.024256
0.336391 1.263093 0.023463
0.254877 1.276746 0.022984
0.168015 1.285228 0.022480
0.044711 1.288283 0.021776
-0.042150 1.284131 0.021288
-0.140389 1.272178 0.020744
-0.259849 1.248040 0.020095
-0.364352 1.218071 0.019538
-0.408901 1.202536 0.019304
-0.671628 1.071643 0.017971
-0.754383 1.014961 0.017570
-0.777830 0.997131 0.017458
-0.842086 0.943495 0.017158
-0.959835 0.826622 0.016631
-1.031081 0.741379 0.016330
-1.083599 0.667624 0.016121
-1.164007 0.646402 0.006397
-1.146328 0.563439 0.015891
-1.187806 0.481414 0.015755
-1.228145 0.432316 0.010950
-1.268289 0.354228 0.005716
-1.266449 0.266744 0.015569
-1.287350 0.182949 0.015552
-1.300446 0.113008 0.015563
-1.309135 0.049997 0.015590
-1.647604 -0.066586 0.023320
-1.645422 -0.156126 0.025473
-1.644825 -0.246925 0.025661
-1.637035 -0.368739 0.025955
-1.625848 -0.460386 0.026207
-1.624676 -0.546714 0.022410
-1.604081 -0.638839 0.022700
-1.590310 -0.689786 0.022873
-1.571721 -0.750620 0.023091
-1.539320 -0.841004 0.023442
-1.502394 -0.930291 0.023814
-1.484098 -0.969424 0.023989
-1.434294 -1.065829 0.024445
-1.452197 -1.151722 0.017565
-0.946689 -1.668095 0.018763
-0.891607 -1.664177 0.028542
-0.848942 -1.738714 0.017137
-0.732112 -1.761721 0.029595
-0.657414 -1.838200 0.017682
-0.557165 -1.864089 0.023641
-0.471756 -1.876647 0.031228
-0.356258 -1.933453 0.023066
-0.242620 -1.970113 0.019049
-0.132215 -1.957504 0.033223
-0.056585 -1.965723 0.033649
0.031091 -1.971565 0.034135
0.130790 -1.972274 0.034676
0.248003 -1.966049 0.035299
0.335565 -1.956416 0.035755
0.468482 -1.932406 0.036428
0.557409 -1.947579 0.024935
0.649428 -1.882304 0.037311
0.771821 -1.835912 0.037884
0.860851 -1.846999 0.026497
0.942465 -1.742041 0.029041
1.060747 -1.747109 0.027623
1.061947 -1.663818 0.016246
1.136402 -1.622420 0.026794
1.189744 -1.585792 0.020784
1.255322 -1.540375 0.021205
1.297460 -1.490502 0.040063
1.731822 -0.827387 0.041133
1.755422 -0.759303 0.041129
1.763550 -0.629671 0.024705
1.851164 -0.268417 0.028242
1.866725 -0.166244 0.022258
1.822986 -0.041456 0.032679
1.809841 0.043685 0.025532
1.804609 0.139206 0.032748
1.781970 0.254694 0.034369
1.767640 0.339943 0.026475
1.727433 0.454873 0.031493
1.668045 0.559058 0.038105
1.646489 0.642990 0.032487
1.573129 0.732834 0.037255
1.565772 0.850695 0.026472
1.485118 0.861846 0.036529
1.462146 0.965465 0.029856
1.384118 0.984651 0.035744
1.338343 1.033379 0.035402
0.764582 1.426469 0.031534
0.637580 1.474715 0.030752
0.537045 1.505284 0.030149
0.445454 1.527032 0.029610
0.326731 1.548024 0.028927
0.225010 1.559430 0.028354
0.145222 1.563805 0.027913
0.052148 1.564801 0.027407
-0.031847 1.560874 0.026960
-0.168095 1.546190 0.026250
-0.255234 1.531305 0.025807
-0.337118 1.512520 0.025400
-0.456116 1.478009 0.024822
-0.556187 1.441864 0.024350
-0.601329 1.423178 0.024142
-0.666080 1.393628 0.023848
-0.749209 1.350497 0.023481
-0.858058 1.285460 0.023018
-1.330323 0.852269 0.017938
-1.384351 0.767334 0.016610
-1.411333 0.717842 0.016364
-1.443159 0.652196 0.015030
-1.483344 0.558830 0.015594
-1.508633 0.519834 0.020975
-1.533107 0.432545 0.017017
-1.612738 0.207642 0.021015
-1.621151 0.169178 0.021044
-1.640668 0.058684 0.021152
-2.161460 -0.144433 0.036608
-2.167818 -0.229971 0.036853
-2.171769 -0.354098 0.037240
-2.169481 -0.470567 0.037636
-2.163587 -0.565262 0.037980
-2.155163 -0.646794 0.038296
-2.145415 -0.770654 0.018573
-2.151986 -0.841983 0.017405
-2.149993 -0.934170 0.023817
-2.076044 -0.954302 0.022123
-2.042946 -1.055748 0.017525
-2.052020 -1.144488 0.023108
-2.041764 -1.256581 0.018718
-1.956789 -1.262362 0.025641
-1.970807 -1.359698 0.026441
-1.929682 -1.444680 0.015688
-1.863983 -1.536606 0.025719
-1.331386 -2.176133 0.047975
-1.255901 -2.252809 0.040891
-1.184812 -2.289358 0.049174
-1.140339 -2.340066 0.030406
-1.049679 -2.382692 0.042125
-0.940583 -2.438037 0.031061
-0.853665 -2.471777 0.029030
-0.820520 -2.500915 0.051925
-0.728185 -2.529793 0.041020
-0.639744 -2.544282 0.026878
-0.556112 -2.578877 0.035951
-0.510169 -2.618281 0.054062
-0.425851 -2.641435 0.054614
-0.356126 -2.657982 0.055062
-0.252767 -2.628146 0.028015
-0.167460 -2.668254 0.043799
-0.054188 -2.730326 0.045531
0.042781 -2.761862 0.034519
0.146260 -2.750636 0.040691
0.240831 -2.748591 0.041140
0.339591 -2.756742 0.035719
0.370666 -2.654450 0.033423
0.449185 -2.657879 0.040219
0.544437 -2.635121 0.034096
0.638032 -2.636963 0.047570
0.738891 -2.629187 0.061144
0.838941 -2.575741 0.035297
1.041650 -2.518613 0.052617
1.161566 -2.466856 0.047195
1.251867 -2.432498 0.037072
1.246339 -2.342369 0.032249
1.362449 -2.373878 0.044116
1.428100 -2.327111 0.050924
1.452650 -2.232568 0.026453
1.543573 -2.216703 0.064325
1.547961 -2.172890 0.028167
1.638213 -2.130126 0.049712
1.739377 -2.037480 0.031392
1.787498 -1.988995 0.050268
2.238797 -1.222509 0.044154
2.256246 -1.148645 0.031039
2.301018 -1.112872 0.064966
2.319207 -1.064949 0.044858
2.352512 -0.960213 0.034181
2.379518 -0.876652 0.040847
2.383030 -0.768152 0.064294
2.394538 -0.688796 0.064098
2.448485 -0.655626 0.041146
2.406701 -0.566369 0.063764
2.411726 -0.465994 0.063462
2.412467 -0.351993 0.063091
2.408834 -0.253051 0.062745
2.404838 -0.196957 0.062538
2.399540 -0.141213 0.062325
2.387963 -0.051532 0.061964
2.340649 0.039597 0.034538
2.336300 0.134361 0.034551
2.324855 0.251062 0.039748
2.286236 0.362463 0.050275
2.265153 0.451087 0.040633
2.245890 0.545587 0.040929
2.170751 0.650739 0.058428
2.125116 0.739391 0.057879
2.072848 0.774967 0.050346
2.029752 0.851910 0.050044
2.019277 0.915335 0.056703
1.946485 0.963611 0.044605
1.919840 1.053845 0.055687
1.870041 1.072659 0.041910
1.828986 1.151486 0.049161
1.746769 1.245735 0.047232
1.653550 1.345484 0.045818
1.055124 1.756158 0.046639
0.938314 1.793445 0.047717
0.857618 1.847160 0.044409
0.771248 1.851817 0.046582
0.647410 1.885876 0.045771
0.540192 1.948406 0.041764
0.473614 1.960685 0.041435
0.363679 1.936958 0.044003
0.235789 1.947871 0.043246
0.141231 1.951453 0.042700
0.057902 1.950996 0.042232
-0.063978 1.945017 0.041564
-0.157750 1.936059 0.041065
-0.249631 1.956763 0.038067
-0.355499 1.945541 0.036687
-0.397746 1.894339 0.039848
-0.462330 1.878464 0.039536
-0.547666 1.854083 0.039135
-0.660882 1.840209 0.035926
-0.746717 1.783433 0.038245
-0.867833 1.751949 0.031422
-0.970570 1.686446 0.034148
-1.055259 1.643752 0.026456
-1.159443 1.562134 0.027003
-1.652240 1.108702 0.035357
-1.637705 1.057014 0.029797
-1.710221 1.033980 0.035276
-1.772069 0.946442 0.035215
-1.827352 0.860779 0.035185
-1.873148 0.782546 0.035184
-1.960140 0.754176 0.019566
-1.932588 0.669214 0.035222
-1.979627 0.566665 0.035294
-2.030996 0.450599 0.024894
-2.046898 0.345773 0.017251
-2.071393 0.257262 0.026239
-2.117355 0.137668 0.035928
-2.136227 0.042941 0.036134
-2.150094 -0.046931 0.036351
-3.042238 -0.238676 0.046935
-3.048892 -0.351957 0.044129
-3.032455 -0.458234 0.039876
-3.055426 -0.555377 0.052442
-3.096511 -0.662162 0.036594
-3.091041 -0.739389 0.036861
-3.079508 -0.852179 0.027491
-3.047364 -1.340422 0.037241
-3.053012 -1.452936 0.038329
-3.023488 -1.556753 0.047619
-2.957118 -1.652344 0.037465
-2.940710 -1.731549 0.044466
-2.957899 -1.868401 0.050033
-2.949861 -1.943061 0.041310
-2.855444 -2.056153 0.048294
-2.847906 -2.137028 0.046172
-2.747639 -2.242605 0.048311
-2.749182 -2.362393 0.045996
-2.741153 -2.436550 0.052421
-2.079050 -3.259919 0.061091
-2.038237 -3.345434 0.051050
-1.948526 -3.372866 0.055866
-1.849741 -3.450864 0.053253
-1.749917 -3.518345 0.054183
-1.657496 -3.551411 0.047821
-1.652528 -3.660490 0.067130
-1.551480 -3.635030 0.060516
-1.530293 -3.737243 0.059532
-1.452626 -3.759395 0.059555
-1.354606 -3.835787 0.056452
-1.257428 -3.859713 0.062489
-1.155894 -3.926472 0.069022
-1.058133 -3.952191 0.056500
-0.954940 -3.959620 0.055089
-0.968751 -4.029706 0.071824
-0.842900 -4.032744 0.073541
-0.755587 -4.033285 0.056038
-0.638427 -4.116039 0.100672
-0.542820 -4.141272 0.101397
-0.470622 -4.158611 0.101935
-0.263544 -4.198211 0.103418
-0.214386 -4.205553 0.103759
-0.140395 -4.215140 0.104262
0.045647 -4.231527 0.105484
0.132837 -4.235386 0.106034
0.257599 -4.236855 0.106798
0.432312 -4.230685 0.107821
0.556847 -4.220392 0.108515
0.631370 -4.211962 0.108918
0.828884 -4.180542 0.109932
0.938965 -4.157358 0.110464
1.060224 -4.127186 0.111023
1.239581 -4.073204 0.111796
1.357120 -4.031356 0.112266
1.426811 -4.004159 0.112530
1.472819 -3.984986 0.112697
1.575252 -3.939537 0.113054
1.609009 -3.923605 0.113166
1.675889 -3.890545 0.113380
1.749127 -3.851906 0.113599
1.849992 -3.795049 0.113880
1.934515 -3.743351 0.114092
2.051271 -3.665948 0.114351
2.138161 -3.603672 0.114516
2.177398 -3.573894 0.114581
2.245024 -3.520612 0.114681
2.335698 -3.444150 0.114787
2.432189 -3.356296 0.114862
2.525104 -3.265224 0.114897
2.592036 -3.194643 0.114893
2.648712 -3.131442 0.114870
2.726471 -3.038896 0.114804
2.764210 -2.991865 0.114760
3.300189 -2.001616 0.112264
3.325313 -1.925384 0.111974
3.351605 -1.837956 0.111626
3.375774 -1.750321 0.111265
3.389580 -1.695456 0.111030
3.404892 -1.629562 0.110741
3.421050 -1.552648 0.110393
3.435372 -1.475745 0.110034
3.454284 -1.355035 0.109448
3.465526 -1.267417 0.109008
3.475267 -1.169149 0.108498
3.483350 -1.049584 0.107853
3.487505 -0.930723 0.107189
3.487731 -0.823443 0.106569
3.485884 -0.748861 0.106125
3.481468 -0.653554 0.105546
3.475242 -0.569567 0.105021
3.461408 -0.438012 0.104175
3.447316 -0.335410 0.103494
3.431600 -0.240764 0.102850
3.413947 -0.150688 0.102221
3.387184 -0.032260 0.101372
3.362117 0.064887 0.100657
3.348596 0.112872 0.100297
3.362991 0.155792 0.057365
3.360753 0.239467 0.044674
3.133513 0.568609 0.035502
3.090786 0.746489 0.035738
3.057199 0.845317 0.059308
2.976096 0.960272 0.093128
2.922526 1.045698 0.092309
2.861687 1.136062 0.091416
2.773313 1.242172 0.060472
2.712591 1.345328 0.052714
2.666687 1.390872 0.088758
2.650160 1.440197 0.052289
2.557152 1.475676 0.067892
2.542412 1.568287 0.063438
2.433555 1.628380 0.067003
2.386786 1.684086 0.048138
2.336114 1.754982 0.054396
2.273728 1.786538 0.084084
2.254348 1.841279 0.059077
2.163921 1.876372 0.082898
1.433650 2.310748 0.075957
1.347360 2.346434 0.075228
1.275108 2.374341 0.074628
1.153969 2.416516 0.073650
1.041893 2.450867 0.072772
0.859344 2.439209 0.033071
0.752406 2.519652 0.070621
0.644001 2.538503 0.069855
0.550268 2.551447 0.069212
0.444397 2.526903 0.031632
0.364382 2.543469 0.040474
0.244327 2.550655 0.039954
0.152553 2.552514 0.039557
0.064656 2.555657 0.044557
-0.052011 2.544390 0.038656
-0.160927 2.542503 0.047060
-0.227425 2.534352 0.046737
-0.361367 2.533165 0.063797
-0.457677 2.515851 0.063314
-0.515190 2.503953 0.063035
-0.543889 2.444740 0.027664
-0.658000 2.469414 0.062371
-0.735963 2.447781 0.062024
-0.841418 2.414755 0.061577
-0.957476 2.373868 0.061111
-1.035664 2.343512 0.060813
-1.104089 2.314883 0.060565
-1.151667 2.293852 0.060399
-1.261540 2.241439 0.060037
-1.325951 2.208696 0.059837
-1.385325 2.176633 0.059663
-1.437646 2.146972 0.059519
-1.502469 2.108488 0.059349
-1.553799 2.076456 0.059224
-1.629938 2.026484 0.059053
-2.205420 1.529949 0.058447
-2.232891 1.455526 0.031924
-2.300536 1.421697 0.058498
-2.351727 1.359293 0.058550
-2.437327 1.247095 0.058682
-2.497711 1.162449 0.058807
-2.507018 1.148816 0.058830
-2.561610 1.065606 0.058982
-2.631195 0.951195 0.059224
-2.681000 0.862939 0.059434
-2.735987 0.756961 0.059715
-2.777121 0.671799 0.059960
-2.809140 0.600695 0.060178
-2.829651 0.552595 0.060333
-2.874982 0.438355 0.060721
-2.957619 0.346111 0.041100
-2.951119 0.258356 0.039607
-2.954027 0.151180 0.038904
-2.973013 0.067265 0.037934
-3.044433 -0.047181 0.045453
-3.047910 -0.156430 0.038456
-5.055558 -0.340959 0.123980
-5.090526 -0.449162 0.125006
-5.105056 -0.496048 0.125454
-5.123977 -0.559066 0.126062
-5.151351 -0.654691 0.126993
-5.181939 -0.767684 0.128106
-5.194546 -0.816630 0.128593
-5.202770 -0.849443 0.128921
-5.250117 -0.957302 0.120934
-5.271986 -1.041663 0.112239
-5.265935 -1.148133 0.112970
-5.255488 -1.251072 0.113793
-5.310497 -1.366656 0.121648
-5.350770 -1.447975 0.123688
-5.342958 -1.540559 0.124127
-5.351096 -1.645323 0.122715
-5.354716 -1.757098 0.128551
-5.356483 -1.855377 0.126944
-5.363433 -1.953391 0.125444
-5.378397 -2.044144 0.118959
-5.357832 -2.159256 0.119004
-5.400848 -2.196091 0.143356
-5.404267 -2.272164 0.144227
-5.406792 -2.348787 0.145110
-5.459281 -2.445965 0.122390
-5.418918 -2.540003 0.130801
-5.426967 -2.661777 0.140300
-5.413495 -2.732049 0.136345
-5.451595 -2.852707 0.124769
-5.396447 -2.970895 0.138211
-5.370060 -3.060425 0.128031
-5.341634 -3.136971 0.128399
-5.379570 -3.221258 0.155558
-5.369315 -3.340730 0.143422
-5.342512 -3.444262 0.148891
-5.338861 -3.571746 0.159965
-5.361110 -3.653570 0.148131
-5.342007 -3.747691 0.141018
-5.318874 -3.830622 0.139245
-5.291517 -3.865033 0.163746
-5.267486 -3.945516 0.131802
-5.242922 -4.028397 0.149085
-5.230993 -4.161891 0.167662
-5.211193 -4.247271 0.168805
-5.190252 -4.332869 0.169959
-5.156670 -4.461639 0.171709
-5.138927 -4.526169 0.172593
-5.107770 -4.633927 0.174079
-5.088235 -4.698678 0.174978
-4.272090 -6.459814 0.201428
-4.245038 -6.501508 0.202109
-4.189874 -6.584544 0.203474
-4.147529 -6.646479 0.204500
-4.104477 -6.708152 0.205528
-4.060539 -6.769481 0.206558
-4.015891 -6.830521 0.207590
-3.985654 -6.871014 0.208279
-3.939587 -6.931440 0.209314
-3.892812 -6.991540 0.210350
-3.845150 -7.051216 0.211387
-3.747526 -7.169400 0.213464
-3.680676 -7.247242 0.214850
-3.629658 -7.305124 0.215890
-3.560346 -7.381536 0.217276
-3.525165 -7.419418 0.217969
-3.471695 -7.475793 0.219008
-3.417529 -7.531707 0.220047
-3.325408 -7.623622 0.221776
-3.231225 -7.714036 0.223502
-3.173624 -7.767447 0.224536
-3.115347 -7.820319 0.225568
-3.056229 -7.872496 0.226598
-2.956037 -7.958018 0.228309
-2.838298 -8.049348 0.222205
-2.753053 -8.087950 0.214739
-2.728634 -8.139691 0.232046
-2.662647 -8.147709 0.219829
-2.447383 -8.341469 0.236398
-2.331323 -8.442575 0.230023
-2.245272 -8.472497 0.239362
-2.149488 -8.538342 0.227281
-2.057308 -8.573749 0.223118
-1.949997 -8.626363 0.233428
-1.858506 -8.643045 0.223923
-1.751295 -8.747244 0.246070
-1.654018 -8.794529 0.247311
-1.630823 -8.821851 0.234851
-1.537919 -8.849969 0.239810
-1.467580 -8.870211 0.231066
-1.406421 -8.904633 0.250349
-1.331003 -8.935387 0.251242
-1.231865 -8.951938 0.242167
-1.140383 -9.048531 0.242167
-1.061444 -9.068079 0.242609
-0.972996 -9.065102 0.255288
-0.895077 -9.089863 0.256128
-0.840130 -9.144071 0.239296
-0.751595 -9.155410 0.244804
-0.662047 -9.161429 0.243612
-0.555590 -9.170358 0.245293
-0.446178 -9.225187 0.250888
-0.353438 -9.245550 0.245294
-0.246523 -9.253430 0.248350
-0.145386 -9.261049 0.245666
-0.045943 -9.268667 0.248898
0.054760 -9.281694 0.251242
0.150650 -9.353629 0.227199
0.253621 -9.348296 0.237446
0.364294 -9.354092 0.238040
0.448422 -9.328888 0.268399
0.530543 -9.359543 0.238913
0.632711 -9.369506 0.229302
0.752498 -9.360733 0.240040
0.861028 -9.366264 0.244627
0.963301 -9.357252 0.253783
1.042981 -9.368663 0.243045
1.146396 -9.354221 0.248296
1.257350 -9.344863 0.248669
1.352604 -9.244248 0.244281
1.451887 -9.251586 0.252280
1.558040 -9.228384 0.245116
1.654428 -9.223417 0.236064
1.747360 -9.252098 0.258537
1.831291 -9.249259 0.269232
1.936132 -9.164914 0.245708
2.048491 -9.155536 0.247110
2.166780 -9.145139 0.258704
2.254785 -9.138112 0.239684
2.270772 -9.067265 0.249720
2.359101 -9.043683 0.250996
2.434963 -9.045421 0.256442
2.531031 -9.019480 0.262280
2.631030 -8.972760 0.256989
2.742796 -8.942712 0.255161
2.858833 -8.860684 0.246451
2.954756 -8.866394 0.257368
3.055270 -8.845545 0.250479
3.058177 -8.779915 0.248702
3.156729 -8.757419 0.253479
3.231222 -8.736161 0.251362
3.281648 -8.687598 0.264804
3.379942 -8.640173 0.264860
3.457010 -8.537682 0.244415
3.559392 -8.518485 0.280780
3.641466 -8.440848 0.230057
3.728090 -8.415441 0.244883
3.751942 -8.365177 0.241476
3.847528 -8.341385 0.237337
3.954305 -8.256647 0.251165
4.029353 -8.191218 0.280242
4.132384 -8.164360 0.241378
4.152510 -8.046491 0.243379
4.238386 -8.014681 0.251318
4.273352 -7.975047 0.246825
4.433653 -7.852617 0.262786
4.577734 -7.761138 0.246366
4.573612 -7.645322 0.227910
4.672643 -7.610094 0.277941
4.736083 -7.536807 0.240283
4.763120 -7.466588 0.231450
4.837473 -7.441716 0.233802
4.890531 -7.375953 0.242902
4.975263 -7.267328 0.276042
5.058930 -7.162749 0.275402
5.140002 -7.056533 0.274724
5.234034 -6.927156 0.273866
5.279737 -6.861739 0.273419
5.353747 -6.751582 0.272645
5.397015 -6.684925 0.272166
5.425318 -6.640231 0.271840
5.466957 -6.572820 0.271341
5.507781 -6.505055 0.270831
5.547585 -6.436867 0.270310
5.586574 -6.368356 0.269779
5.612023 -6.322476 0.269419
5.649382 -6.253362 0.268870
5.709748 -6.137527 0.267933
6.370833 -4.034977 0.247872
6.390081 -3.892149 0.246328
6.406219 -3.749954 0.244770
6.417577 -3.631942 0.243463
6.425161 -3.537918 0.242411
6.436553 -3.350956 0.240293
6.439588 -3.281233 0.239495
6.443033 -3.165578 0.238160
6.444546 -3.050631 0.236819
6.444458 -2.936312 0.235475
6.442510 -2.822766 0.234126
6.440445 -2.755034 0.233315
6.435720 -2.642746 0.231962
6.430610 -2.553565 0.230878
6.422900 -2.442768 0.229521
6.417494 -2.376707 0.228706
6.404818 -2.245630 0.227076
6.390075 -2.115773 0.225446
6.384648 -2.072803 0.224902
6.366868 -1.944861 0.223273
6.347157 -1.818215 0.221646
6.336472 -1.755472 0.220833
6.321491 -1.672352 0.219750
6.293227 -1.528439 0.217859
6.271421 -1.426920 0.216512
6.257767 -1.366478 0.215706
6.233947 -1.266643 0.214364
6.208961 -1.167832 0.213027
6.171944 -1.031359 0.211162
6.149801 -0.954319 0.210100
6.115258 -0.840074 0.208514
6.047981 -0.634736 0.205626
6.022209 -0.561499 0.204584
5.941507 -0.345730 0.201479
5.913396 -0.275275 0.200453
5.864961 -0.239035 0.150509
5.846373 -0.137675 0.149797
5.837187 -0.038142 0.133335
5.795423 -0.000658 0.196394
5.772349 0.049526 0.195641
5.717435 0.165062 0.193896
5.669200 0.262342 0.192413
5.628270 0.342268 0.191185
5.569725 0.452155 0.189481
5.518513 0.544608 0.188034
5.460535 0.645444 0.186440
5.413471 0.724876 0.185175
5.395622 0.754289 0.184703
5.341486 0.841390 0.183298
5.280085 0.950086 0.151549
5.264947 1.058490 0.141690
5.174654 1.093656 0.179158
5.146206 1.134309 0.178479
5.052797 1.247636 0.138602
5.015664 1.337200 0.138032
4.962355 1.383087 0.174260
4.962205 1.444865 0.137139
4.883151 1.483313 0.172524
4.843155 1.532355 0.171666
4.748996 1.644397 0.169686
4.650241 1.756731 0.167670
4.542523 1.847228 0.152857
4.515706 1.902208 0.165012
4.461927 1.953345 0.147926
4.412750 2.022829 0.147565
4.362498 2.080493 0.150855
4.328639 2.136155 0.146957
4.248268 2.166480 0.160022
4.143509 2.259114 0.140580
4.061278 2.354047 0.146264
3.953596 2.424955 0.154908
3.895511 2.472365 0.153942
3.840879 2.515782 0.153047
3.775138 2.566754 0.151985
3.720211 2.608300 0.151110
3.661468 2.651551 0.150187
3.558384 2.725117 0.148597
3.466054 2.788437 0.147202
3.354905 2.861190 0.145564
3.254631 2.924177 0.144118
2.166278 3.446862 0.130309
2.042777 3.489524 0.128937
1.964242 3.515007 0.128085
1.852149 3.549040 0.126895
1.740179 3.580610 0.125736
1.650701 3.604142 0.124829
1.550169 3.628550 0.123834
1.460919 3.648646 0.122969
1.360668 3.669216 0.122022
1.245751 3.690577 0.120961
1.127364 3.709941 0.119900
1.038738 3.722724 0.119125
0.939229 3.735157 0.118278
0.861950 3.743712 0.117634
0.762798 3.752815 0.116828
0.663833 3.760273 0.116044
0.576062 3.765222 0.115368
0.455665 3.769681 0.114467
0.335599 3.771546 0.113600
0.248499 3.771219 0.112990
0.150763 3.769014 0.112328
0.042443 3.764587 0.111617
-0.054791 3.758831 0.111000
-0.140983 3.752102 0.110472
-0.259156 3.740587 0.109775
-0.536875 3.703183 0.108259
-0.643039 3.684794 0.107728
-0.759423 3.662227 0.107174
-0.822711 3.648789 0.106886
-0.938376 3.622081 0.106385
-1.053590 3.592868 0.105917
-1.164840 3.561960 0.105497
-1.261819 3.532978 0.105155
-1.323962 3.513300 0.104949
-1.385952 3.492836 0.104753
-1.458056 3.467865 0.104539
-1.550490 3.434401 0.104281
-1.622111 3.407049 0.104098
-1.673136 3.386866 0.103976
-1.764656 3.349011 0.103777
-1.825488 3.322924 0.103655
-1.896214 3.291373 0.103528
-1.966688 3.258692 0.103416
-2.046903 3.219899 0.103307
-2.150032 3.167711 0.103194
-2.255913 3.111418 0.103110
-2.344694 3.061639 0.103070
-2.413464 3.021795 0.103054
-2.481908 2.980671 0.103056
-2.530616 2.950603 0.103066
-3.358557 2.319743 0.104652
-3.394696 2.286380 0.104790
-3.466225 2.254890 0.102114
-3.525782 2.160077 0.105351
-3.590562 2.094851 0.105662
-3.637262 2.046333 0.105903
-3.735538 1.940774 0.106452
-3.781319 1.889935 0.106728
-3.832382 1.831672 0.107053
-3.883010 1.772376 0.107393
-3.933189 1.712036 0.107749
-3.977364 1.657428 0.108080
-4.053830 1.560006 0.108687
-4.134419 1.452747 0.109380
-4.176856 1.394406 0.109767
-4.216204 1.338823 0.110144
-4.270664 1.259760 0.110690
-4.331907 1.167470 0.111343
-4.384680 1.085185 0.111939
-4.429224 1.013389 0.112469
-4.473131 0.940456 0.113017
-4.523497 0.853869 0.113681
-4.586950 0.740340 0.114568
-4.607748 0.701915 0.114874
-4.641982 0.637180 0.115394
-4.682393 0.558439 0.116035
-4.728536 0.465028 0.116808
-4.779981 0.356345 0.117723
-4.805203 0.301272 0.118193
-4.836132 0.231578 0.118794
-4.866435 0.161012 0.119411
-4.902077 0.075350 0.120167
-4.948071 -0.040895 0.121209
-4.986980 -0.144324 0.122151
-5.003251 -0.189157 0.122564
-5.024538 -0.249434 0.123122
-14.313645 -1.115876 0.403400
-14.406062 -1.208151 0.406153
-14.499323 -1.301674 0.408949
-14.593440 -1.396471 0.411788
-14.688432 -1.492566 0.414671
-14.784312 -1.589983 0.417598
14.705165 3.231967 0.570388
14.582105 3.294008 0.566308
14.460331 3.355069 0.562285
14.339817 3.415169 0.558318
14.220542 3.474327 0.554405
14.102483 3.532561 0.550545
13.985616 3.589888 0.546737
13.869923 3.646327 0.542981
13.755379 3.701893 0.539275
13.641964 3.756602 0.535619
13.529659 3.810472 0.532011
13.418446 3.863517 0.528451
13.308302 3.915752 0.524938
13.199210 3.967193 0.521471
13.091153 4.017854 0.518048
12.984113 4.067748 0.514670
12.878070 4.116890 0.511336
12.773008 4.165293 0.508044
12.668911 4.212971 0.504795
12.463547 4.306199 0.498419
12.362247 4.351775 0.495291
12.261848 4.396675 0.492202
12.162337 4.440909 0.489152
12.063697 4.484491 0.486139
11.965915 4.527431 0.483164
11.868976 4.569740 0.480225
11.772867 4.611428 0.477323
11.677573 4.652506 0.474455
11.583084 4.692984 0.471623
11.489385 4.732872 0.468825
11.304308 4.810917 0.463329
11.122244 4.886717 0.457963
11.032312 4.923797 0.455328
10.969776 4.954567 0.418742
10.766788 5.031864 0.447606
10.679665 5.066855 0.445092
10.550326 5.118344 0.441379
10.422309 5.168853 0.437723
10.337827 5.201885 0.435323
10.170760 5.266542 0.430605
10.088157 5.298181 0.428285
10.006161 5.329370 0.425992
9.843957 5.390426 0.421483
9.763731 5.420305 0.419266
9.644533 5.464279 0.415990
9.448472 5.535643 0.410642
9.294116 5.590890 0.406470
9.217731 5.617929 0.404419
9.141863 5.644584 0.402389
9.066504 5.670861 0.400382
8.991650 5.696767 0.398396
8.917291 5.722306 0.396432
8.843422 5.747483 0.394488
8.770035 5.772303 0.392566
8.697124 5.796772 0.390663
8.624682 5.820893 0.388781
8.445644 5.879668 0.384165
8.339478 5.914001 0.381450
8.269289 5.936456 0.379665
8.164864 5.969501 0.377024
8.061286 6.001918 0.374420
7.958745 6.033566 0.371861
7.857018 6.064611 0.369336
7.789732 6.084911 0.367676
7.722841 6.104919 0.366033
7.656337 6.124640 0.364407
7.557345 6.153651 0.362001
7.361782 6.209872 0.357293
7.233220 6.246000 0.354233
7.137681 6.272437 0.351976
7.074449 6.289716 0.350491
7.011558 6.306740 0.349021
6.949003 6.323513 0.347566
4.550183 6.837709 0.297166
4.447664 6.853732 0.295261
4.371253 6.865354 0.293855
4.244901 6.883895 0.291558
4.169601 6.894591 0.290204
4.119641 6.901520 0.289313
4.020248 6.914932 0.287555
3.946178 6.924587 0.286260
3.847980 6.936975 0.284560
3.726139 6.951674 0.282478
3.653549 6.960045 0.281254
3.533296 6.973348 0.279250
3.461635 6.980894 0.278072
3.366583 6.990506 0.276525
3.295660 6.997382 0.275384
3.225095 7.003929 0.274261
3.108141 7.014236 0.272422
3.038405 7.020010 0.271341
2.968938 7.025530 0.270274
2.853855 7.034062 0.268532
2.785163 7.038835 0.267506
2.648686 7.047484 0.265502
2.535723 7.053922 0.263873
2.445895 7.058519 0.262600
2.334232 7.063620 0.261043
2.251355 7.038768 0.242567
2.148815 7.054510 0.238518
2.047236 7.074718 0.235818
1.972452 7.081398 0.245777
1.829112 7.077821 0.254371
1.720993 7.078980 0.253021
1.656411 7.079329 0.252230
1.421221 7.078604 0.249430
1.357527 7.077832 0.248696
1.251761 7.076022 0.247500
1.125427 7.073050 0.246104
1.083470 7.071842 0.245650
0.958049 7.067564 0.244320
0.833194 7.062437 0.243033
0.750329 7.058437 0.242204
0.667650 7.054135 0.241389
0.564685 7.048118 0.240403
0.441591 7.040086 0.239258
0.339379 7.032721 0.238337
0.278218 7.027985 0.237800
0.156216 7.017869 0.236755
0.034636 7.006866 0.235754
-0.066385 6.997031 0.234950
-0.146992 6.988663 0.234331
-0.227481 6.980000 0.233726
-0.327856 6.968546 0.232998
-0.448027 6.954006 0.232161
-0.567912 6.938583 0.231365
-0.667621 6.925066 0.230732
-0.747254 6.913751 0.230247
-0.826813 6.902140 0.229777
-0.926119 6.886997 0.229216
-1.045124 6.868022 0.228579
-1.144170 6.851488 0.228081
-1.223350 6.837891 0.227697
-1.322242 6.820256 0.227246
-1.460586 6.794539 0.226659
-1.559343 6.775387 0.226274
-1.677812 6.751576 0.225846
-1.776520 6.731040 0.225518
-1.934459 6.696811 0.225052
-2.033199 6.674553 0.224797
-2.151739 6.646986 0.224525
-2.270360 6.618455 0.224293
-2.329707 6.603840 0.224192
-2.369289 6.593951 0.224130
-2.448505 6.573790 0.224021
-2.538886 6.574245 0.213271
-2.644685 6.531975 0.210462
-2.753890 6.483955 0.212110
-2.865581 6.460958 0.223730
-2.965267 6.432244 0.223733
-3.025171 6.414642 0.223750
-3.145179 6.378670 0.223813
-3.245420 6.347846 0.223899
-3.365986 6.309926 0.224037
-3.446584 6.283940 0.224155
-3.527306 6.257580 0.224288
-3.648760 6.216955 0.224529
-3.750267 6.182278 0.224761
-3.852109 6.146709 0.225025
-3.933772 6.117763 0.225255
-4.036196 6.080724 0.225575
-4.159565 6.035167 0.225999
-4.221443 6.011936 0.226228
-4.324905 5.972465 0.226636
-4.449586 5.923935 0.227169
-4.553970 5.882454 0.227651
-4.637762 5.848673 0.228058
-4.721873 5.814236 0.228489
-4.764042 5.796786 0.228712
-4.848655 5.761343 0.229179
-4.954795 5.716306 0.229789
-5.061475 5.670227 0.230436
-6.858027 4.776525 0.246260
-6.929438 4.736436 0.247080
-7.061235 4.666928 0.239444
-7.150477 4.627855 0.224287
-7.168689 4.563641 0.224605
-7.256446 4.549763 0.237752
-7.348762 4.451716 0.231711
-7.472837 4.444704 0.241721
-7.563106 4.354982 0.232541
-7.638643 4.319930 0.255995
-7.764742 4.242338 0.257729
-7.874251 4.164945 0.243634
-7.943271 4.130741 0.260256
-7.949577 4.070434 0.239007
-8.072352 4.048708 0.262139
-8.163748 3.968130 0.244808
-8.251138 3.945162 0.246978
-8.341434 3.857024 0.238737
-8.455386 3.847394 0.257190
-8.467548 3.790879 0.268185
-8.544691 3.746984 0.261964
-8.656401 3.664059 0.271226
-8.747277 3.633101 0.253577
-8.790854 3.550837 0.253830
-8.848167 3.532985 0.274409
-8.958250 3.456070 0.264335
-9.015038 3.416994 0.277261
-9.041776 3.367075 0.265527
-9.127604 3.337753 0.279226
-9.184293 3.297542 0.280228
-9.270700 3.238644 0.256723
-9.330627 3.137319 0.257162
-9.413840 3.132654 0.284374
-9.471946 3.090394 0.285445
-9.559693 3.026147 0.287081
-9.648044 2.961030 0.288746
-9.715623 2.937618 0.284115
-9.737068 2.867670 0.281639
-9.826908 2.827671 0.292181
-9.887163 2.782302 0.293356
-9.947744 2.736464 0.294548
-10.042166 2.649360 0.279777
-10.162441 2.572185 0.298846
-10.255676 2.500016 0.300748
-10.349795 2.426575 0.302692
-10.508349 2.301732 0.306014
-10.572439 2.250832 0.307375
-10.636907 2.199385 0.308755
-10.701760 2.147384 0.310153
-10.767002 2.094820 0.311570
-10.832641 2.041685 0.313006
-10.898681 1.987969 0.314462
-11.065630 1.851012 0.318191
-11.166976 1.767137 0.320485
-11.235115 1.710391 0.322042
-11.303692 1.653011 0.323621
-11.372714 1.594987 0.325221
-11.533192 1.439691 0.322518
-11.653390 1.356251 0.331845
-11.753235 1.252160 0.329984
-11.868913 1.169932 0.337058
-11.941749 1.106382 0.338843
-12.051467 1.056650 0.337259
-12.082730 0.967017 0.338938
-12.163350 0.911239 0.344352
-12.244657 0.846157 0.329034
-12.366461 0.743378 0.350787
-12.466349 0.640097 0.352065
-12.543501 0.570269 0.354062
-12.654905 0.456181 0.358903
-12.778469 0.355659 0.360225
-12.850672 0.266275 0.364067
-12.961969 0.239095 0.370580
-13.018909 0.133054 0.366658
-13.138478 0.030208 0.371929
-13.179221 -0.027733 0.372980
-13.268164 -0.082810 0.370657
-13.348490 -0.176926 0.375678
-13.432023 -0.259922 0.382274
-13.517332 -0.337864 0.380389
-13.602807 -0.419883 0.382796
-13.689000 -0.502959 0.385239
-13.775924 -0.587113 0.387719
-13.863592 -0.672363 0.390235
-13.952018 -0.758731 0.392789
-14.041214 -0.846236 0.395382
-14.131193 -0.934900 0.398014
-14.221971 -1.024745 0.400685
-14.316916 -1.074018 0.401607
-1.311719 -0.069827 -0.002201
-1.301268 -0.163021 -0.002797
-1.285814 -0.247455 -0.003316
-1.260916 -0.346783 -0.003904
-1.225223 -0.456099 -0.004523
-1.203818 -0.509637 -0.004812
-1.181938 -0.558591 -0.005069
-1.130395 -0.657559 -0.005563
-1.054918 -0.776587 -0.006111
-0.986746 -0.865858 -0.006483
-0.928553 -0.931365 -0.006727
-0.893698 -0.967430 -0.006852
-0.774495 -1.072977 -0.007159
-0.521998 -1.232706 -0.007376
-0.329712 -1.310940 -0.007247
-0.239701 -1.336472 -0.007111
-0.148240 -1.356867 -0.006936
-0.053240 -1.370843 -0.006705
0.068264 -1.379535 -0.006347
0.158179 -1.379650 -0.006039
0.248003 -1.373451 -0.005689
0.367006 -1.356778 -0.005168
0.455274 -1.338005 -0.004738
0.543476 -1.312708 -0.004264
0.655239 -1.271668 -0.003603
0.760730 -1.222802 -0.002910
0.862099 -1.165750 -0.002175
0.965231 -1.095174 -0.001343
1.047555 -1.027953 -0.000605
1.182685 -0.893193 0.000772
1.287782 -0.756972 0.002056
1.513024 -0.201097 0.006597
1.522059 -0.142087 0.007028
1.530643 -0.053103 0.007660
1.533804 0.065788 0.008477
1.529986 0.154745 0.009067
1.519353 0.247200 0.009657
1.503539 0.338738 0.010224
1.495061 0.375720 0.010445
1.474449 0.453012 0.010899
1.443371 0.544471 0.011412
1.413631 0.618352 0.011811
1.381549 0.686476 0.012163
1.345950 0.752660 0.012489
1.315975 0.802724 0.012726
1.276905 0.861685 0.012992
1.219473 0.937936 0.013312
1.193217 0.970006 0.013439
1.140599 1.028400 0.013654
1.078936 1.089322 0.013856
1.013838 1.146253 0.014018
0.948933 1.196667 0.014138
0.846421 1.264439 0.014246
0.786355 1.299420 0.014277
0.750175 1.318342 0.014281
0.666267 1.356936 0.014255
0.562550 1.396834 0.014170
0.500562 1.416153 0.014088
0.437848 1.432610 0.013984
0.363885 1.447794 0.013834
0.254682 1.463804 0.013568
0.166232 1.469851 0.013305
0.045575 1.469720 0.012891
-0.042573 1.463508 0.012546
-0.133914 1.450555 0.012145
-0.251367 1.425219 0.011571
-0.339721 1.399431 0.011093
-0.424731 1.368014 0.010588
-0.517329 1.327110 0.009993
-0.574128 1.297790 0.009600
-0.667699 1.241618 0.008898
-0.716361 1.209034 0.008510
-0.770618 1.168241 0.008048
-0.804950 1.140835 0.007744
-0.861899 1.090677 0.007209
-0.924382 1.028860 0.006576
-0.980385 0.966336 0.005960
-1.025506 0.910241 0.005425
-1.067347 0.851601 0.004884
-1.129333 0.753398 0.004005
-1.229874 0.536240 0.002188
-1.301047 0.258020 0.000058
-1.308324 0.201840 -0.000348
-1.313906 0.137256 -0.000805
-1.316408 0.048010 -0.001418
-1.539117 -0.245643 0.004665
-1.522502 -0.330721 0.004159
-1.501971 -0.415116 0.003672
-1.491086 -0.452240 0.003464
-1.452205 -0.566907 0.002841
-1.419443 -0.647953 0.002419
-1.366118 -0.757437 0.001881
-1.328368 -0.825840 0.001560
-1.292387 -0.884156 0.001301
-1.247818 -0.948752 0.001030
-1.207225 -1.004252 0.000805
-1.154107 -1.068946 0.000563
-1.118216 -1.109631 0.000420
-1.066920 -1.163130 0.000247
-1.005890 -1.221097 0.000078
-0.938423 -1.260318 -0.006408
-0.828779 -1.360167 -0.000219
-0.729321 -1.423828 -0.000290
-0.636003 -1.453698 -0.004613
-0.532352 -1.522614 -0.000250
-0.462223 -1.550338 -0.000186
-0.352995 -1.550304 -0.006623
-0.308645 -1.599364 0.000031
-0.220119 -1.620193 0.000206
-0.150453 -1.633030 0.000367
-0.060143 -1.645686 0.000602
0.030916 -1.652891 0.000876
0.135900 -1.655292 0.001231
0.244391 -1.651319 0.001640
0.349126 -1.640145 0.002085
0.449792 -1.623470 0.002551
0.536192 -1.604179 0.002984
0.595367 -1.588030 0.003300
0.653941 -1.569722 0.003628
0.743600 -1.536827 0.004163
0.862137 -1.484276 0.004931
0.930442 -1.449119 0.005405
1.005756 -1.405389 0.005961
1.044630 -1.380580 0.006263
1.124505 -1.324932 0.006915
1.165191 -1.293782 0.007265
1.235686 -1.234353 0.007908
1.288670 -1.186032 0.008416
1.342731 -1.131467 0.008969
1.387609 -1.082325 0.009453
1.423828 -1.039237 0.009867
1.477053 -0.970495 0.010511
1.506935 -0.929011 0.010892
1.548978 -0.864929 0.011466
1.592994 -0.790126 0.012117
1.614678 -0.749649 0.012462
1.664852 -0.643724 0.013342
1.699268 -0.558807 0.014027
1.745875 -0.546011 0.004131
1.737965 -0.439599 0.014955
1.764713 -0.334748 0.015745
1.782097 -0.245249 0.016400
1.793235 -0.161720 0.016993
1.796372 0.186804 0.019316
1.714604 0.566831 0.021548
1.644341 0.741599 0.022460
1.518180 0.964528 0.023493
1.446377 1.063946 0.023899
1.406306 1.113368 0.024085
1.364421 1.161113 0.024254
1.303653 1.224429 0.024459
1.239828 1.284361 0.024631
1.144257 1.362784 0.024814
1.040049 1.437277 0.024940
0.961988 1.485170 0.024982
0.911566 1.513310 0.024990
0.851603 1.543773 0.024980
0.752215 1.587615 0.024920
0.633907 1.630487 0.024787
0.565377 1.651001 0.024681
0.435628 1.681117 0.024422
0.360759 1.694056 0.024243
0.266579 1.704780 0.023982
0.143773 1.711073 0.023590
0.049344 1.710044 0.023249
-0.047817 1.702932 0.022859
-0.156683 1.688480 0.022379
-0.239836 1.672734 0.021980
-0.330945 1.649899 0.021507
-0.453082 1.610909 0.020817
-0.564597 1.565851 0.020124
-0.645036 1.527775 0.019587
-0.745920 1.471583 0.018858
-0.837755 1.412484 0.018142
-0.883440 1.379801 0.017764
-0.953376 1.324855 0.017152
-0.999568 1.285218 0.016726
-1.044222 1.243839 0.016294
-1.125547 1.159596 0.015448
-1.218778 1.048152 0.014379
-1.265532 0.983500 0.013785
-1.306755 0.920664 0.013222
-1.499952 0.482043 0.009630
-1.884692 -0.066271 0.016321
-1.880126 -0.152273 0.015786
-1.868760 -0.259115 0.015142
-1.852472 -0.363634 0.014531
-1.835180 -0.448659 0.014049
-1.845896 -0.548115 0.006169
-1.778107 -0.649718 0.012969
-1.762836 -0.739154 0.006257
-1.712450 -0.818300 0.012129
-1.695566 -0.855646 0.011952
-1.644543 -0.956966 0.011489
-1.602361 -1.032224 0.011162
-1.565245 -1.092462 0.010912
-1.545760 -1.122060 0.010794
-1.433585 -1.274729 0.010227
-1.403370 -1.311410 0.010103
-1.352193 -1.369430 0.009920
-1.273103 -1.450631 0.009690
-1.221094 -1.500052 0.009564
-1.151470 -1.560037 0.009436
-1.053604 -1.636434 0.009306
-0.954451 -1.704929 0.009232
-0.776139 -1.807374 0.009232
-0.541777 -1.908582 0.009446
-0.437444 -1.943051 0.009609
-0.150495 -2.006798 0.010258
-0.058917 -2.017901 0.010524
0.049594 -2.025874 0.010873
0.156491 -2.028307 0.011251
0.249120 -2.025391 0.011611
0.366270 -2.015985 0.012103
0.452256 -2.004785 0.012492
0.658656 -1.961732 0.013529
0.754182 -1.934297 0.014057
0.813161 -1.914660 0.014400
0.940568 -1.864804 0.015190
1.053549 -1.812603 0.015941
1.173709 -1.746857 0.016806
1.216371 -1.721115 0.017129
1.268687 -1.687307 0.017538
1.345008 -1.633419 0.018165
1.389808 -1.599721 0.018547
1.460356 -1.541703 0.019179
1.567135 -1.443248 0.020205
1.740352 -1.247933 0.022096
1.817546 -1.142769 0.023056
1.849608 -1.043166 0.011595
1.920032 -0.946098 0.015241
1.967623 -0.857623 0.012790
2.026397 -0.749962 0.011144
2.071905 -0.658569 0.013450
2.088886 -0.586534 0.020235
2.126135 -0.538070 0.011399
2.146613 -0.459441 0.016209
2.158570 -0.361963 0.022110
2.154076 -0.239292 0.030095
2.162985 -0.145830 0.030727
2.167119 -0.054259 0.031330
2.166507 0.067692 0.032111
2.161483 0.158836 0.032677
2.152766 0.243409 0.033188
2.135449 0.357217 0.033854
2.117566 0.446126 0.034359
2.103329 0.504773 0.034683
2.082256 0.580206 0.035089
2.056196 0.660233 0.035507
1.972687 0.865411 0.036516
1.550187 1.443652 0.033033
1.441632 1.537562 0.025458
1.393390 1.592445 0.039047
1.339263 1.628015 0.027984
1.271942 1.680351 0.028138
1.158595 1.758594 0.030534
1.043831 1.831786 0.024894
0.949219 1.870098 0.032043
0.832192 1.930777 0.026383
0.758626 1.954247 0.028445
0.668800 1.956875 0.038716
0.449907 2.003733 0.038210
0.361062 2.052875 0.025762
0.236349 2.057824 0.027462
0.159105 2.049885 0.030585
0.048578 2.066162 0.024849
-0.064394 2.051554 0.026420
-0.153617 2.040758 0.026044
-0.453252 1.939793 0.034471
-0.546536 1.945338 0.022023
-0.764250 1.847659 0.020593
-0.941423 1.746554 0.016218
-1.275079 1.452589 0.014631
-1.316513 1.411683 0.027900
-1.362521 1.351944 0.014977
-1.453060 1.246375 0.022187
-1.521670 1.125717 0.014861
-1.556799 1.066244 0.014320
-1.640397 0.970345 0.023874
-1.643133 0.855259 0.008972
-1.712469 0.824024 0.022669
-1.736695 0.766966 0.022214
-1.776705 0.659431 0.021376
-1.811263 0.547822 0.020533
-1.832575 0.465581 0.019926
-1.854154 0.359933 0.019169
-1.872360 0.236133 0.018307
-1.881087 0.145334 0.017692
-1.885088 0.059718 0.017128
-2.351259 -0.168044 0.018891
-2.357230 -0.262038 0.017961
-2.336907 -0.356347 0.017425
-2.317674 -0.462949 0.024379
-2.266292 -0.560677 0.017045
-2.247112 -0.647689 0.016029
-2.233591 -0.758075 0.022642
-2.235841 -0.834783 0.013959
-2.156426 -1.068238 0.013741
-1.887302 -1.486657 0.024213
-1.161396 -2.157631 0.011647
-1.045417 -2.235669 0.017272
-0.954470 -2.271065 0.011718
-0.907248 -2.320027 0.022980
-0.835990 -2.334442 0.015553
-0.738322 -2.364957 0.011899
-0.745701 -2.448213 0.020569
-0.654051 -2.424907 0.023334
-0.551363 -2.434470 0.014408
-0.440573 -2.474353 0.018052
-0.341027 -2.569741 0.020415
-0.248817 -2.530459 0.024279
-0.131963 -2.547879 0.024631
-0.039891 -2.557917 0.024931
0.056133 -2.540593 0.015738
0.146812 -2.538127 0.013597
0.240733 -2.538149 0.013857
0.362033 -2.533439 0.014219
0.444176 -2.527227 0.014470
0.532615 -2.542847 0.027266
0.666571 -2.546444 0.025768
0.750528 -2.542902 0.025077
0.761971 -2.477187 0.015606
0.838718 -2.459226 0.015875
0.945048 -2.430155 0.016298
1.344746 -2.273983 0.018143
1.496423 -2.195971 0.033155
1.670121 -2.086878 0.019815
1.844150 -1.951632 0.025929
2.445608 -1.141376 0.043296
2.471756 -1.084948 0.043742
2.502439 -1.013591 0.044296
2.522570 -0.963132 0.044682
2.556860 -0.868371 0.045394
2.536947 -0.729529 0.034250
2.606543 -0.705573 0.046580
2.618055 -0.660674 0.046898
2.641630 -0.555270 0.047632
2.638378 -0.444876 0.039143
2.639486 -0.353075 0.030603
2.663191 -0.256843 0.032439
2.683966 -0.149299 0.032063
2.692642 -0.060473 0.041167
2.689372 0.054647 0.051533
2.683921 0.145851 0.052066
2.674827 0.236564 0.052583
2.660331 0.341706 0.053166
2.638429 0.460692 0.053805
2.618500 0.549005 0.054265
2.590963 0.650695 0.054776
2.554631 0.765145 0.055330
2.524079 0.849634 0.055725
2.501984 0.905181 0.055976
2.472540 0.973716 0.056278
2.434571 1.054557 0.056622
2.376192 1.166405 0.057074
2.324415 1.256160 0.057417
2.272892 1.337089 0.057708
2.214445 1.421980 0.057996
2.179476 1.469203 0.058146
2.131237 1.530750 0.058332
2.078190 1.594481 0.058512
2.029618 1.648971 0.058654
1.231706 2.235687 0.036597
1.070864 2.260205 0.039571
0.939487 2.360994 0.040760
0.849539 2.352631 0.043292
0.750592 2.379410 0.039467
0.752307 2.428087 0.028529
0.643122 2.443947 0.031595
0.571438 2.439068 0.038983
0.433568 2.447475 0.042621
0.344486 2.459982 0.048891
0.254156 2.464158 0.044561
0.143106 2.467347 0.048207
0.063141 2.464745 0.039898
-0.048624 2.458659 0.043475
-0.166767 2.445676 0.042974
-0.260929 2.450991 0.032081
-0.344437 2.430989 0.031499
-0.449227 2.389377 0.041589
-0.564208 2.357258 0.044905
-0.646644 2.347567 0.025747
-0.736278 2.331402 0.019857
-0.747694 2.284871 0.033890
-0.867077 2.253742 0.025981
-0.951223 2.211929 0.023312
-1.042905 2.151713 0.027718
-1.129567 2.111695 0.028114
-1.160922 2.065634 0.029819
-1.259059 2.020436 0.031369
-1.337299 1.948459 0.026112
-1.988247 1.241454 0.040426
-2.041163 1.147382 0.039646
-2.071172 1.090440 0.039182
-2.101429 1.028380 0.038685
-2.135207 0.952618 0.038092
-2.174538 0.856543 0.037353
-2.212562 0.749853 0.036554
-2.242852 0.652565 0.035843
-2.264424 0.571871 0.035267
-2.289446 0.463155 0.034507
-2.300073 0.408292 0.034132
-2.306016 0.373836 0.033899
-2.322878 0.255989 0.033115
-2.334735 0.130163 0.032303
-2.339290 0.045831 0.031771
-2.368025 -0.055501 0.017175
-2.985814 -0.651643 0.038840
-2.960838 -0.738918 0.032763
-2.934661 -0.838479 0.032426
-2.930674 -0.949184 0.049064
-2.940238 -1.046423 0.027913
-2.847434 -1.055500 0.023295
-2.879558 -1.128404 0.048289
-2.866446 -1.264919 0.025864
-2.842435 -1.356004 0.016133
-2.744744 -1.349295 0.030869
-2.764290 -1.477993 0.025386
-2.735440 -1.550013 0.023632
-2.661338 -1.658835 0.028572
-2.633565 -1.736478 0.026106
-2.580031 -1.780128 0.026138
-2.549784 -1.848353 0.025957
-2.454629 -1.953660 0.017125
-2.422810 -2.031653 0.034815
-2.348193 -2.120542 0.032085
-1.538034 -2.927096 0.021488
-1.346360 -2.957254 0.039936
-1.149568 -3.133485 0.026307
-0.939496 -3.241743 0.023389
-0.840035 -3.242340 0.033531
-0.757328 -3.249961 0.022434
-0.650040 -3.345548 0.032762
-0.563627 -3.337937 0.023210
-0.459386 -3.355091 0.025049
-0.336885 -3.352010 0.029809
-0.250703 -3.361270 0.027138
-0.155530 -3.360565 0.023372
-0.139389 -3.427447 0.036957
-0.042178 -3.436247 0.037165
0.144857 -3.426411 0.029330
0.259228 -3.433813 0.029162
0.354361 -3.432585 0.025370
0.450888 -3.421344 0.030175
0.556220 -3.431059 0.038688
0.661083 -3.424726 0.034993
0.737214 -3.368073 0.030564
0.859295 -3.364637 0.032507
0.950102 -3.360510 0.031042
1.039483 -3.340708 0.031326
1.140555 -3.324333 0.040530
1.163027 -3.253195 0.029522
1.253718 -3.276968 0.024872
1.341877 -3.250375 0.033215
1.431867 -3.227268 0.036194
1.471104 -3.152447 0.030469
1.561751 -3.159663 0.042480
1.639550 -3.150347 0.028694
1.749600 -3.070096 0.036890
1.849198 -3.043258 0.034246
1.872638 -2.949863 0.037096
1.967001 -2.954675 0.048423
2.040534 -2.852310 0.037732
2.156599 -2.869286 0.030928
2.153177 -2.760558 0.038203
2.251674 -2.751463 0.045783
2.331284 -2.637498 0.046649
2.463048 -2.659806 0.029591
2.452373 -2.546150 0.046906
3.142225 -1.650994 0.022066
3.245714 -1.535387 0.035256
3.267881 -1.437090 0.026256
3.279955 -1.357953 0.050756
3.334775 -1.348480 0.024001
3.358399 -1.252206 0.033903
3.362287 -1.154689 0.047141
3.397892 -1.060078 0.052211
3.458984 -1.037164 0.025154
3.439347 -0.934874 0.052738
3.463889 -0.846836 0.053149
3.471547 -0.732508 0.077803
3.446440 -0.617502 0.052474
3.460309 -0.549742 0.052765
3.541234 -0.539699 0.046325
3.556359 -0.460280 0.046569
3.543362 -0.359906 0.063495
3.520604 -0.258443 0.080645
3.521950 -0.167600 0.081155
3.514399 -0.038882 0.054919
3.515940 0.041766 0.068758
3.515926 0.143640 0.046579
3.515395 0.241380 0.046869
3.481911 0.242309 0.057556
3.473638 0.354171 0.057965
3.461870 0.456165 0.058349
3.449226 0.543075 0.058663
3.442912 0.658344 0.053184
3.369948 0.752018 0.054034
3.351111 0.837125 0.052001
3.354398 0.948205 0.052465
3.339270 1.052633 0.058331
3.269974 1.047912 0.039064
3.240470 1.140961 0.054261
3.251278 1.248803 0.043018
3.190394 1.246817 0.061379
3.161051 1.360604 0.055004
3.129077 1.444581 0.049771
3.091012 1.469454 0.088385
3.075754 1.545674 0.059712
3.041331 1.644455 0.044930
2.958623 1.682790 0.088999
2.959053 1.759039 0.050842
2.829129 1.861525 0.089434
2.745083 1.965552 0.089650
2.701586 2.016102 0.089743
2.611805 2.114230 0.089902
2.556346 2.146823 0.060335
2.518488 2.208325 0.090022
1.235519 2.978057 0.088776
0.947420 3.056519 0.087972
0.868051 3.073194 0.087723
0.744128 3.095271 0.087312
0.556534 3.143900 0.063153
0.441761 3.128877 0.086198
0.139366 3.134338 0.084928
0.041911 3.130247 0.084486
-0.037565 3.124553 0.084113
-0.153809 3.152717 0.049094
-0.256892 3.099080 0.083028
-0.335157 3.086179 0.082620
-0.470407 3.059396 0.081890
-0.550335 3.040911 0.081443
-0.637923 3.042308 0.058289
-0.752999 2.983806 0.080255
-0.827960 2.959309 0.079796
-0.940603 2.949905 0.045374
-1.048423 2.874524 0.078378
-1.155443 2.853710 0.044093
-1.254228 2.778486 0.076959
-1.337058 2.744857 0.059650
-1.456797 2.673687 0.058788
-1.530910 2.637318 0.030470
-1.583570 2.591937 0.052282
-1.651223 2.544997 0.047311
-1.749696 2.466235 0.050957
-1.820424 2.407378 0.039294
-1.868844 2.364063 0.038876
-2.510364 1.643155 0.065257
-2.571908 1.543356 0.064438
-2.659229 1.443803 0.038177
-2.689083 1.329582 0.062748
-2.731019 1.241895 0.062081
-2.774184 1.144881 0.061357
-2.794519 1.095754 0.060997
-2.860417 1.061541 0.039107
-2.860439 0.980478 0.047702
-2.878764 0.861739 0.059336
-2.931821 0.740055 0.036300
-2.945612 0.653585 0.035892
-2.957959 0.558199 0.035405
-2.967810 0.449137 0.040760
-3.043655 0.250539 0.047911
-3.061869 0.134107 0.039661
-3.072161 0.035195 0.030793
-4.233007 -0.341411 0.074707
-4.224262 -0.462467 0.074339
-4.230315 -0.544512 0.090036
-4.224887 -0.646460 0.089599
-4.249184 -0.755965 0.075541
-4.240875 -0.853029 0.070810
-4.155180 -0.944842 0.072985
-4.184754 -1.029513 0.088057
-4.174466 -1.141586 0.071901
-4.143983 -1.253975 0.074247
-4.141661 -1.344681 0.070935
-4.156393 -1.450579 0.068071
-4.057386 -1.549062 0.069059
-4.051403 -1.656767 0.070668
-4.045981 -1.743158 0.071705
-3.952895 -1.859265 0.068357
-3.959538 -1.942667 0.073189
-3.930498 -2.051233 0.072036
-3.848784 -2.056918 0.066902
-3.861138 -2.151407 0.072315
-3.838849 -2.241957 0.073285
-3.748099 -2.347900 0.070466
-3.753021 -2.450862 0.078837
-3.742686 -2.554388 0.075443
-3.649140 -2.546159 0.071013
-3.644738 -2.662539 0.079519
-3.564279 -2.747813 0.078398
-3.550366 -2.850587 0.074611
-3.454198 -2.940070 0.083019
-3.449427 -3.037408 0.078689
-3.356566 -3.056022 0.075959
-3.343063 -3.138600 0.078417
-2.462161 -3.958438 0.083245
-2.451335 -4.057348 0.080004
-2.352208 -4.051231 0.079562
-2.351599 -4.124882 0.077035
-2.250652 -4.162386 0.077849
-2.210894 -4.214744 0.079741
-2.154789 -4.240843 0.077971
-2.027818 -4.323738 0.078076
-1.949249 -4.352456 0.079589
-1.949602 -4.447001 0.081921
-1.858453 -4.444695 0.080410
-1.750496 -4.439588 0.078339
-1.740830 -4.557832 0.080812
-1.643899 -4.575080 0.082046
-1.556209 -4.535830 0.078634
-1.465460 -4.640343 0.083007
-1.369314 -4.675250 0.083171
-1.247209 -4.735153 0.083236
-1.165604 -4.736518 0.082265
-1.069444 -4.763952 0.082854
-1.043616 -4.822398 0.082079
-0.946257 -4.853900 0.081350
-0.837103 -4.861815 0.080991
-0.763652 -4.849416 0.084574
-0.645603 -4.921467 0.082931
-0.549678 -4.939147 0.083108
-0.444591 -4.958295 0.086140
-0.359010 -4.968728 0.080733
-0.244259 -4.987081 0.085026
-0.148942 -5.006795 0.090163
-0.030380 -5.020735 0.090694
0.058917 -5.029033 0.091103
0.133506 -5.034787 0.091450
0.238216 -5.040655 0.091948
0.358182 -5.044546 0.092531
0.448315 -5.045525 0.092978
0.538561 -5.044553 0.093434
0.658974 -5.040646 0.094055
0.749306 -5.035752 0.094530
0.839611 -5.028888 0.095013
0.959917 -5.017106 0.095669
1.066412 -5.065744 0.083635
1.144162 -4.961716 0.089685
1.259601 -4.973817 0.097367
1.349064 -4.957076 0.097891
1.438214 -4.938362 0.098423
1.557261 -4.939885 0.094134
1.659665 -4.884153 0.099779
1.732911 -4.863538 0.100239
1.820440 -4.837377 0.100797
1.906799 -4.807619 0.101596
1.964505 -4.787985 0.101962
2.050685 -4.757340 0.102514
2.136222 -4.724794 0.103070
2.249347 -4.678882 0.103815
2.361287 -4.629975 0.104566
2.471956 -4.578105 0.105322
2.554115 -4.537368 0.105891
2.608417 -4.509242 0.106271
2.662305 -4.480306 0.106653
2.769049 -4.420502 0.107418
2.833120 -4.338479 0.102993
2.926118 -4.325451 0.108570
3.035178 -4.238752 0.106613
3.104555 -4.206867 0.109919
3.147808 -4.165177 0.106897
3.213154 -4.124487 0.107496
3.276703 -4.081293 0.108060
3.338122 -4.040386 0.108001
3.396952 -3.984637 0.112233
3.464795 -3.947245 0.109816
3.551356 -3.851272 0.113514
3.631753 -3.833279 0.110562
3.670708 -3.740002 0.114536
4.531291 -2.601156 0.123155
4.559549 -2.547459 0.123499
4.587269 -2.493509 0.123841
4.600813 -2.466390 0.124011
4.653087 -2.357087 0.124685
4.690536 -2.274385 0.125183
4.714523 -2.218870 0.125512
4.743446 -2.149085 0.125920
4.781984 -2.050712 0.126482
4.823244 -1.937396 0.127115
4.861631 -1.823243 0.127736
4.888280 -1.737065 0.128193
4.913420 -1.650528 0.128643
4.936667 -1.563583 0.129086
4.965168 -1.447179 0.129665
4.939025 -1.335209 0.110664
5.007652 -1.242303 0.130645
5.023120 -1.154154 0.131053
5.026296 -1.049072 0.121276
5.039097 -0.939205 0.116453
5.058218 -0.834921 0.121964
5.054454 -0.739240 0.108973
5.057015 -0.661555 0.117361
5.072625 -0.559002 0.113288
5.087786 -0.449893 0.122695
5.085083 -0.357690 0.134340
5.083484 -0.269505 0.134661
5.078911 -0.152205 0.135075
5.071427 -0.035309 0.135474
5.064008 0.052070 0.135762
5.054800 0.139113 0.136040
5.040155 0.254672 0.136397
5.022699 0.369567 0.136737
5.007866 0.455286 0.136982
4.988311 0.554645 0.137254
4.967052 0.653475 0.137515
4.946943 0.737558 0.137726
4.917915 0.848868 0.137994
4.886262 0.959162 0.138245
4.852106 1.068415 0.138480
4.824679 1.149548 0.138643
4.786024 1.256735 0.138847
4.755489 1.336355 0.138989
4.712500 1.441312 0.139162
4.659329 1.562062 0.139343
4.619563 1.647251 0.139459
4.594870 1.697846 0.139523
4.569611 1.748075 0.139582
4.490497 1.896512 0.139734
4.302596 2.205923 0.139935
4.271707 2.251920 0.139950
4.216625 2.331515 0.139967
4.138932 2.367640 0.127380
4.151815 2.420798 0.139971
4.070833 2.483931 0.127867
4.032285 2.542215 0.125790
4.007954 2.604585 0.139927
3.950314 2.670718 0.128588
3.915838 2.725225 0.125116
3.874372 2.759794 0.139828
3.846011 2.829512 0.125624
3.753893 2.888920 0.139698
3.760612 2.956078 0.126343
3.687266 2.956299 0.139611
3.629237 3.012864 0.139528
3.560450 3.077393 0.139420
3.520710 3.113667 0.139353
3.470474 3.158203 0.139264
2.334998 3.893575 0.136244
2.311438 3.904321 0.136164
2.264189 3.925404 0.136003
2.169173 3.965858 0.135672
2.049563 4.013430 0.135242
1.953255 4.049088 0.134886
1.840208 4.087729 0.134457
1.734707 4.121072 0.134045
1.636901 4.149599 0.133655
1.550989 4.172549 0.133305
1.464877 4.194131 0.132948
1.366169 4.216503 0.132530
1.242467 4.241486 0.131996
1.143303 4.259093 0.131558
1.052271 4.273159 0.131148
0.944593 4.287601 0.130655
0.845141 4.298719 0.130192
0.753968 4.306857 0.129759
0.671101 4.312892 0.129361
0.571725 4.317989 0.128876
0.447653 4.321457 0.128259
0.373314 4.322019 0.127883
0.274372 4.320774 0.127376
0.151005 4.316359 0.126734
0.028061 4.308695 0.126081
-0.045482 4.302612 0.125685
-0.143209 4.292554 0.125151
-0.264838 4.277193 0.124476
-0.361675 4.262687 0.123930
-0.445981 4.248149 0.123448
-0.529977 4.232360 0.122963
-0.625419 4.212233 0.122403
-0.759669 4.180401 0.121603
-0.861527 4.153475 0.120985
-0.954887 4.126635 0.120411
-1.082104 4.086505 0.119615
-1.150877 4.062993 0.119178
-1.264628 4.021655 0.118446
-1.343579 3.991115 0.117932
-1.462506 3.941501 0.117143
-1.521517 3.915723 0.116747
-1.587346 3.885576 0.116300
-1.674293 3.843754 0.115703
-1.760361 3.800264 0.115103
-1.831274 3.762546 0.114602
-1.929504 3.707912 0.113900
-1.991885 3.671496 0.113447
-2.074104 3.621397 0.112843
-2.155310 3.569716 0.112238
-2.235338 3.516265 0.111632
-2.274980 3.488997 0.111329
-2.359742 3.428328 0.110672
-2.439963 3.368247 0.110041
-2.525236 3.301569 0.109359
-2.571874 3.263593 0.108980
-2.636362 3.209436 0.108451
-2.690844 3.162071 0.107997
-2.708842 3.146092 0.107846
-3.551512 2.144909 0.057733
-3.555964 2.059763 0.058363
-3.628272 2.035498 0.075108
-3.672170 1.954390 0.068240
-3.723550 1.850085 0.070141
-3.763111 1.747769 0.066528
-3.817246 1.644659 0.077808
-3.848767 1.553808 0.075838
-3.952970 1.447042 0.073760
-3.964778 1.359255 0.073952
-3.949735 1.253373 0.068908
-4.022787 1.229923 0.063091
-4.033550 1.148456 0.067445
-4.046264 1.042765 0.068482
-4.043441 0.956366 0.068236
-4.059676 0.859240 0.065484
-4.138425 0.856141 0.056176
-4.152201 0.734766 0.061786
-4.163244 0.643706 0.068906
-4.162007 0.552143 0.065210
-4.142943 0.443495 0.054311
-4.231951 0.436939 0.062271
-4.220693 0.360684 0.057101
-4.226550 0.261456 0.063066
-4.235385 0.150070 0.068962
-4.258637 0.063385 0.068874
-4.254423 -0.041814 0.076437
-4.256171 -0.151553 0.078013
-4.249839 -0.239871 0.068171
-6.918195 -0.541204 0.167897
-6.920376 -0.643524 0.167054
-6.919572 -0.749836 0.164191
-6.933131 -0.848499 0.167618
-6.939501 -0.942341 0.167601
-6.942002 -1.045911 0.169227
-6.932273 -1.139539 0.169131
-6.919110 -1.253897 0.169016
-6.952713 -1.344632 0.167781
-6.937082 -1.459809 0.168290
-6.943554 -1.568505 0.162277
-6.863303 -1.648764 0.168652
-6.890324 -1.762834 0.168078
-6.871001 -1.838776 0.167527
-6.856452 -1.946617 0.165358
-6.847778 -2.057546 0.154362
-6.839488 -2.152380 0.161068
-6.853427 -2.244751 0.164937
-6.837910 -2.345968 0.150859
-6.805079 -2.425373 0.157637
-6.760940 -2.559241 0.159018
-6.720571 -2.669581 0.157099
-6.739580 -2.741094 0.169179
-6.711136 -2.869340 0.169179
-6.660761 -2.938146 0.171758
-6.669828 -3.040291 0.169201
-6.636293 -3.168426 0.169235
-6.612712 -3.253793 0.169266
-6.588149 -3.339101 0.169304
-6.549452 -3.466932 0.169373
-6.548071 -3.559978 0.167608
-6.541086 -3.644609 0.165279
-6.487249 -3.658310 0.169506
-6.457843 -3.743178 0.169577
-6.442396 -3.828465 0.165681
-6.379201 -3.950304 0.167301
-6.331437 -4.052956 0.167763
-6.313754 -4.123487 0.169979
-6.261041 -4.249498 0.170145
-6.206206 -4.375104 0.170327
-6.177852 -4.437715 0.170424
-6.119478 -4.562569 0.170630
-6.069101 -4.666208 0.170815
-6.038052 -4.728186 0.170931
-5.974280 -4.851700 0.171176
-5.919394 -4.954144 0.171393
-5.896975 -4.994986 0.171483
-5.874297 -5.035749 0.171575
-5.816438 -5.137295 0.171813
-5.744909 -5.258467 0.172113
-5.732766 -5.336784 0.170729
-5.677262 -5.382508 0.171466
-4.433518 -6.861700 0.180875
-4.375649 -6.968589 0.178784
-4.334762 -7.034857 0.186292
-4.266934 -7.070509 0.179364
-4.155508 -7.167495 0.186623
-4.118549 -7.203824 0.180165
-4.056290 -7.242242 0.186906
-4.004714 -7.301804 0.180786
-3.946954 -7.350104 0.181103
-3.863993 -7.355844 0.190284
-3.829887 -7.445388 0.181749
-3.747422 -7.452513 0.187627
-3.730735 -7.523393 0.182301
-3.670495 -7.569518 0.182638
-3.609790 -7.615211 0.182979
-3.528003 -7.675332 0.183440
-3.445226 -7.734484 0.183910
-3.319551 -7.821691 0.184627
-3.255893 -7.864441 0.184992
-3.169815 -7.944099 0.190136
-3.062053 -7.989587 0.186112
-3.039558 -8.032537 0.195055
-2.961255 -8.067070 0.195122
-2.886053 -8.096622 0.187138
-2.862125 -8.114817 0.193376
-2.755971 -8.165373 0.192485
-2.653327 -8.268408 0.191066
-2.545955 -8.267308 0.192518
-2.456933 -8.360617 0.192434
-2.361572 -8.381179 0.190249
-2.262163 -8.436097 0.193020
-2.172190 -8.469321 0.192801
-2.101584 -8.504522 0.191817
-2.035114 -8.526203 0.192978
-1.951835 -8.553008 0.193699
-1.835982 -8.619060 0.193436
-1.738086 -8.658494 0.194038
-1.665708 -8.636031 0.194893
-1.614780 -8.706120 0.194798
-1.540264 -8.733712 0.195259
-1.415317 -8.778245 0.196035
-1.365053 -8.795494 0.196348
-1.314633 -8.812426 0.196662
-1.238699 -8.837183 0.197137
-1.111444 -8.876945 0.197936
-1.060279 -8.892265 0.198258
-1.008973 -8.907258 0.198582
-0.931733 -8.929087 0.199070
-0.802365 -8.963920 0.199890
-0.728029 -8.977879 0.210886
-0.675334 -8.987148 0.211047
-0.646025 -9.002895 0.200886
-0.593661 -9.015208 0.201221
-0.454459 -9.030681 0.208545
-0.357667 -9.037656 0.212119
-0.251125 -9.051273 0.212455
-0.146005 -9.132062 0.213111
-0.052723 -9.155648 0.217971
0.055460 -9.165438 0.218342
0.136726 -9.171936 0.218622
0.245394 -9.177712 0.218916
0.354055 -9.183789 0.219295
0.449050 -9.187545 0.215778
0.544542 -9.192657 0.220047
0.648459 -9.234144 0.228294
0.738710 -9.248056 0.235308
0.868461 -9.238165 0.231376
0.950826 -9.235486 0.231587
1.060654 -9.230788 0.231871
1.154087 -9.225108 0.227294
1.240547 -9.225982 0.230984
1.764647 -9.169459 0.233801
1.835207 -9.152110 0.237266
2.361390 -9.160082 0.248409
2.435426 -9.134440 0.235041
2.543078 -9.134698 0.236951
2.654080 -9.091092 0.236133
2.752833 -9.071093 0.243139
2.861323 -9.044633 0.243574
2.958694 -9.017883 0.250190
3.025652 -9.036833 0.222911
3.142254 -8.972127 0.238597
3.238548 -8.940943 0.245101
3.339481 -8.915813 0.239677
3.452129 -8.873988 0.245972
3.558315 -8.838422 0.246408
3.648584 -8.831897 0.230104
3.716503 -8.854777 0.225421
3.756516 -8.758263 0.252617
3.834701 -8.748260 0.242156
3.939950 -8.729903 0.232222
4.037292 -8.742409 0.227286
4.056510 -8.650665 0.248469
4.175506 -8.637875 0.233949
4.227466 -8.616361 0.234331
4.274322 -8.543809 0.254221
4.356701 -8.560870 0.235286
4.459414 -8.514814 0.236048
4.561486 -8.467256 0.236808
4.662892 -8.418205 0.237565
4.763608 -8.367669 0.238320
4.863607 -8.315660 0.239072
4.962867 -8.262187 0.239822
5.036837 -8.221174 0.240382
5.064185 -8.155822 0.252732
5.159071 -8.150899 0.241312
5.231846 -8.107733 0.241867
5.352025 -8.033900 0.242788
5.447225 -7.973290 0.243521
5.518076 -7.926964 0.244069
5.542385 -7.859767 0.254800
5.634955 -7.847920 0.244975
5.750364 -7.766725 0.245875
5.865273 -7.634138 0.256214
5.932055 -7.632692 0.247302
5.976840 -7.598333 0.247655
6.043513 -7.546145 0.248183
6.131552 -7.475489 0.248883
6.261644 -7.367129 0.249922
6.325820 -7.311934 0.250438
6.368241 -7.274726 0.250780
6.410387 -7.237213 0.251120
6.473049 -7.180338 0.251628
6.535150 -7.122864 0.252133
6.637127 -7.025501 0.252967
6.658662 -6.966215 0.259125
6.726007 -6.924800 0.258335
6.770893 -6.890211 0.258808
8.144930 -4.936016 0.247572
8.235999 -4.844242 0.250029
8.253226 -4.753800 0.252813
8.292447 -4.680727 0.253027
8.357000 -4.659538 0.256471
8.356097 -4.558110 0.253377
8.381095 -4.475801 0.268550
8.404115 -4.458543 0.253695
8.456910 -4.372706 0.248828
8.474742 -4.244636 0.269528
8.539752 -4.145366 0.259625
8.551689 -4.037209 0.270358
8.561262 -3.936769 0.248460
8.622648 -3.828144 0.271150
8.635869 -3.746718 0.241385
8.673895 -3.658650 0.249089
8.646403 -3.555099 0.253822
8.710025 -3.555545 0.249355
8.740871 -3.448792 0.254369
8.756600 -3.365311 0.246332
8.778606 -3.256775 0.260026
8.839272 -3.146929 0.244934
8.848270 -3.044075 0.254301
8.830277 -2.951312 0.246599
8.858963 -2.847434 0.246803
8.879557 -2.769331 0.246953
8.908612 -2.654134 0.256379
8.930894 -2.560362 0.247340
8.961415 -2.450756 0.238273
8.965840 -2.354013 0.256998
8.963660 -2.227848 0.275849
8.942595 -2.132420 0.244507
8.947960 -2.058662 0.234125
8.980563 -1.943878 0.255388
8.989636 -1.844169 0.245043
8.999645 -1.770992 0.276776
9.005798 -1.728512 0.234713
9.017554 -1.634006 0.245410
9.036862 -1.519584 0.235064
9.037666 -1.449880 0.245714
9.044984 -1.370925 0.245840
9.037281 -1.273248 0.256522
9.006794 -1.155929 0.277747
9.002221 -1.023021 0.277915
8.980995 -0.938511 0.254836
8.974353 -0.844809 0.243371
8.976936 -0.740887 0.243508
8.975642 -0.636704 0.243631
8.983583 -0.545828 0.232213
8.972379 -0.468858 0.255386
8.946904 -0.364948 0.278529
8.933185 -0.260844 0.278592
8.914227 -0.131237 0.278659
8.906056 -0.079572 0.278681
8.897561 -0.028009 0.278701
8.884174 0.049124 0.278726
8.870147 0.126043 0.278747
8.845073 0.253645 0.278769
8.823629 0.355217 0.278777
8.806767 0.431098 0.278777
8.772998 0.462381 0.243158
8.755749 0.572789 0.231427
8.748297 0.662557 0.243339
8.729938 0.768698 0.255193
8.724510 0.855550 0.231746
8.660098 0.954639 0.253945
8.640150 1.041304 0.241886
8.623539 1.139867 0.242271
8.576087 1.245921 0.278443
8.542759 1.342016 0.278362
8.517066 1.413697 0.278296
8.499567 1.461274 0.278250
8.472772 1.532319 0.278175
8.426758 1.649911 0.278041
8.360865 1.748852 0.240992
8.328211 1.846687 0.222673
8.309773 1.927992 0.277669
8.291169 1.983245 0.241073
8.268080 2.052899 0.241080
8.233742 2.144830 0.241047
8.183447 2.199732 0.277225
8.150434 2.266628 0.277102
8.116934 2.333156 0.276976
8.094278 2.377260 0.276890
8.059817 2.443040 0.276756
8.001283 2.551791 0.276524
7.977448 2.594946 0.276428
7.941240 2.659294 0.276280
7.904575 2.723252 0.276129
7.879831 2.765630 0.276026
7.829605 2.849726 0.275813
7.719134 3.034253 0.250224
7.674010 3.097470 0.275135
7.661578 3.149292 0.237581
7.565970 3.258438 0.274648
7.510836 3.337780 0.274395
7.426966 3.445452 0.248950
7.398073 3.493805 0.273868
7.369047 3.542493 0.257247
7.349732 3.629684 0.241403
7.267551 3.665236 0.273245
7.223244 3.721449 0.273031
7.163508 3.795604 0.272739
7.118222 3.850621 0.272516
7.041849 3.941184 0.272137
6.948912 4.048179 0.271670
6.854441 4.153106 0.271191
6.742507 4.273109 0.270616
6.661326 4.357035 0.270194
6.579277 4.439646 0.269765
6.462797 4.552771 0.269149
6.361669 4.647628 0.268609
6.259310 4.740392 0.268058
6.155789 4.831093 0.267495
6.086190 4.890489 0.267115
6.016065 4.948887 0.266730
5.980824 4.977741 0.266535
5.927732 5.020560 0.266241
5.856562 5.076882 0.265846
5.802907 5.118546 0.265547
5.748979 5.159632 0.265244
5.658572 5.226952 0.264736
3.844780 6.232789 0.254012
3.745714 6.271459 0.253402
3.526991 6.351499 0.252046
3.427269 6.385684 0.251425
3.387332 6.398957 0.251176
3.342076 6.443079 0.241761
3.267370 6.437442 0.250425
3.147196 6.473824 0.249669
3.067000 6.497159 0.249163
2.966645 6.524927 0.248528
2.846105 6.556477 0.247762
2.725464 6.586064 0.246993
2.624872 6.609256 0.246349
2.544369 6.626709 0.245832
2.463855 6.643515 0.245315
2.343069 6.666885 0.244535
2.262548 6.681516 0.244014
2.182039 6.695227 0.243492
2.141791 6.701764 0.243230
2.041199 6.717156 0.242575
1.920554 6.733923 0.241786
1.820087 6.746483 0.241128
1.759847 6.753352 0.240732
1.679575 6.761819 0.240203
1.559287 6.772970 0.239408
1.439166 6.782270 0.238612
1.339204 6.788640 0.237948
1.259352 6.792699 0.237415
1.179574 6.796150 0.236882
1.080018 6.799178 0.236216
0.960780 6.801189 0.235415
0.841817 6.801404 0.234613
0.742901 6.800247 0.233944
0.703396 6.799428 0.233676
0.624494 6.797202 0.233141
0.427897 6.788218 0.231801
0.349558 6.783168 0.231266
0.271345 6.777541 0.230730
0.057234 6.757827 0.229256
-0.058963 6.744665 0.228453
-0.174717 6.729808 0.227650
-0.270834 6.716163 0.226981
-0.347485 6.704391 0.226447
-0.462054 6.685344 0.225645
-0.538125 6.671634 0.225112
-0.651842 6.649835 0.224312
-0.840179 6.609872 0.222982
-0.952437 6.583734 0.222186
-1.045571 6.560791 0.221524
-1.212137 6.516603 0.220334
-1.285722 6.495811 0.219807
-1.359005 6.474261 0.219280
-1.468458 6.440777 0.218492
-1.541014 6.417465 0.217968
-1.774913 6.337313 0.216270
-1.864014 6.304570 0.215620
-1.952605 6.270734 0.214972
-2.040716 6.235893 0.214325
-2.110832 6.207255 0.213810
-2.145767 6.192687 0.213552
-2.250044 6.147940 0.212782
-2.319188 6.117380 0.212270
-2.387961 6.086112 0.211759
-2.456358 6.054141 0.211250
-2.558369 6.005108 0.210488
-2.659516 5.954524 0.209731
-2.726546 5.920093 0.209227
-2.793177 5.884975 0.208725
-2.875931 5.840171 0.208100
-2.958120 5.794426 0.207477
-3.055897 5.738148 0.206733
-3.152847 5.680556 0.205993
-3.232999 5.631563 0.205379
-3.344073 5.561237 0.204524
-3.407059 5.520326 0.204038
-3.453978 5.489171 0.203675
-3.531693 5.436549 0.203072
-3.593384 5.393766 0.202592
-3.639362 5.361271 0.202233
-3.715494 5.306426 0.201638
-3.760828 5.273048 0.201282
-3.835880 5.216738 0.200691
-3.895416 5.171023 0.200221
-3.939764 5.136338 0.199870
-4.042254 5.054142 0.199056
-4.100279 5.006490 0.198593
-4.157732 4.958128 0.198133
-4.271384 4.859883 0.197219
-4.327538 4.809957 0.196766
-5.447795 3.636923 0.164186
-5.445975 3.560249 0.187350
-5.547721 3.456261 0.171244
-5.553946 3.337250 0.158444
-5.654255 3.346641 0.142880
-5.649936 3.261183 0.185526
-5.745991 3.160773 0.147041
-5.780744 3.078540 0.157952
-5.814119 3.024367 0.142450
-5.852801 2.937753 0.153660
-5.903464 2.827393 0.148284
-5.948746 2.739914 0.158070
-5.970469 2.662513 0.140836
-6.017667 2.631871 0.182103
-6.044091 2.548203 0.167452
-6.113619 2.442245 0.181171
-6.155577 2.354958 0.180757
-6.131535 2.268199 0.148924
-6.258316 2.240982 0.155885
-6.271620 2.149411 0.167699
-6.290848 2.053528 0.179393
-6.342904 1.966600 0.161179
-6.383026 1.845853 0.160818
-6.416965 1.735753 0.164020
-6.448642 1.630113 0.160202
-6.471580 1.544750 0.159980
-6.518385 1.448001 0.176951
-6.528108 1.325789 0.159388
-6.547283 1.249301 0.159173
-6.640853 1.168271 0.164151
-6.664915 1.051025 0.163894
-6.668778 0.934133 0.175166
-6.692972 0.837285 0.174858
-6.733537 0.738281 0.160549
-6.745478 0.652903 0.164811
-6.755990 0.550088 0.153747
-6.760358 0.443253 0.161937
-6.749708 0.342323 0.153938
-6.821462 0.245865 0.155025
-6.845733 0.162547 0.153645
-6.855737 0.045435 0.166789
-6.863265 -0.061324 0.165316
-6.869026 -0.174797 0.167463
-6.867538 -0.260488 0.162659
-6.870137 -0.326566 0.164888
-6.870262 -0.428835 0.164731
-3.046257 14.765762 0.570035
-3.128593 14.733520 0.569102
-3.210704 14.701017 0.568174
-3.292592 14.668258 0.567253
-3.374257 14.635240 0.566338
-3.455700 14.601965 0.565428
-3.536922 14.568434 0.564525
-3.658314 14.517626 0.563181
-3.779269 14.466308 0.561849
-3.859613 14.431756 0.560968
-3.939741 14.396951 0.560094
-4.059500 14.344237 0.558793
-4.178829 14.291019 0.557504
-4.258095 14.255204 0.556653
-4.337148 14.219139 0.555807
-4.455301 14.164538 0.554549
-4.573031 14.109439 0.553303
-4.651237 14.072372 0.552480
-4.729232 14.035057 0.551662
-4.845808 13.978588 0.550446
-4.961966 13.921621 0.549242
-5.039128 13.883315 0.548447
-5.154459 13.825359 0.547265
-5.269379 13.766911 0.546094
-5.345718 13.727616 0.545321
-5.459820 13.668183 0.544172
-5.573515 13.608259 0.543034
-5.649043 13.567982 0.542283
-5.724369 13.527461 0.541537
-5.799493 13.486695 0.540796
-5.874418 13.445684 0.540061
-5.949142 13.404429 0.539332
-6.060831 13.342059 0.538248
-6.172122 13.279201 0.537175
-6.246054 13.236971 0.536467
-6.356557 13.173139 0.535416
-6.466667 13.108820 0.534376
-6.539814 13.065617 0.533689
-6.612765 13.022171 0.533008
-6.685522 12.978482 0.532332
-6.758086 12.934550 0.531661
-6.830456 12.890375 0.530996
-6.938626 12.823628 0.530008
-7.046412 12.756395 0.529032
-7.118013 12.711250 0.528387
-7.189424 12.665863 0.527749
-7.260644 12.620234 0.527115
-7.331675 12.574360 0.526487
-7.402516 12.528245 0.525863
-7.473168 12.481887 0.525245
-7.543631 12.435286 0.524633
-7.648949 12.364900 0.523724
-7.753892 12.294027 0.522826
-7.823604 12.246455 0.522234
-7.893130 12.198640 0.521648
-7.962470 12.150581 0.521066
-8.031623 12.102280 0.520490
-8.134983 12.029340 0.519636
-8.237972 11.955913 0.518793
-8.306386 11.906636 0.518237
-8.374615 11.857115 0.517687
-8.442660 11.807350 0.517142
-8.544363 11.732214 0.516335
-8.645699 11.656588 0.515538
-8.713013 11.605844 0.515014
-8.780144 11.554853 0.514494
-8.847093 11.503618 0.513980
-8.947154 11.426273 0.513220
-9.046852 11.348436 0.512469
-9.146098 11.269982 0.511732
-9.244983 11.191033 0.511004
-9.310665 11.138071 0.510526
-9.376168 11.084861 0.510054
-9.441492 11.031402 0.509586
-9.539117 10.950716 0.508895
-9.636384 10.869532 0.508214
-9.700991 10.815075 0.507767
-9.765417 10.760369 0.507325
-9.829665 10.705413 0.506888
-9.893735 10.650206 0.506457
-12.367557 8.164062 0.493262
-12.452352 8.064534 0.492950
-12.536784 7.964448 0.492649
-12.592832 7.897351 0.492455
-12.648698 7.829972 0.492267
-12.704381 7.762312 0.492085
-12.759884 7.694369 0.491907
-12.815203 7.626142 0.491736
-12.870338 7.557631 0.491570
-12.952677 7.454292 0.491332
-13.034648 7.350379 0.491106
-13.089049 7.280719 0.490962
-1.669815 -0.154811 -0.006219
-1.647907 -0.240940 -0.006842
-1.619836 -0.330486 -0.007475
-1.577230 -0.444066 -0.008257
-1.524167 -0.560357 -0.009029
-1.488291 -0.629119 -0.009473
-1.423789 -0.736757 -0.010142
-1.349333 -0.843649 -0.010777
-1.267639 -0.944654 -0.011342
-1.171905 -1.046507 -0.011873
-1.036334 -1.167723 -0.012441
-0.867317 -1.289740 -0.012917
-0.771155 -1.346521 -0.013086
-0.681164 -1.393308 -0.013194
-0.560518 -1.446166 -0.013259
-0.452552 -1.485024 -0.013251
-0.247085 -1.538876 -0.013074
-0.135724 -1.557931 -0.012896
-0.060312 -1.566528 -0.012742
0.060915 -1.574057 -0.012444
0.152067 -1.574663 -0.012179
0.249920 -1.569785 -0.011851
0.364222 -1.557558 -0.011415
0.454448 -1.543027 -0.011032
0.533942 -1.525852 -0.010660
0.622583 -1.502829 -0.010213
0.681011 -1.484843 -0.009897
0.767463 -1.453952 -0.009394
0.838488 -1.425264 -0.008955
0.963030 -1.365493 -0.008109
1.026124 -1.331293 -0.007649
1.079015 -1.299680 -0.007240
1.150581 -1.252504 -0.006651
1.239433 -1.187789 -0.005871
1.311289 -1.128772 -0.005187
1.376363 -1.069509 -0.004521
1.409875 -1.037031 -0.004162
1.460213 -0.984555 -0.003594
1.518596 -0.918071 -0.002890
1.570680 -0.852849 -0.002214
1.636163 -0.760354 -0.001281
1.706406 -0.647530 -0.000172
1.944111 0.356840 0.008559
1.937249 0.443344 0.009230
1.920693 0.567287 0.010172
1.908638 0.631581 0.010650
1.809933 0.956100 0.012952
1.650513 1.260520 0.014913
1.574041 1.369447 0.015558
1.494729 1.467335 0.016106
1.226435 1.718775 0.017322
0.911941 1.912256 0.017938
0.661371 2.011033 0.017987
0.538607 2.044931 0.017895
-0.248660 2.057739 0.015669
-0.357580 2.031942 0.015140
-0.448808 2.005249 0.014657
-0.646202 1.928089 0.013457
-0.847194 1.820654 0.012004
-1.010805 1.706681 0.010609
-1.120419 1.613982 0.009544
-1.229631 1.505264 0.008352
-1.393629 1.299975 0.006226
-1.480132 1.161304 0.004862
-1.581985 0.949807 0.002870
-1.649159 0.752723 0.001096
-1.669305 0.674786 0.000414
-1.691185 0.564583 -0.000532
-1.701026 0.501274 -0.001067
-1.707018 0.448336 -0.001508
-1.714695 0.352922 -0.002293
-1.716921 0.262808 -0.003020
-1.713095 0.141292 -0.003980
-1.706720 0.064225 -0.004577
-1.692113 -0.041676 -0.005334
-1.990793 -0.169552 0.004038
-1.967371 -0.265229 0.003320
-1.943685 -0.347893 0.002711
-1.914406 -0.434992 0.002082
-1.819576 -0.659672 0.000517
-1.765391 -0.744052 -0.003523
-1.718167 -0.834118 -0.002310
-1.645659 -0.938835 -0.003813
-1.550300 -1.058204 -0.005311
-1.502264 -1.135865 -0.002451
-1.460324 -1.164766 -0.005316
-1.411043 -1.222057 -0.004670
-1.344615 -1.272079 -0.006945
-1.258500 -1.356177 -0.005950
-1.206729 -1.414534 -0.003858
-1.150289 -1.437803 -0.006613
-1.046251 -1.527758 -0.004308
-0.944984 -1.566629 -0.007390
-0.918817 -1.604026 -0.004553
-0.835963 -1.635393 -0.006118
-0.752972 -1.671654 -0.006505
-0.631182 -1.728521 -0.005608
-0.558716 -1.743257 -0.006963
-0.456022 -1.779171 -0.006311
-0.332436 -1.822419 -0.004590
-0.247949 -1.822763 -0.006533
-0.140206 -1.843131 -0.005812
-0.063438 -1.855308 -0.005134
0.040238 -1.858244 -0.005389
0.164992 -1.859890 -0.005041
0.257086 -1.856732 -0.004756
0.346048 -1.849514 -0.004455
0.464196 -1.834464 -0.004021
0.552299 -1.819116 -0.003671
0.637347 -1.807473 -0.001554
0.755093 -1.768513 -0.002770
0.865960 -1.731964 -0.002219
0.902545 -1.718581 -0.002027
1.354345 -1.483260 0.003270
1.432420 -1.426068 0.003975
1.540467 -1.337867 0.005026
1.694709 -1.195650 0.003543
1.991345 -0.791799 0.010876
2.221827 -0.252240 0.013516
2.260723 -0.163272 0.009071
2.273692 -0.055909 0.012365
2.272276 0.066458 0.018787
2.280214 0.155186 0.019541
2.284300 0.250814 0.020341
2.253379 0.666673 0.023672
2.273082 0.745287 0.015113
2.240707 0.851147 0.017972
2.180948 0.962492 0.025890
2.155825 1.036523 0.026425
2.145080 1.143125 0.019543
2.067700 1.245240 0.027878
2.055707 1.357359 0.017907
1.989649 1.392065 0.028853
1.955635 1.448402 0.029215
1.941873 1.527540 0.021352
1.882409 1.558048 0.029897
1.847042 1.641762 0.024652
1.794092 1.673538 0.030583
1.748838 1.751678 0.026625
1.688871 1.792737 0.031248
1.637619 1.844743 0.031523
1.594477 1.886142 0.031734
1.555623 1.951611 0.025965
1.478843 1.986333 0.032212
1.438683 2.061139 0.023255
1.339703 2.089610 0.032644
0.970895 2.291496 0.033198
-0.957925 2.174409 0.026440
-1.254969 1.967392 0.023843
-1.373978 1.861183 0.022611
-1.455299 1.779167 0.021692
-1.520418 1.730877 0.012725
-1.570260 1.670087 0.012201
-1.622970 1.608404 0.008987
-1.661252 1.541024 0.012741
-1.725440 1.450455 0.008847
-1.771804 1.353844 0.013445
-1.827516 1.260805 0.007443
-1.874584 1.150549 0.008082
-1.895561 1.077148 0.014589
-1.917785 1.047549 0.003837
-1.937801 0.956736 0.013471
-1.966678 0.859137 0.012580
-2.012961 0.642517 0.010658
-2.026984 0.542648 0.009793
-2.036381 0.155276 0.006575
-2.026303 0.043908 0.005689
-2.013792 -0.048183 0.004968
-2.001636 -0.115103 0.004615
-2.450296 -0.253308 0.007978
-2.312838 -0.546674 0.014896
-1.942014 -1.154007 0.006138
-1.857530 -1.270065 0.006140
-1.828996 -1.365166 0.009351
-1.758270 -1.442736 0.008902
-1.639952 -1.559969 0.008259
-1.536793 -1.651114 0.007793
-1.452242 -1.654252 0.004148
-1.421677 -1.742254 0.007363
-1.337120 -1.747201 0.004345
-1.340945 -1.800060 0.007115
-1.248120 -1.840359 0.005908
-1.136569 -1.926916 0.006653
-1.033589 -1.962151 0.005614
-0.941233 -2.025508 0.006406
-0.843964 -2.067006 0.006349
-0.746337 -2.055926 0.004194
-0.665187 -2.131774 0.006342
-0.530674 -2.147966 0.005411
-0.446049 -2.157596 0.005009
-0.361996 -2.209479 0.006606
-0.247586 -2.229204 0.006788
-0.163822 -2.239955 0.006953
-0.065732 -2.249434 0.007173
0.032706 -2.254858 0.007429
0.152466 -2.256515 0.007783
0.244094 -2.254360 0.008083
0.328602 -2.249125 0.008387
0.455066 -2.236335 0.008886
0.566974 -2.219764 0.009372
0.664368 -2.201410 0.009829
0.741783 -2.153947 0.008520
0.847184 -2.141078 0.009906
0.952035 -2.123600 0.011381
1.005865 -2.105019 0.011706
1.065447 -2.053908 0.010133
1.138152 -2.034182 0.011226
1.243178 -2.006735 0.013280
1.270955 -1.955104 0.010617
1.327929 -1.930549 0.011234
1.408647 -1.921071 0.014524
1.445304 -1.866032 0.011991
1.545461 -1.824001 0.014425
1.650493 -1.738544 0.013939
1.756095 -1.667919 0.015724
1.827648 -1.626845 0.018340
1.840080 -1.574746 0.014004
1.937167 -1.527306 0.019531
2.012897 -1.451569 0.020415
2.054245 -1.374100 0.016823
2.116980 -1.317637 0.019364
2.159289 -1.257073 0.018649
2.406582 -0.918753 0.026202
2.426241 -0.863798 0.023585
2.466097 -0.776813 0.022706
2.522368 -0.655033 0.023721
2.557855 -0.562228 0.023373
2.706629 -0.052958 0.034562
2.716689 0.063319 0.029045
2.726516 0.158332 0.029727
2.732464 0.246113 0.030304
2.735891 0.349577 0.030963
2.734913 0.453508 0.031642
2.731010 0.551532 0.034804
2.721567 0.648514 0.030343
2.711621 0.736911 0.036098
2.691274 0.860025 0.036934
2.670104 0.961142 0.034849
2.645638 1.061269 0.032591
2.622915 1.137441 0.037591
2.578712 1.268417 0.039575
2.541260 1.367667 0.037163
2.498799 1.456878 0.046894
2.461649 1.542997 0.038096
2.227663 1.925234 0.039920
2.189156 1.976352 0.040134
2.143985 2.032604 0.040376
2.099992 2.074333 0.050973
2.041778 2.149450 0.040855
1.939655 2.257022 0.037688
1.897328 2.283067 0.052144
1.847943 2.334376 0.045147
1.787205 2.378857 0.052629
1.737533 2.443251 0.035947
1.645355 2.487565 0.053127
1.565179 2.560650 0.038614
1.482212 2.594976 0.053548
1.460058 2.642091 0.027958
1.363016 2.670445 0.044642
1.253969 2.737394 0.034038
1.150793 2.776084 0.040141
1.072518 2.796190 0.054018
1.052199 2.822289 0.030096
0.948681 2.854356 0.031505
0.851137 2.879631 0.036698
0.760832 2.894544 0.053905
0.661151 2.924625 0.029390
0.446542 2.959168 0.032344
0.347120 2.965183 0.033024
0.246756 2.971553 0.038921
0.157383 2.971387 0.028564
0.058535 2.966208 0.033066
-0.056417 2.961692 0.034868
-0.151568 2.954904 0.030802
-0.252576 2.937017 0.031401
-0.361755 2.920854 0.034206
-0.448644 2.908823 0.034730
-0.546465 2.871758 0.030333
-0.651617 2.835849 0.030991
-0.732213 2.824205 0.031496
-0.775035 2.789488 0.031219
-0.861143 2.759479 0.029408
-0.948017 2.722405 0.028525
-1.013887 2.702388 0.035605
-1.062690 2.665211 0.027956
-1.148021 2.623583 0.029249
-1.200254 2.600919 0.045356
-1.260332 2.549221 0.026837
-1.322246 2.523222 0.044314
-1.356468 2.477518 0.020974
-1.434801 2.438680 0.034761
-1.547067 2.339413 0.028378
-1.644895 2.247075 0.023731
-1.755440 2.141016 0.027044
-1.838968 2.043880 0.024255
-1.882106 1.993521 0.024133
-1.921795 1.940066 0.021947
-1.974616 1.871270 0.022174
-2.010628 1.813546 0.020167
-2.052337 1.753838 0.020640
-2.100702 1.700016 0.034850
-2.125804 1.636840 0.020481
-2.173955 1.538593 0.018701
-2.266442 1.347852 0.016489
-2.322583 1.233836 0.013166
-2.331706 1.158831 0.019509
-2.370829 1.050264 0.012512
-2.373727 0.970945 0.017655
-2.413080 0.941174 0.016932
-2.430204 0.860067 0.018481
-2.435765 0.745111 0.012077
-2.463705 0.640279 0.012886
-2.451990 0.541689 0.012522
-2.448068 0.457916 0.016551
-2.449326 0.349132 0.015804
-2.438141 0.242749 0.013113
-2.448649 0.156971 0.016550
-2.429569 0.051727 0.013889
-2.441787 -0.047143 0.018792
-2.458201 -0.142051 0.010859
-2.973683 -0.278310 0.027792
-2.955405 -0.346982 0.025819
-2.934362 -0.456990 0.026925
-2.941863 -0.577337 0.027856
-2.874409 -0.654226 0.024383
-2.845025 -0.748815 0.025426
-2.839243 -0.855419 0.021709
-2.795458 -0.878899 0.026958
-2.762147 -0.954811 0.024345
-2.725233 -1.040946 0.020821
-2.667219 -1.153557 0.023443
-2.623732 -1.243220 0.021166
-2.588364 -1.271063 0.028537
-2.557167 -1.353452 0.021450
-2.474929 -1.440361 0.027351
-2.436405 -1.531643 0.021823
-2.395640 -1.546407 0.026634
-2.358882 -1.636573 0.021418
-2.295191 -1.668866 0.025834
-2.246912 -1.748212 0.023184
-2.189230 -1.785894 0.025101
-2.128002 -1.848391 0.024725
-1.232085 -2.478883 0.021811
-1.193108 -2.497155 0.021768
-1.130212 -2.525139 0.021712
-1.056039 -2.555796 0.021668
-0.986724 -2.583105 0.021639
-0.938327 -2.600877 0.021630
-0.840697 -2.633899 0.021639
-0.733949 -2.666470 0.021680
-0.651073 -2.688774 0.021740
-0.567689 -2.709038 0.021820
-0.458501 -2.731820 0.021959
-0.365577 -2.748336 0.022103
-0.263659 -2.763032 0.022293
-0.135667 -2.776907 0.022573
0.465421 -2.773683 0.024512
0.551128 -2.764228 0.024871
0.645135 -2.750867 0.025292
0.941731 -2.690190 0.026789
1.058887 -2.658023 0.027455
1.141980 -2.632542 0.027952
1.207987 -2.610380 0.028365
1.273565 -2.586729 0.028789
1.346802 -2.558394 0.029281
1.459537 -2.510803 0.030074
1.499453 -2.492848 0.030365
1.570649 -2.458856 0.030902
1.664516 -2.410982 0.031638
1.741595 -2.368525 0.032271
1.817722 -2.324076 0.032919
1.885270 -2.282170 0.033516
1.954262 -2.236759 0.034150
2.046377 -2.172485 0.035030
2.103464 -2.130094 0.035599
2.152715 -2.091911 0.036105
2.957668 -1.157603 0.047200
2.993702 -1.093206 0.047903
3.066675 -0.950318 0.049441
3.320591 -0.248800 0.027064
3.334561 -0.155087 0.040946
3.349540 -0.068014 0.033158
3.363156 0.044031 0.033871
3.380291 0.345493 0.035743
3.383262 0.455296 0.045388
3.372110 0.538461 0.027864
3.368511 0.648538 0.037525
3.346155 1.169287 0.044716
3.343941 1.222148 0.041410
3.271411 1.342228 0.058836
3.251686 1.446562 0.043045
3.234508 1.548167 0.052006
3.152288 1.654696 0.054265
3.145915 1.757105 0.053044
3.067149 1.861567 0.054708
3.030298 1.938803 0.047759
2.967963 2.046409 0.052168
2.922238 2.158902 0.054809
2.848102 2.268374 0.066738
2.779017 2.362045 0.055675
2.729919 2.424768 0.055926
1.634814 3.380034 0.064149
1.548180 3.421085 0.052214
1.479045 3.451956 0.064203
1.384391 3.488544 0.049184
1.349375 3.533839 0.044825
1.238876 3.540965 0.052128
1.144685 3.572340 0.056590
1.046840 3.651480 0.044159
0.946144 3.626053 0.056420
0.846061 3.647943 0.056312
0.733715 3.664405 0.048637
0.669120 3.679118 0.056075
0.555869 3.733613 0.049369
0.451074 3.732425 0.063661
0.349444 3.753296 0.043198
0.239350 3.758222 0.039155
0.141523 3.751563 0.048540
0.064331 3.743862 0.057909
-0.044743 3.742935 0.048077
-0.147933 3.733923 0.047770
-0.251295 3.746069 0.043625
-0.367847 3.670970 0.053657
-0.451379 3.671916 0.050129
-0.542319 3.649756 0.035103
-0.645323 3.642974 0.046219
-0.745385 3.643388 0.042341
-0.774541 3.570769 0.045277
-0.851429 3.566006 0.040664
-0.946806 3.539386 0.034771
-1.041429 3.554070 0.035723
-1.056846 3.483706 0.037678
-1.155026 3.447612 0.042361
-1.237651 3.430247 0.034952
-1.273622 3.378949 0.043466
-1.358152 3.359469 0.033418
-1.428657 3.321294 0.040218
-1.469439 3.286914 0.036216
-1.558863 3.244292 0.034947
-1.648681 3.245899 0.033363
-1.658004 3.173991 0.041719
-1.728637 3.126478 0.041340
-1.783677 3.080593 0.047233
-1.835159 3.057587 0.033708
-1.965183 2.948919 0.038544
-2.059525 2.872909 0.036887
-2.129967 2.812040 0.030094
-2.172050 2.757818 0.040417
-2.976557 1.565044 0.024327
-3.056918 0.856603 0.026663
-3.075632 0.751807 0.029906
-3.083103 0.661196 0.025792
-3.093567 0.552764 0.030851
-3.097454 0.448935 0.028199
-3.095873 0.344860 0.037485
-3.937124 -0.439937 0.056846
-3.841851 -0.456488 0.045564
-3.860693 -0.561654 0.053808
-3.834336 -0.647990 0.047148
-3.826769 -0.736537 0.056981
-3.765414 -0.755019 0.044172
-3.747777 -0.853062 0.049653
-3.743819 -0.939849 0.046326
-3.722360 -1.046183 0.050819
-3.664907 -1.061955 0.046627
-3.650653 -1.146254 0.043057
-3.634356 -1.248768 0.045729
-3.568678 -1.246232 0.048294
-3.564455 -1.346243 0.042203
-3.541551 -1.422971 0.046444
-3.472576 -1.462681 0.046581
-3.456161 -1.545739 0.044021
-3.363014 -1.664152 0.047414
-3.350061 -1.755037 0.040998
-3.275497 -1.770047 0.047970
-3.244481 -1.860204 0.043515
-3.152370 -1.950201 0.046204
-3.158315 -2.051392 0.042096
-3.071539 -2.060153 0.045740
-3.061658 -2.152062 0.041630
-2.972410 -2.151052 0.043464
-2.936930 -2.263815 0.043149
-2.839151 -2.267397 0.039965
-2.835614 -2.355379 0.044062
-2.649498 -2.446132 0.036717
-1.747480 -3.147198 0.035467
-1.649895 -3.142097 0.036288
-1.542845 -3.234338 0.036952
-1.447679 -3.239274 0.035560
-1.357155 -3.276221 0.035181
-1.323430 -3.347825 0.035628
-1.246639 -3.340694 0.036471
-1.143561 -3.367232 0.036363
-1.051498 -3.383598 0.034199
-1.031656 -3.443405 0.035361
-0.956553 -3.433063 0.036348
-0.851432 -3.462988 0.035460
-0.763055 -3.478953 0.036731
-0.669774 -3.485662 0.033541
-0.659436 -3.531325 0.037116
-0.548895 -3.534416 0.036845
-0.444737 -3.556849 0.036407
-0.348205 -3.568134 0.036254
-0.254179 -3.575206 0.035170
-0.156897 -3.572029 0.040426
0.048780 -3.582245 0.037414
0.136458 -3.584381 0.037558
0.241768 -3.583462 0.035282
0.344938 -3.581813 0.037901
0.455048 -3.577141 0.040710
0.541738 -3.568468 0.035709
0.656096 -3.566924 0.037910
0.744009 -3.565879 0.039145
0.849745 -3.553061 0.038248
0.950379 -3.550261 0.038450
1.060258 -3.548962 0.039782
1.063898 -3.488627 0.039736
1.149785 -3.468234 0.039969
1.260342 -3.452644 0.035876
1.355544 -3.444126 0.042227
1.447063 -3.382515 0.040952
1.571979 -3.348589 0.040593
1.652880 -3.349764 0.040404
1.747793 -3.269282 0.042055
1.849312 -3.257261 0.042949
1.946007 -3.168182 0.037010
2.041623 -3.166231 0.043030
2.143130 -3.145019 0.040334
2.155961 -3.054662 0.037597
2.267053 -3.057836 0.044425
2.349850 -2.961170 0.043772
2.453513 -2.945652 0.045438
2.558308 -2.863587 0.047601
2.650082 -2.834421 0.043558
2.657997 -2.788991 0.046979
2.723913 -2.748754 0.044962
2.755685 -2.668589 0.045169
2.839432 -2.652149 0.043270
3.650725 -1.736588 0.055399
3.757399 -1.653418 0.053575
3.747721 -1.551473 0.052258
3.849066 -1.549779 0.054498
3.863137 -1.450923 0.060092
3.849535 -1.342196 0.053070
3.949721 -1.346407 0.055062
3.966787 -1.252774 0.058987
3.957401 -1.165854 0.053137
4.044397 -1.153777 0.058236
4.059545 -1.049336 0.057890
4.081856 -0.969081 0.060817
4.141746 -0.939573 0.061049
4.159230 -0.852926 0.064337
4.153844 -0.746679 0.056667
4.257269 -0.652527 0.068042
4.241151 -0.565647 0.064847
4.250302 -0.448263 0.062919
4.263750 -0.352693 0.062156
4.349578 -0.337724 0.067402
4.343530 -0.250637 0.068136
4.346052 -0.139208 0.071425
4.363619 -0.050880 0.075700
4.363017 0.042908 0.072010
4.371444 0.153853 0.072487
4.429119 0.244705 0.070020
4.446593 0.342984 0.068101
4.442425 0.438481 0.066663
4.432274 0.545359 0.071524
4.445927 0.640242 0.061981
4.431890 0.688997 0.100138
4.431242 0.765982 0.100868
4.429288 0.843096 0.101596
4.422936 0.971855 0.102799
4.417336 1.049208 0.103516
4.407489 1.152411 0.104465
4.395200 1.255622 0.105405
4.380454 1.358782 0.106336
4.367585 1.436069 0.107027
4.343074 1.564660 0.108167
4.326525 1.641641 0.108842
4.305277 1.731219 0.109622
4.295597 1.769531 0.109953
4.275029 1.845963 0.110610
4.237662 1.972797 0.111689
4.213389 2.048523 0.112326
4.178584 2.148928 0.113162
3.809074 2.922412 0.119253
3.729264 3.048262 0.120176
3.665831 3.141955 0.120849
3.613464 3.215957 0.121374
3.597368 3.237920 0.121527
3.531439 3.324773 0.122127
2.313269 4.387908 0.128056
2.248690 4.424393 0.128181
2.142479 4.481523 0.128360
2.030416 4.537665 0.128508
1.942017 4.578928 0.128597
1.826995 4.629122 0.128679
1.749376 4.660472 0.128711
1.671260 4.690627 0.128729
1.605647 4.714448 0.128730
1.552829 4.732619 0.128721
1.459887 4.762950 0.128690
1.366199 4.790987 0.128635
1.312406 4.806157 0.128594
1.244797 4.823800 0.128530
1.149782 4.847097 0.128425
1.067859 4.865039 0.128314
0.930620 4.891543 0.128094
0.847857 4.905103 0.127938
0.764859 4.917102 0.127767
0.653867 4.930518 0.127513
0.556501 4.939809 0.127267
0.431083 4.948566 0.126919
0.347369 4.952150 0.126665
0.235709 4.954455 0.126303
0.151977 4.954240 0.126013
0.040420 4.951363 0.125602
-0.070961 4.945533 0.125163
-0.154340 4.939321 0.124817
-0.251344 4.929677 0.124392
-0.348100 4.918208 0.123950
-0.430707 4.906342 0.123553
-0.540398 4.888116 0.123002
-0.649495 4.867112 0.122427
-0.730828 4.849338 0.121978
-0.838644 4.823321 0.121360
-0.918975 4.802010 0.120881
-0.998786 4.779085 0.120388
-1.051700 4.762944 0.120052
-1.148008 4.731455 0.119421
-1.208921 4.710452 0.119012
-1.286621 4.681947 0.118473
-1.363635 4.651876 0.117922
-1.440047 4.620502 0.117361
-1.540731 4.576234 0.116593
-1.652403 4.523404 0.115706
-1.858639 4.415475 0.113970
-1.929737 4.374692 0.113337
-2.034782 4.311171 0.112371
-2.069344 4.289363 0.112045
-2.160289 4.229576 0.111163
-2.271588 4.151825 0.110040
-2.369398 4.079040 0.109011
-2.433182 4.028923 0.108315
-2.547668 3.934456 0.107022
-2.658295 3.836160 0.105706
-2.739625 3.759409 0.104696
-2.868304 3.629498 0.103017
-2.943788 3.547896 0.101980
-3.011233 3.471321 0.101020
-3.765074 2.249013 0.065635
-3.744724 2.148931 0.060561
-3.857094 2.051713 0.061451
-3.835214 1.959733 0.060180
-3.862728 1.860791 0.063998
-3.960807 1.761690 0.057932
-3.925041 1.657411 0.060684
-3.955531 1.546805 0.059928
-4.051909 0.751307 0.055060
-4.048928 0.646827 0.059572
-4.044604 0.547971 0.058408
-4.040029 0.437345 0.059923
-4.042305 0.343901 0.060185
-4.040576 0.250178 0.057630
-4.052274 0.150838 0.055695
-4.045286 0.057845 0.055733
-3.941173 -0.040329 0.051015
-3.947672 -0.138073 0.059837
-3.959680 -0.258916 0.059749
-3.968579 -0.359309 0.055567
-5.457344 -0.662282 0.110039
-5.431816 -0.766356 0.109439
-5.415308 -0.838687 0.109156
-5.358509 -0.848563 0.105816
-5.358114 -0.946224 0.106901
-5.332626 -1.062384 0.107131
-5.210380 -1.326991 0.103066
-5.191671 -1.374804 0.103015
-5.157343 -1.451049 0.102609
-5.133278 -1.539981 0.102174
-5.077393 -1.597971 0.101344
-5.055506 -1.640871 0.100945
-5.059141 -1.744217 0.101628
-4.967731 -1.771220 0.097342
-4.934243 -1.837479 0.096889
-4.868726 -1.959053 0.095221
-4.825225 -2.043651 0.094791
-4.768437 -2.150172 0.093818
-4.721370 -2.240307 0.093212
-4.640773 -2.270869 0.078481
-4.645155 -2.359299 0.093176
-4.550538 -2.460661 0.084949
-4.539938 -2.549444 0.092090
-4.440611 -2.551701 0.078507
-4.471289 -2.655457 0.091708
-4.347290 -2.653746 0.074692
-4.332146 -2.719666 0.075354
-4.270654 -2.758842 0.070569
-4.227894 -2.854362 0.074480
-4.136846 -2.942647 0.070417
-4.057616 -3.046500 0.076605
-3.958440 -3.160070 0.077721
-3.860640 -3.243702 0.087471
-3.751184 -3.346086 0.086735
-3.641401 -3.443672 0.086054
-3.560747 -3.512654 0.085583
-2.449521 -4.263465 0.078678
-2.372662 -4.287961 0.081355
-2.262973 -4.352304 0.079869
-2.171719 -4.382579 0.081049
-2.066500 -4.457413 0.078741
-1.837702 -4.560564 0.078457
-0.958710 -4.736322 0.074201
-0.862677 -4.731826 0.078079
-0.651605 -4.832471 0.081713
-0.554662 -4.846633 0.081918
-0.418569 -4.863936 0.082235
-0.337916 -4.834620 0.072600
-0.239282 -4.831146 0.070897
-0.142325 -4.850285 0.075089
-0.059150 -4.869512 0.077210
0.048508 -4.850702 0.071346
0.144130 -4.933431 0.082024
0.251030 -4.950187 0.081333
0.359352 -4.964511 0.080511
0.456626 -4.866787 0.074312
0.555608 -4.847562 0.072281
0.654363 -4.842974 0.076432
0.751780 -4.849178 0.075107
0.858106 -4.844615 0.071851
0.941502 -4.849228 0.079715
1.047263 -4.829049 0.076297
1.142648 -4.836167 0.088403
1.250337 -4.856537 0.084110
1.338996 -4.839418 0.084412
1.336783 -4.757176 0.073829
1.459612 -4.761712 0.080347
1.562334 -4.726472 0.074078
1.654597 -4.766077 0.085584
1.749286 -4.740723 0.086012
1.838400 -4.670979 0.083855
1.925036 -4.645885 0.084366
2.047873 -4.651230 0.085846
2.164382 -4.557509 0.081026
2.253946 -4.578803 0.084374
2.357503 -4.529502 0.088561
2.446893 -4.462983 0.084675
2.560182 -4.442242 0.089627
2.643081 -4.403549 0.090052
2.738731 -4.355998 0.090509
2.894824 -4.287345 0.101126
2.949945 -4.259887 0.101641
3.554450 -3.909661 0.107833
3.748667 -3.776082 0.110058
3.825253 -3.720412 0.110969
3.875905 -3.682510 0.111584
3.951295 -3.624552 0.112516
5.003057 -2.573274 0.128240
5.063754 -2.494425 0.129351
5.103605 -2.441185 0.130097
5.162444 -2.360325 0.131224
5.201034 -2.305755 0.131980
5.239040 -2.250594 0.132740
5.295228 -2.167036 0.133887
5.313668 -2.138902 0.134272
5.368129 -2.053688 0.135431
5.438847 -1.938325 0.136989
5.546910 -1.850270 0.114162
5.566727 -1.740181 0.131339
5.622738 -1.640087 0.123585
5.658036 -1.554098 0.124129
5.691080 -1.472802 0.143150
5.734202 -1.443045 0.121926
5.745856 -1.339322 0.129581
5.766093 -1.248778 0.116485
5.847273 -1.145896 0.139540
5.870886 -1.046564 0.127288
5.945129 -0.952161 0.126002
5.956909 -0.855597 0.128367
5.963915 -0.769788 0.134202
6.041821 -0.650015 0.131926
6.049705 -0.553857 0.133685
6.067378 -0.459137 0.132017
6.127575 -0.353253 0.142208
6.148937 -0.241571 0.143378
6.155801 -0.155977 0.136574
6.158867 -0.048809 0.141245
6.146006 0.055974 0.130943
6.208214 0.080083 0.162488
6.218179 0.133459 0.163123
6.236798 0.240695 0.164395
6.250942 0.330543 0.165454
6.263751 0.420837 0.166514
6.279492 0.547937 0.167997
6.292742 0.675766 0.169479
6.308870 0.764424 0.142688
6.307062 0.851204 0.157359
6.308759 0.948970 0.158244
6.316580 1.063280 0.173910
6.318658 1.156320 0.174960
6.319398 1.249601 0.176008
6.318676 1.343122 0.177053
6.315974 1.455613 0.178303
6.312182 1.549554 0.179341
6.345936 1.647629 0.157651
6.340008 1.752745 0.150537
6.297127 1.775621 0.181817
6.290246 1.851122 0.182637
6.280294 1.945573 0.183658
6.276815 2.052060 0.155283
6.250878 2.166372 0.169298
6.227541 2.250851 0.152932
6.219006 2.361491 0.188088
6.201060 2.455951 0.189079
6.173373 2.443657 0.153901
6.137850 2.550145 0.154282
6.160439 2.644588 0.191039
6.128558 2.776340 0.192396
6.147043 2.856457 0.172563
6.082951 2.945202 0.194117
6.058978 3.066833 0.180907
6.059983 3.156262 0.154066
6.011734 3.232259 0.163330
5.983693 3.268439 0.174999
5.955392 3.354964 0.163929
5.936670 3.423258 0.160291
5.867525 3.533463 0.158717
5.873482 3.556960 0.200184
5.835772 3.648255 0.201066
5.804690 3.721030 0.201764
5.756032 3.829571 0.202798
5.713761 3.919459 0.203646
5.651952 4.044377 0.204814
5.615460 4.115323 0.205472
5.577868 4.185838 0.206121
5.539221 4.255917 0.206761
5.469443 4.377626 0.207862
5.417784 4.463733 0.208633
5.364562 4.549087 0.209390
5.309906 4.633717 0.210133
5.287615 4.667345 0.210426
5.230823 4.750834 0.211148
5.160648 4.849875 0.211995
5.076405 4.964013 0.212957
5.026909 5.028392 0.213493
3.512983 6.405141 0.223236
3.442473 6.449128 0.223465
3.335699 6.513605 0.223786
3.263597 6.555167 0.223981
3.136143 6.625825 0.224295
3.043925 6.674291 0.224492
2.950878 6.721270 0.224669
2.856913 6.766528 0.224823
2.743099 6.818747 0.224981
2.628185 6.868673 0.225110
2.531543 6.908331 0.225191
2.434207 6.946367 0.225252
2.355777 6.975403 0.225283
1.917634 7.116155 0.225216
1.877261 7.127250 0.225189
1.755647 7.158730 0.225085
1.653833 7.183134 0.224977
1.531083 7.209971 0.224817
1.428378 7.230381 0.224660
1.325314 7.248902 0.224481
1.221954 7.265674 0.224281
1.180529 7.271856 0.224195
1.076787 7.285992 0.223964
0.972832 7.298368 0.223712
0.931193 7.302789 0.223606
0.826980 7.312517 0.223324
0.722637 7.320477 0.223021
0.680869 7.323130 0.222894
0.555491 7.329223 0.222492
0.430058 7.332860 0.222062
0.346434 7.333647 0.221757
0.262827 7.333453 0.221442
0.158377 7.331398 0.221027
0.033167 7.326556 0.220503
-0.071029 7.320546 0.220044
-0.133459 7.316005 0.219759
-0.258108 7.305034 0.219168
-0.361729 7.293935 0.218655
-0.444403 7.283585 0.218229
-0.547521 7.269318 0.217682
-0.670795 7.249709 0.217000
-0.773122 7.231451 0.216412
-0.854648 7.215404 0.215926
-0.935966 7.198515 0.215432
-1.037141 7.175625 0.214796
-1.157905 7.145913 0.214010
-1.257922 7.119163 0.213335
-1.337603 7.096756 0.212785
-1.436602 7.067024 0.212080
-1.554590 7.029179 0.211214
-1.671630 6.988955 0.210324
-1.768415 6.953670 0.209565
-1.845253 6.924125 0.208946
-1.959696 6.878085 0.208001
-2.035434 6.846254 0.207360
-2.110595 6.813299 0.206709
-2.147978 6.796450 0.206380
-2.240831 6.753225 0.205547
-2.332856 6.708545 0.204701
-2.423957 6.662313 0.203841
-2.514182 6.614667 0.202969
-2.846262 6.445812 0.171483
-2.856849 6.358902 0.155674
-2.959690 6.351503 0.172549
-3.023281 6.347676 0.170816
-3.047215 6.271845 0.166522
-3.138915 6.239221 0.171345
-3.255876 6.136365 0.179868
-3.356171 6.048760 0.160701
-3.457780 5.967535 0.156791
-3.529597 5.928088 0.172303
-3.648582 5.830705 0.157861
-3.651692 5.741093 0.166741
-3.739399 5.763421 0.148327
-3.758517 5.654943 0.166037
-3.850277 5.660260 0.162785
-3.967499 5.543960 0.167739
-4.052733 5.432562 0.183953
-4.093173 5.389304 0.183317
-4.146262 5.331029 0.182465
-4.198657 5.272267 0.181610
-4.250142 5.212886 0.180751
-4.300782 5.152949 0.179890
-4.375041 5.061965 0.178592
-4.459446 4.954463 0.177071
-4.518087 4.876721 0.175980
-5.369761 3.247415 0.139818
-5.413540 3.152561 0.143903
-5.444437 3.067041 0.141159
-5.485893 2.970952 0.133248
-5.499603 2.882442 0.149955
-5.537010 2.850282 0.130409
-5.557467 2.736083 0.139986
-5.560424 2.651906 0.147144
-5.581400 2.563057 0.146069
-5.597183 2.491926 0.145213
-5.604751 2.456347 0.144786
-5.626052 2.349575 0.143510
-5.648671 2.224980 0.142029
-5.665911 2.118199 0.140769
-5.637174 2.063849 0.130787
-5.637973 1.959470 0.124925
-5.650487 1.860417 0.122926
-5.704484 1.816041 0.137239
-5.711260 1.745097 0.136418
-5.715857 1.631663 0.129984
-5.719788 1.548097 0.124937
-5.738112 1.444579 0.119368
-5.748697 1.350843 0.123052
-5.760777 1.243483 0.122529
-5.772886 1.142267 0.122094
-5.748420 1.060372 0.120887
-5.727773 0.932649 0.122956
-5.730997 0.855096 0.122555
-5.732690 0.751745 0.121965
-5.732031 0.639949 0.121286
-5.731124 0.545506 0.120801
-5.659624 0.452835 0.118673
-5.663733 0.351885 0.118929
-5.654921 0.266784 0.117915
-5.657488 0.160114 0.118302
-5.633872 0.057183 0.116468
-5.637519 -0.040631 0.116639
-5.637692 -0.136916 0.117226
-5.568464 -0.158830 0.113041
-5.556762 -0.252535 0.112648
-5.576179 -0.357043 0.113254
-5.535005 -0.444968 0.112755
-5.543675 -0.542734 0.112646
-5.475193 -0.573346 0.110685
-8.912787 -1.058391 0.221178
-8.871564 -1.145755 0.225005
-8.840389 -1.257043 0.226138
-8.821631 -1.343518 0.225845
-8.783797 -1.371800 0.216733
-8.750777 -1.445774 0.215756
-8.766661 -1.548580 0.224830
-8.641771 -1.634303 0.216092
-8.614187 -1.737436 0.211935
-8.560660 -1.841630 0.216165
-8.524650 -1.939803 0.215495
-8.482707 -1.998690 0.208553
-8.445805 -2.068885 0.207651
-8.383420 -2.184964 0.206166
-8.345393 -2.253984 0.205288
-8.306998 -2.322610 0.204417
-8.249595 -2.352590 0.205269
-8.228938 -2.458482 0.202701
-8.202560 -2.503378 0.202137
-8.156181 -2.563253 0.203835
-8.095295 -2.680982 0.199918
-8.054336 -2.746741 0.199103
-7.971317 -2.876967 0.197495
-7.915138 -2.962789 0.196443
-7.844013 -3.068971 0.195148
-7.815272 -3.111084 0.194636
-7.771842 -3.173856 0.193877
-7.728096 -3.236228 0.193125
-7.651467 -3.241509 0.196442
-7.669196 -3.318657 0.192136
-7.609678 -3.400286 0.191163
-7.554870 -3.449506 0.192981
-7.519268 -3.521229 0.189730
-7.484075 -3.545960 0.195021
-7.434377 -3.637225 0.195508
-7.396646 -3.679682 0.187871
-7.348520 -3.758416 0.191216
-7.255927 -3.854082 0.185852
-7.160552 -3.968109 0.184546
-7.151183 -4.054842 0.190524
-7.063950 -4.080331 0.183274
-6.940358 -4.145093 0.183684
-6.949749 -4.209001 0.181831
-6.855995 -4.251823 0.183616
-6.828084 -4.325070 0.181732
-6.779607 -4.367262 0.182697
-6.733802 -4.426412 0.182862
-6.682669 -4.490561 0.181271
-6.645398 -4.546987 0.182271
-6.580615 -4.597321 0.177585
-6.558595 -4.657155 0.182102
-6.477380 -4.699018 0.176502
-6.461031 -4.771222 0.181034
-6.373095 -4.798915 0.175452
-6.345867 -4.857890 0.177771
-6.267781 -4.897012 0.174433
-6.197012 -4.961411 0.173772
-6.125804 -5.025011 0.173125
-6.072100 -5.072161 0.172649
-6.018182 -5.118913 0.172181
-5.964000 -5.165166 0.171721
-5.909608 -5.211020 0.171268
-5.854958 -5.256376 0.170824
-5.800104 -5.301333 0.170387
-5.634137 -5.433420 0.169124
-5.578389 -5.476586 0.168718
-5.503705 -5.533414 0.168190
-5.447430 -5.575489 0.167803
-0.036853 -7.559986 0.164302
0.062415 -7.570973 0.165183
0.143785 -7.566590 0.164757
0.269803 -7.563028 0.164573
0.334001 -7.575820 0.165829
0.460154 -7.569515 0.165667
0.528008 -7.568692 0.165873
0.641132 -7.566081 0.166227
0.736434 -7.559043 0.166239
0.855513 -7.559384 0.167105
0.957958 -7.551113 0.167278
1.048468 -7.544739 0.167595
1.173648 -7.533518 0.167987
1.239964 -7.529060 0.168348
1.365044 -7.515075 0.168762
1.432818 -7.507258 0.169023
1.514528 -7.502606 0.169792
1.556093 -7.489773 0.169362
1.640813 -7.483380 0.170131
1.748752 -7.464332 0.170350
1.856165 -7.441549 0.170412
1.945707 -7.423985 0.170662
7.985157 -4.299699 0.247585
8.027965 -4.256414 0.228992
8.088576 -4.169442 0.229675
8.119952 -4.126360 0.230106
8.151123 -4.083075 0.230538
8.226744 -4.038419 0.252645
8.243395 -3.952002 0.231845
8.354170 -3.969268 0.234380
8.372444 -3.872295 0.255826
8.444337 -3.837508 0.231182
8.471430 -3.753471 0.238289
8.558036 -3.648251 0.240490
8.814511 -3.325014 0.246441
8.861266 -3.246610 0.253871
8.930213 -3.166919 0.269060
8.944745 -3.062563 0.241493
9.051175 -3.048569 0.255856
9.079240 -2.956787 0.272926
9.106339 -2.950672 0.256976
9.153491 -2.849741 0.257693
9.247353 -2.751387 0.266837
9.234610 -2.657488 0.253051
9.341678 -2.646331 0.256439
9.360161 -2.538729 0.263703
9.395490 -2.461381 0.264407
9.464049 -2.443755 0.264480
9.465343 -2.350469 0.267056
9.535278 -2.253788 0.266057
9.571663 -2.149650 0.269911
9.606742 -2.116491 0.288075
9.629063 -2.044420 0.279407
9.722021 -1.908223 0.291761
9.764291 -1.829067 0.293155
9.806100 -1.749416 0.294554
9.860988 -1.642312 0.296429
9.888075 -1.588391 0.297371
9.914922 -1.534226 0.298315
9.941527 -1.479816 0.299262
9.967888 -1.425163 0.300212
10.058159 -1.231938 0.303556
10.095944 -1.148266 0.304999
10.133086 -1.063995 0.306447
10.181734 -0.950840 0.308387
10.229319 -0.836738 0.310336
10.264334 -0.750572 0.311803
10.287314 -0.692817 0.312785
10.310018 -0.634828 0.313769
10.343515 -0.547382 0.315249
10.387238 -0.430020 0.317231
10.419315 -0.341426 0.318722
10.450669 -0.252264 0.320219
10.481435 -0.162652 0.321720
10.501551 -0.102611 0.322724
10.521367 -0.042348 0.323729
10.550488 0.048488 0.325241
10.597593 0.200906 0.327771
10.615879 0.262264 0.328786
10.642677 0.354731 0.330313
10.668840 0.447624 0.331843
10.685857 0.509835 0.332866
10.702550 0.572255 0.333890
10.726936 0.666302 0.335430
10.750664 0.760762 0.336973
10.773559 0.855731 0.338520
10.795782 0.951103 0.340070
10.817153 1.046973 0.341624
10.837837 1.143236 0.343181
10.857652 1.239985 0.344742
10.876764 1.337117 0.346305
10.889034 1.402124 0.347348
10.900946 1.467318 0.348393
10.918093 1.565479 0.349963
10.950016 1.762980 0.353110
10.964776 1.862308 0.354687
10.978600 1.962069 0.356266
10.991668 2.062172 0.357847
10.999872 2.129131 0.358902
11.007691 2.196254 0.359958
11.062807 2.264528 0.328338
11.040880 2.363479 0.345828
11.048819 2.459825 0.329769
11.039947 2.543215 0.339042
11.035093 2.642029 0.339973
11.029449 2.740931 0.340904
11.062303 2.841748 0.370020
11.067658 2.944859 0.371612
11.071983 3.048311 0.373205
11.075474 3.152028 0.374798
11.077916 3.256067 0.376391
11.079510 3.360354 0.377984
11.080037 3.464942 0.379577
11.079702 3.569762 0.381170
11.078903 3.639792 0.382231
11.077398 3.743547 0.353025
11.060940 3.844040 0.353900
11.043453 3.944512 0.354774
11.064869 4.062149 0.388591
11.060971 4.132876 0.389649
11.054219 4.239140 0.391234
11.046559 4.345569 0.392818
11.037754 4.452190 0.394400
11.028028 4.558957 0.395980
11.020926 4.630226 0.397032
11.032620 4.749805 0.376849
10.996817 4.844400 0.400181
10.968462 5.059054 0.403318
10.941493 5.238232 0.405921
10.923963 5.345835 0.407479
10.911631 5.417608 0.408515
10.898812 5.489405 0.409549
10.885505 5.561221 0.410581
10.871708 5.633053 0.411612
10.827360 5.848604 0.414690
10.811587 5.920458 0.415712
10.795317 5.992309 0.416732
10.778546 6.064151 0.417749
10.761274 6.135981 0.418764
10.734362 6.243689 0.420281
10.647044 6.566453 0.424796
10.626227 6.638075 0.425792
10.604898 6.709649 0.426785
10.583056 6.781171 0.427774
10.560700 6.852638 0.428760
10.526137 6.959714 0.430233
10.490539 7.066655 0.431700
10.466117 7.137851 0.432673
10.428446 7.244485 0.434125
10.389732 7.350947 0.435570
10.349717 7.457176 0.437005
10.308655 7.563205 0.438433
10.280582 7.633749 0.439380
10.237425 7.739338 0.440792
10.193217 7.844688 0.442195
10.147695 7.949720 0.443588
10.101119 8.054483 0.444971
10.053226 8.158893 0.446344
10.004277 8.263002 0.447707
9.970942 8.332201 0.448610
9.919881 8.435673 0.449954
9.867765 8.538806 0.451288
9.832318 8.607327 0.452170
9.796343 8.675664 0.453048
9.759839 8.743814 0.453920
9.722808 8.811770 0.454787
9.685248 8.879530 0.455649
9.647163 8.947085 0.456505
9.608551 9.014432 0.457356
9.569411 9.081566 0.458201
9.529747 9.148479 0.459040
9.469199 9.248400 0.460287
9.407602 9.347856 0.461523
9.344697 9.446710 0.462743
6.903995 12.097373 0.492082
6.839560 12.146097 0.492533
6.774709 12.194333 0.492975
6.709446 12.242076 0.493408
6.643775 12.289319 0.493831
6.544459 12.359177 0.494447
6.444347 12.428015 0.495044
6.377081 12.473220 0.495429
6.309427 12.517904 0.495804
6.241389 12.562063 0.496170
6.138574 12.627240 0.496699
6.035013 12.691345 0.497208
5.965482 12.733360 0.497535
5.895588 12.774830 0.497851
5.849575 12.843796 0.453421
5.754734 12.856113 0.498454
5.683783 12.895920 0.498740
5.631773 12.952633 0.453754
5.540853 12.973842 0.499283
5.447738 13.038166 0.453916
5.373994 13.072202 0.454006
5.323967 13.086442 0.500020
5.251027 13.122819 0.500246
5.140991 13.176213 0.500563
5.030343 13.228428 0.500860
4.956177 13.262445 0.501044
4.881718 13.295865 0.501217
4.806971 13.328684 0.501380
4.731940 13.360898 0.501533
4.656632 13.392505 0.501675
4.543129 13.438691 0.501867
4.429098 13.483647 0.502038
4.352735 13.512793 0.502138
4.276122 13.541317 0.502228
4.160715 13.582850 0.502341
4.044836 13.623128 0.502432
3.967278 13.649136 0.502479
3.850500 13.686877 0.502528
3.733296 13.723340 0.502556
3.654886 13.746794 0.502560
3.576277 13.769604 0.502553
3.497475 13.791768 0.502536
3.418486 13.813283 0.502508
3.339317 13.834148 0.502470
3.259973 13.854362 0.502421
3.140622 13.883374 0.502325
3.020951 13.911073 0.502209
2.940968 13.928662 0.502117
2.860840 13.945591 0.502014
2.740373 13.969660 0.501838
2.619648 13.992404 0.501642
2.539002 14.006680 0.501496
2.458243 14.020290 0.501340
2.377375 14.033233 0.501173
2.255874 14.051311 0.500902
2.134187 14.068050 0.500610
2.052950 14.078317 0.500401
1.971636 14.087913 0.500181
1.890252 14.096837 0.499951
1.808803 14.105090 0.499710
1.727296 14.112671 0.499459
1.645737 14.119579 0.499198
1.564132 14.125814 0.498926
1.441649 14.133824 0.498497
1.319106 14.140488 0.498047
1.237381 14.144032 0.497734
1.155642 14.146907 0.497410
1.073894 14.149108 0.497076
0.951271 14.151067 0.496555
0.828662 14.151685 0.496013
0.746943 14.151204 0.495638
0.665247 14.150053 0.495254
0.542763 14.146990 0.494657
0.420355 14.142592 0.494039
0.338811 14.138773 0.493615
0.257320 14.134288 0.493180
0.175889 14.129141 0.492736
0.053875 14.120095 0.492050
-0.067989 14.109728 0.491344
-0.149122 14.101939 0.490861
-0.255173 14.084482 0.446655
-0.354736 14.077060 0.460694
-0.457380 14.066292 0.445807
-0.538143 14.058624 0.445501
-0.640774 14.051623 0.430974
-0.758050 14.031206 0.458776
-0.860404 14.022335 0.444233
-0.954561 13.988216 0.485511
-1.034388 13.973304 0.484926
-1.153818 13.949665 0.484029
-1.272924 13.924763 0.483115
-1.340951 13.951168 0.442193
-1.431106 13.889256 0.481864
-1.549247 13.860915 0.480902
-1.667009 13.831335 0.479923
-1.745256 13.810794 0.479259
-1.823300 13.789642 0.478587
-1.939948 13.756697 0.477561
-2.056165 13.722545 0.476519
-2.133347 13.698975 0.475814
-2.248660 13.662429 0.474740
-2.363502 13.624701 0.473650
-2.439740 13.598764 0.472913
-2.553598 13.558695 0.471792
-2.666945 13.517468 0.470655
-2.742161 13.489220 0.469887
-2.854448 13.445708 0.468721
-2.966186 13.401070 0.467540
-3.040305 13.370564 0.466743
-3.150910 13.323699 0.465533
-3.260930 13.275736 0.464309
-3.333879 13.243034 0.463484
-3.406526 13.209794 0.462652
-3.478865 13.176018 0.461813
-3.550893 13.141711 0.460967
-3.622605 13.106876 0.460115
-3.693997 13.071519 0.459257
-3.765066 13.035643 0.458392
-3.835807 12.999250 0.457520
-3.941254 12.943645 0.456201
-4.046026 12.887029 0.454869
-4.149941 12.829168 0.453522
-4.253160 12.770325 0.452163
-4.321501 12.730447 0.451249
-4.389486 12.690090 0.450330
-4.457110 12.649255 0.449405
-4.524371 12.607949 0.448474
-4.591264 12.566177 0.447538
-4.756821 12.459673 0.445175
-4.855099 12.394503 0.443742
-4.952419 12.328220 0.442296
-5.176256 12.169944 0.438883
-5.239307 12.123748 0.437897
-5.333082 12.053625 0.436409
-5.456768 11.958766 0.434411
-5.548512 11.886618 0.432901
-5.609127 11.837994 0.431889
-5.669325 11.788981 0.430873
-5.729108 11.739584 0.429853
-5.788471 11.689809 0.428830
-5.847413 11.639660 0.427802
-5.934978 11.563699 0.426253
-6.163920 11.357322 0.422086
-6.248044 11.278541 0.420510
-6.303546 11.225571 0.419455
-6.358610 11.172270 0.418396
-6.467417 11.064692 0.416271
-6.521157 11.010427 0.415205
-6.574454 10.955849 0.414135
-6.627305 10.900965 0.413063
-6.679710 10.845777 0.411988
-6.757420 10.762403 0.410371
-6.859533 10.650273 0.408207
-6.959840 10.537018 0.406033
-7.033935 10.451396 0.404398
-7.131060 10.336263 0.402211
-7.178936 10.278310 0.401114
-7.226356 10.220108 0.400016
-7.258070 10.146890 0.375953
-7.319819 10.102970 0.397814
-7.361126 10.043456 0.374746
-7.437422 9.965119 0.373838
-7.542329 9.844162 0.379345
-7.589162 9.746021 0.391176
-7.653843 9.655542 0.389509
-7.738542 9.534231 0.387283
-7.800909 9.442760 0.385612
-7.862117 9.350823 0.383939
-7.922400 9.258524 0.382264
-7.961970 9.196758 0.381147
-8.001078 9.134822 0.380029
-8.058812 9.041589 0.378352
-8.115621 8.948039 0.376674
-8.171274 8.854107 0.374995
-8.226002 8.759883 0.373316
-8.279576 8.665308 0.371637
-8.332228 8.570466 0.369958
-9.417608 5.746529 0.322135
-9.440488 5.648448 0.320540
-9.462338 5.550437 0.318952
-9.483369 5.452489 0.317368
-9.496847 5.387237 0.316315
-9.509918 5.322023 0.315264
-9.540785 5.159183 0.312649
-9.558183 5.061609 0.311087
-9.574588 4.964165 0.309531
-9.590203 4.866831 0.307981
-9.600089 4.802019 0.306951
-9.609586 4.737269 0.305924
-9.623051 4.640273 0.304388
-9.635744 4.543412 0.302858
-9.647479 4.446728 0.301335
-9.658449 4.350193 0.299817
-9.639468 4.242532 0.283904
-9.659470 4.150831 0.282971
-9.678581 4.059111 0.282043
-9.695967 3.934037 0.293320
-9.720213 3.845067 0.279891
-9.736667 3.753337 0.278976
-9.752417 3.661618 0.278065
-9.716861 3.553300 0.287436
-9.720107 3.458668 0.285983
-9.722470 3.364300 0.284537
-9.724452 3.238841 0.282620
-9.725069 3.145026 0.281191
-9.724823 3.051500 0.279769
-9.718626 2.741638 0.275085
-9.715175 2.649268 0.273696
-9.710897 2.557217 0.272315
-9.704106 2.434919 0.270486
-9.698201 2.343528 0.269123
-9.691494 2.252476 0.267768
-9.681490 2.131533 0.265974
-9.673201 2.041175 0.264637
-9.664129 1.951173 0.263309
-9.651006 1.831653 0.261551
-9.640398 1.742380 0.260241
-9.629033 1.653477 0.258940
-9.612879 1.535444 0.257217
-9.600020 1.447300 0.255935
-9.575849 1.352153 0.244108
-9.563101 1.247402 0.237806
-9.559677 1.143767 0.232009
-9.546337 1.063683 0.240914
-9.541154 0.960549 0.235131
-9.493522 0.843146 0.249683
-9.454856 0.670272 0.244771
-9.429059 0.557701 0.243175
-9.409042 0.473697 0.241987
-9.370400 0.443766 0.241647
-9.360446 0.332940 0.241025
-9.349553 0.249958 0.240422
-9.337939 0.167203 0.239824
-9.330902 0.056216 0.240134
-9.237224 0.037403 0.241199
-9.237817 -0.052333 0.239236
-9.225365 -0.150556 0.236695
-9.196548 -0.268771 0.237490
-9.181228 -0.349545 0.236910
-9.171976 -0.441416 0.238720
-9.146586 -0.537607 0.235742
-9.071728 -0.647403 0.230509
-9.046012 -0.739299 0.228252
-8.933477 -0.841295 0.228240
-8.961704 -0.944319 0.222434
-2.009010 -0.028572 -0.004588
-1.985995 -0.144900 -0.005032
-1.958595 -0.253464 -0.005430
-1.937456 -0.324862 -0.005683
-1.911823 -0.401160 -0.005946
-1.890198 -0.459042 -0.006139
-1.855413 -0.542495 -0.006407
-1.810490 -0.639162 -0.006706
-1.785263 -0.688292 -0.006851
-1.682757 -0.862090 -0.007329
-1.598737 -0.981674 -0.007620
-1.065730 -1.484577 -0.008358
-0.686148 -1.686536 -0.008203
-0.368839 -1.789449 -0.007786
0.642074 -1.791976 -0.005042
0.967785 -1.687905 -0.003701
1.050645 -1.651762 -0.003318
1.132240 -1.612533 -0.002925
1.196334 -1.578528 -0.002602
1.233196 -1.557623 -0.002411
1.311005 -1.510583 -0.001994
1.346626 -1.487402 -0.001796
1.426560 -1.431962 -0.001336
1.480128 -1.391700 -0.001015
1.532511 -1.349732 -0.000689
1.592842 -1.298011 -0.000300
1.601965 -1.289851 -0.000239
2.213060 -0.359725 0.005477
2.328197 0.349616 0.008880
2.326030 0.433635 0.009240
2.317483 0.556494 0.009751
2.306835 0.646892 0.010116
2.244720 0.940874 0.011227
2.211934 1.045376 0.011593
2.125566 1.261807 0.012300
2.037244 1.432536 0.012803
1.910864 1.628262 0.013311
1.833321 1.728800 0.013537
1.734554 1.841153 0.013757
1.639689 1.936162 0.013913
1.530398 2.032590 0.014035
1.407310 2.126844 0.014110
1.343990 2.169798 0.014124
-0.465121 2.441533 0.010377
-1.442974 1.841711 0.005100
-1.953913 0.945223 -0.000197
-1.981730 0.839529 -0.000733
-1.992913 0.789448 -0.000981
-2.005175 0.726602 -0.001289
-2.020118 0.629830 -0.001751
-2.029643 0.549689 -0.002126
-2.036559 0.454655 -0.002558
-2.039682 0.340707 -0.003063
-2.038000 0.246004 -0.003471
-2.032412 0.158041 -0.003839
-2.018687 0.036435 -0.004226
-2.285512 -0.451277 0.006205
-2.082846 -0.898318 0.004686
-1.976368 -1.068247 0.004191
-1.892767 -1.183841 0.003884
-1.756069 -1.347259 0.003503
-1.668311 -1.439619 0.003316
-1.560403 -1.541215 0.003143
-1.380541 -1.687897 0.002959
-1.247960 -1.779715 0.002899
-1.146685 -1.842159 0.002889
-1.067391 -1.886524 0.002903
-0.949037 -1.946383 0.002952
-0.859958 -1.986303 0.003013
-0.638308 -2.069347 0.003242
-0.571793 -2.089756 0.003331
-0.369387 -2.140037 0.003658
-0.266894 -2.159204 0.003853
-0.163666 -2.173894 0.004071
-0.046059 -2.185542 0.004343
0.071989 -2.191941 0.004641
0.169391 -2.193211 0.004905
0.252907 -2.191081 0.005147
0.350269 -2.185490 0.005443
0.433543 -2.177475 0.005711
0.558001 -2.160594 0.006135
0.640568 -2.146105 0.006432
0.885249 -2.086028 0.007390
0.947705 -2.066292 0.007655
1.156261 -1.988342 0.008596
1.561589 -1.771797 0.010729
1.690085 -1.681987 0.011503
1.947942 -1.461671 0.013244
2.183033 -1.199890 0.015115
2.290060 -1.052408 0.016098
2.589368 -0.453057 0.019719
2.700557 0.805931 0.025888
2.601286 1.213792 0.027511
1.659223 2.525121 0.024169
1.350325 2.707521 0.021897
0.736345 2.915157 0.025814
-1.794330 2.090600 0.019401
-2.080192 1.697806 0.012950
-2.273505 1.270623 0.014255
-2.385498 0.851609 0.011993
-2.876505 -0.157601 0.023845
-2.853414 -0.260812 0.023384
-2.833709 -0.337410 0.023050
-2.807254 -0.430146 0.022652
-2.791603 -0.480241 0.022441
-2.761709 -0.568409 0.022076
-2.727329 -0.660882 0.021703
-2.707958 -0.709266 0.021511
-2.687785 -0.757235 0.021324
-2.637684 -0.867500 0.020904
-2.607472 -0.929595 0.020673
-2.599674 -0.944971 0.020617
-2.548299 -1.041087 0.020273
-2.481983 -1.154657 0.019882
-2.427131 -1.241409 0.019596
-2.393798 -1.290990 0.019438
-2.339608 -1.367434 0.019202
-2.309192 -1.408406 0.019080
-2.262331 -1.468771 0.018905
-2.224942 -1.514859 0.018777
-2.181167 -1.566532 0.018638
-2.125053 -1.629732 0.018475
-2.067319 -1.691241 0.018325
-2.037802 -1.721286 0.018256
-1.977776 -1.780243 0.018126
-1.922558 -1.831898 0.018020
-1.878696 -1.870943 0.017946
-1.834276 -1.909273 0.017877
-1.765108 -1.965696 0.017786
-1.703570 -2.013643 0.017716
-1.631700 -2.066164 0.017653
-1.547032 -2.124436 0.017596
-1.469988 -2.173866 0.017563
-1.413114 -2.208332 0.017550
-1.369994 -2.233318 0.017545
-1.223738 -2.311615 0.017562
-1.028094 -2.401279 0.017661
-0.460872 -2.575885 0.018384
-0.060933 -2.631383 0.019239
0.062653 -2.637778 0.019558
0.145174 -2.639522 0.019784
0.236011 -2.638603 0.020047
1.328481 -2.411847 0.024312
1.532697 -2.320176 0.025361
1.652284 -2.257954 0.026019
1.735584 -2.210813 0.026496
1.793553 -2.175858 0.026839
1.850836 -2.139594 0.027187
1.907404 -2.102033 0.027540
1.963228 -2.063184 0.027897
2.011435 -2.028136 0.028213
2.079248 -1.976403 0.028669
2.125954 -1.939036 0.028993
2.185023 -1.889582 0.029413
2.249341 -1.832830 0.029886
2.293515 -1.791993 0.030220
2.336887 -1.750154 0.030556
2.391711 -1.695228 0.030993
2.439166 -1.644936 0.031384
2.497367 -1.580845 0.031877
2.531241 -1.541290 0.032175
2.575825 -1.487961 0.032574
2.624459 -1.426484 0.033025
2.671624 -1.363649 0.033480
2.712361 -1.306748 0.033886
2.754932 -1.243794 0.034329
2.799497 -1.174970 0.034806
2.836190 -1.114822 0.035218
2.880199 -1.038290 0.035733
2.922058 -0.960289 0.036250
2.987358 -0.827445 0.037113
3.035271 -0.718624 0.037805
3.068379 -0.635493 0.038323
3.093460 -0.568286 0.038737
3.133419 -0.448850 0.039460
3.159279 -0.362395 0.039974
3.183961 -0.269052 0.040521
3.255638 0.853068 0.046448
3.260792 0.957424 0.034877
3.149889 1.533869 0.032754
3.048302 1.754375 0.033288
2.971989 1.831388 0.035434
2.923611 1.941999 0.037908
2.858346 2.062545 0.035973
2.817251 2.160616 0.041139
2.761611 2.164877 0.022830
2.750269 2.230400 0.037829
2.661170 2.350245 0.039833
2.632698 2.441045 0.040462
2.551235 2.466271 0.034447
2.508988 2.536219 0.044598
2.451308 2.555276 0.030507
2.443868 2.641102 0.040761
2.343763 2.744382 0.041764
2.242498 2.752024 0.031691
2.235815 2.853341 0.043211
2.154518 2.855198 0.043359
2.140985 2.939015 0.039816
2.053212 2.956535 0.044553
1.947159 3.057846 0.048648
1.840435 3.134991 0.043398
1.756915 3.179782 0.046933
1.708052 3.210450 0.043385
1.664230 3.236316 0.039825
1.572113 3.279631 0.043341
1.514136 3.306619 0.043312
1.451085 3.334442 0.043276
1.352165 3.374570 0.041067
1.248451 3.411946 0.039554
1.162692 3.442983 0.046594
1.054060 3.475618 0.045043
0.927946 3.506633 0.042754
0.857681 3.525648 0.046198
0.754132 3.543087 0.042492
0.657142 3.554845 0.038814
0.559026 3.575805 0.045682
0.451429 3.582373 0.041960
0.344748 3.648674 0.042657
0.238691 3.666917 0.039307
0.150061 3.637797 0.045406
0.044042 3.649583 0.042033
-0.062788 3.657846 0.038729
-0.143085 3.575509 0.040591
-0.264961 3.560405 0.040261
-0.352310 3.546748 0.040012
-0.439152 3.530427 0.039754
-0.544949 3.524507 0.049259
-0.638024 3.547739 0.040290
-0.658639 3.478413 0.039060
-0.744859 3.449991 0.036843
-0.846493 3.425559 0.041580
-0.961370 3.445726 0.039252
-1.047348 3.346711 0.039524
-1.137224 3.309036 0.040371
-1.254416 3.252257 0.039847
-1.340650 3.206519 0.039427
-1.450709 3.142053 0.037739
-1.515114 3.109258 0.044381
-1.574532 3.062254 0.035395
-1.651005 3.010784 0.035057
-1.682459 2.988029 0.034876
-1.748539 2.938835 0.034535
-1.847119 2.861345 0.032425
-1.917505 2.801631 0.033654
-1.971132 2.751920 0.035979
-2.059249 2.665824 0.036694
-2.169553 2.551169 0.034653
-2.257751 2.465187 0.027937
-2.262385 2.351216 0.033038
-2.338300 2.343609 0.034551
-2.342470 2.246452 0.032421
-2.434530 2.233167 0.028952
-2.479587 2.160704 0.029965
-2.642174 1.751279 0.029801
-2.650751 1.656786 0.018445
-2.746727 1.538142 0.030776
-2.747224 1.452026 0.021105
-2.813619 1.345893 0.029777
-2.834435 1.250568 0.027378
-2.860583 1.149062 0.025741
-2.908096 0.951551 0.026105
-2.923985 0.856743 0.025683
-2.952074 -0.040857 0.021455
-2.891103 -0.079509 0.024491
-3.585663 -0.160508 0.041127
-3.575022 -0.248641 0.040811
-3.558104 -0.352019 0.041648
-3.532999 -0.452978 0.039238
-3.449080 -0.571711 0.036726
-3.473900 -0.657879 0.039490
-3.457091 -0.748307 0.038451
-3.354120 -0.859258 0.034292
-3.324624 -0.960029 0.038111
-3.364883 -1.041390 0.037392
-3.261133 -1.041329 0.024850
-3.235881 -1.158032 0.035019
-3.164200 -1.263431 0.029202
-3.140986 -1.350802 0.033069
-2.848070 -1.746121 0.022369
-2.829700 -1.852620 0.026085
-2.728635 -1.941328 0.025063
-2.645884 -2.041610 0.024874
-1.033651 -3.032415 0.031737
-0.542765 -3.141658 0.019530
-0.450966 -3.162051 0.021306
1.129903 -3.120737 0.032204
1.255054 -3.154623 0.031686
1.420807 -3.033506 0.033293
1.529648 -3.046092 0.035759
1.639196 -2.930725 0.025219
1.765016 -2.933748 0.040076
1.849533 -2.827810 0.022921
1.939918 -2.841780 0.042637
2.055179 -2.737350 0.031930
2.145791 -2.647128 0.017055
2.252598 -2.669178 0.038589
2.351832 -2.542927 0.028630
3.377683 -1.557024 0.059605
3.455429 -1.462291 0.049078
3.533776 -1.346126 0.040741
3.574607 -1.264856 0.045297
3.636242 -1.144752 0.040321
3.667907 -1.059205 0.043636
3.694914 -0.968269 0.043353
3.728534 -0.941441 0.048982
3.756859 -0.840563 0.041610
3.768559 -0.783689 0.039719
3.839622 -0.746611 0.040517
3.842260 -0.653415 0.045020
3.851724 -0.545344 0.048801
3.870472 -0.459568 0.037023
3.930787 -0.438688 0.046065
3.934358 -0.343003 0.047060
3.952940 -0.252139 0.051038
3.957917 -0.147551 0.042447
3.967472 -0.042490 0.041135
4.057307 -0.037492 0.047072
4.035181 0.051251 0.060346
4.063612 0.139358 0.050178
4.054768 0.241733 0.059056
4.058368 0.355155 0.061754
4.067924 0.436047 0.051085
4.061046 0.546358 0.056973
4.057252 0.654580 0.060808
4.048039 0.764177 0.057778
4.063208 0.838962 0.059153
4.058541 0.945531 0.051135
4.056807 1.044569 0.057971
4.035471 1.152955 0.058273
4.029459 1.248005 0.058178
3.973748 1.365709 0.056271
3.961638 1.455113 0.059194
3.938113 1.543259 0.058155
3.929080 1.658638 0.061757
3.862755 1.763209 0.060535
3.836108 1.837938 0.061665
3.853609 1.953645 0.061630
3.840765 2.053842 0.061300
3.741375 2.053267 0.058777
3.750055 2.134879 0.064711
3.758885 2.233549 0.061424
3.648357 2.244706 0.060052
3.650556 2.346665 0.063013
3.630607 2.443840 0.061747
3.562198 2.543507 0.067046
3.542285 2.643085 0.066440
3.453375 2.654977 0.061193
3.443548 2.762756 0.068814
2.154608 3.939956 0.069538
2.133005 4.039530 0.066894
2.041541 4.040524 0.077202
1.945445 4.135192 0.067252
1.857225 4.158858 0.064756
1.760583 4.144275 0.069026
1.742485 4.224241 0.074807
1.651566 4.245800 0.068018
1.532724 4.271162 0.070122
1.551739 4.324990 0.059043
1.436360 4.341330 0.063921
1.349530 4.343948 0.069135
1.266862 4.374680 0.071060
1.173100 4.431411 0.071461
1.058962 4.437390 0.071467
0.939399 4.443743 0.065165
0.837120 4.465712 0.070526
0.753974 4.468140 0.060540
0.740895 4.545130 0.070763
0.639391 4.556901 0.070676
0.549180 4.531697 0.070586
0.456968 4.545985 0.060998
0.356140 4.519748 0.066295
0.244827 4.525541 0.072554
0.157557 4.516580 0.059368
0.058193 4.519971 0.069512
-0.042722 4.561030 0.073423
-0.140560 4.565913 0.069537
-0.245276 4.543966 0.073015
-0.341542 4.461666 0.069243
-0.444674 4.445455 0.058616
-0.552544 4.431654 0.062474
-0.651599 4.426510 0.069923
-0.762280 4.438981 0.075084
-0.857491 4.341227 0.060882
-0.943368 4.335340 0.061442
-1.035110 4.312062 0.065997
-1.141274 4.358506 0.067427
-1.148985 4.252209 0.060304
-1.242642 4.232210 0.068180
-1.317001 4.221224 0.079137
-1.348975 4.170743 0.058112
-1.460197 4.136011 0.061415
-1.541868 4.110170 0.067833
-1.638603 4.043228 0.059509
-1.726236 4.012155 0.062232
-1.757056 3.970603 0.059395
-1.850147 3.926507 0.060008
-1.958300 3.857882 0.061001
-2.040436 3.826270 0.059188
-2.057215 3.760107 0.059562
-2.148702 3.739134 0.059528
-2.256925 3.652676 0.059945
-2.324940 3.623798 0.060251
-2.348656 3.565645 0.059558
-2.428776 3.535091 0.058630
-2.462898 3.456488 0.060675
-3.367279 2.152536 0.056000
-3.440545 2.035980 0.053831
-3.455388 1.960353 0.054300
-3.457394 1.849539 0.054148
-3.562526 1.758216 0.051597
-3.539977 1.636824 0.052491
-3.549643 1.565144 0.053870
-3.550242 1.450289 0.046964
-3.634641 1.342921 0.052590
-3.646471 1.250016 0.050289
-3.642417 1.155561 0.052654
-3.651443 1.040111 0.045677
-3.644026 0.966199 0.044458
-3.647765 0.854268 0.043906
-3.660656 0.738790 0.043517
-3.652574 0.640181 0.042557
-3.660514 0.555458 0.041813
-3.662309 0.444679 0.042164
-3.660824 0.359980 0.040672
-3.669035 0.251566 0.041592
-3.656042 0.152617 0.041613
-3.655916 0.041983 0.040037
-3.634149 -0.050657 0.041407
-4.659197 -0.257280 0.078756
-4.640559 -0.355283 0.078436
-4.634404 -0.446993 0.079920
-4.558643 -0.556209 0.078425
-4.560678 -0.651871 0.079480
-4.558068 -0.753024 0.074970
-4.470630 -0.858231 0.077407
-4.458431 -0.964629 0.077457
-4.438338 -1.045797 0.077593
-4.375160 -1.134837 0.076167
-4.329159 -1.251663 0.075933
-4.238497 -1.345536 0.069598
-4.244477 -1.427666 0.073995
-4.160353 -1.535519 0.069100
-4.133357 -1.636477 0.070573
-4.029340 -1.845196 0.068460
-3.876384 -1.953627 0.062157
-3.757333 -2.162515 0.063863
-3.740471 -2.254994 0.064095
-3.669200 -2.270221 0.063589
-3.629963 -2.341600 0.064143
-3.589990 -2.382742 0.070876
-3.553927 -2.446234 0.063165
-3.457843 -2.556712 0.064420
-3.362533 -2.560317 0.062694
-3.356351 -2.670584 0.064225
-3.260529 -2.761944 0.065225
-2.151584 -3.566264 0.060656
-2.036521 -3.541031 0.054476
-2.038560 -3.634446 0.059245
-1.943459 -3.672008 0.062782
-1.840012 -3.661001 0.057648
-1.846364 -3.743583 0.057126
-1.735174 -3.750224 0.067262
-1.639876 -3.741455 0.049587
-1.571378 -3.852828 0.060451
-1.463727 -3.835783 0.060934
-1.319847 -3.947682 0.060477
-1.259791 -3.925333 0.067545
-0.453975 -4.057420 0.053424
-0.446946 -4.105823 0.068848
-0.346727 -4.118332 0.069076
-0.249955 -4.115195 0.051877
-0.152015 -4.120416 0.054178
-0.047090 -4.126529 0.051109
0.049798 -4.132442 0.054555
0.142432 -4.133985 0.051460
0.250999 -4.137463 0.052253
0.338923 -4.130384 0.051142
0.441949 -4.129984 0.052076
0.549887 -4.126889 0.052981
0.627497 -4.117922 0.052520
0.737207 -4.115626 0.054510
0.865948 -4.109702 0.072936
0.947549 -4.074773 0.049312
1.048592 -4.061295 0.056799
1.144170 -4.048005 0.054663
1.253980 -4.024918 0.055025
1.368148 -4.018479 0.075139
1.442078 -4.066078 0.059066
1.438828 -3.969179 0.048554
1.550295 -3.941624 0.055054
1.667738 -3.916903 0.051690
1.743526 -3.952587 0.065406
1.864242 -3.851512 0.054990
1.951339 -3.849041 0.062567
2.040780 -3.839766 0.066326
2.148921 -3.741051 0.060092
2.249103 -3.747782 0.067118
2.359230 -3.652249 0.054522
2.446694 -3.646967 0.067748
2.555021 -3.562838 0.065141
2.646178 -3.532735 0.071346
2.751973 -3.469044 0.068968
2.836278 -3.414484 0.074154
2.857005 -3.369092 0.060829
2.952095 -3.335015 0.069844
3.064363 -3.250850 0.068179
3.161480 -3.200589 0.086397
4.245180 -2.156693 0.078637
4.274121 -2.070248 0.074436
4.346785 -2.032457 0.085467
4.360552 -1.968745 0.077590
4.442359 -1.926004 0.081206
4.430747 -1.861130 0.075380
4.473626 -1.815833 0.100056
4.511357 -1.756180 0.100586
4.577392 -1.647189 0.101544
4.634078 -1.548646 0.102401
4.675250 -1.473675 0.103047
4.702062 -1.423208 0.103479
4.734834 -1.359572 0.104020
4.779335 -1.269487 0.104781
4.840082 -1.138846 0.105872
4.886306 -1.032771 0.106748
4.919384 -0.952222 0.107407
4.961661 -0.843732 0.108287
4.981897 -0.788969 0.108728
5.119529 -0.362151 0.106503
5.138690 -0.261129 0.106945
5.157157 -0.155076 0.108582
5.163061 -0.040620 0.105459
5.206573 0.038537 0.115137
5.226967 0.156955 0.116017
5.240579 0.246314 0.116676
5.252484 0.336186 0.117333
5.263011 0.426445 0.117988
5.274431 0.547469 0.118858
5.282197 0.653888 0.119616
5.287674 0.760791 0.120371
5.290759 0.852728 0.121014
5.288850 1.161070 0.123134
5.284566 1.254012 0.123761
5.278779 1.347081 0.124385
5.271100 1.440272 0.125003
5.258322 1.564635 0.125820
5.246823 1.657949 0.126427
5.235812 1.735713 0.126929
5.218323 1.844541 0.127624
5.204498 1.922224 0.128117
5.189405 1.999837 0.128604
5.176430 2.061862 0.128991
5.155398 2.154757 0.129566
5.132791 2.247483 0.130134
5.116668 2.309169 0.130509
5.099755 2.370742 0.130880
5.081952 2.432176 0.131248
5.044168 2.554658 0.131974
5.013848 2.646134 0.132510
4.981545 2.737175 0.133036
4.935865 2.857923 0.133725
4.899566 2.947938 0.134232
4.861322 3.037382 0.134729
4.850518 3.144850 0.118519
4.793900 3.185269 0.135537
4.771656 3.257636 0.127394
4.733661 3.349033 0.119246
4.691122 3.389291 0.136622
4.665577 3.462845 0.113821
4.622499 3.525165 0.113982
4.595426 3.561054 0.137506
4.551009 3.627831 0.120152
4.510374 3.701748 0.138209
4.464083 3.745374 0.116968
4.420489 3.839989 0.138880
3.058202 5.234809 0.118851
2.960445 5.258628 0.120109
2.855746 5.342787 0.127329
2.769629 5.364472 0.118297
2.716014 5.417741 0.124512
2.651164 5.451592 0.127663
2.553784 5.461135 0.117670
2.530784 5.514190 0.132432
2.455563 5.544541 0.129503
2.354669 5.567504 0.117809
2.340926 5.656305 0.134620
2.252931 5.625786 0.124420
2.163938 5.659266 0.123803
2.124445 5.754738 0.131318
2.035390 5.744602 0.135703
1.935273 5.738988 0.123691
1.858679 5.763787 0.124198
1.824702 5.843899 0.134533
1.742376 5.868424 0.134498
1.645744 5.841132 0.132242
1.555976 5.838414 0.119902
1.520533 5.936153 0.131174
1.434540 5.947711 0.134321
1.342122 5.967694 0.134258
1.245939 5.949143 0.137752
1.147993 5.940693 0.127974
1.052046 5.935512 0.119146
0.961203 6.033234 0.133893
0.841843 6.047999 0.133758
0.742401 6.048894 0.138068
0.648723 6.072412 0.130587
0.557136 6.078590 0.130521
0.459013 6.071149 0.136098
0.362050 6.076700 0.134779
0.258896 6.062721 0.141161
0.173481 6.061907 0.140888
0.047830 6.071769 0.135225
-0.057966 6.073768 0.132379
-0.143525 6.068427 0.132218
-0.246019 6.060092 0.132017
-0.348310 6.049925 0.131809
-0.450365 6.037930 0.131594
-0.528216 6.036705 0.129166
-0.555534 5.962029 0.125856
-0.656207 5.954693 0.128721
-0.731373 5.941361 0.128520
-0.828472 5.928975 0.131138
-0.955411 5.948593 0.130414
-1.046108 5.873976 0.127699
-1.136344 5.851141 0.127468
-1.250485 5.819666 0.127143
-1.349049 5.763724 0.120294
-1.460477 5.755119 0.126557
-1.558225 5.720680 0.127585
-1.662684 5.667661 0.123683
-1.753377 5.647592 0.125559
-1.837293 5.617951 0.123269
-1.868269 5.549710 0.120343
-1.948547 5.559405 0.126808
-2.034320 5.537033 0.121804
-2.061700 5.464308 0.119861
-2.149999 5.453265 0.119398
-2.246770 5.433741 0.122229
-2.241751 5.377181 0.119428
-2.349468 5.323400 0.121385
-2.453517 5.263230 0.123002
-2.548385 5.247154 0.118661
-2.557474 5.140213 0.117404
-2.655634 5.139347 0.120116
-2.768910 5.058506 0.121380
-2.944596 4.866213 0.113314
-3.040717 4.822355 0.122269
-3.138662 4.734960 0.121359
-3.222313 4.656635 0.120557
-3.247127 4.556165 0.111372
-3.364258 4.522405 0.118221
-3.423842 4.467630 0.116607
-3.460404 4.343341 0.106912
-4.422337 2.921018 0.102477
-4.457367 2.834366 0.101750
-4.490868 2.747343 0.101026
-4.501648 2.718246 0.100785
-4.512244 2.689110 0.100544
-4.559773 2.637426 0.097170
-4.538149 2.542700 0.092973
-4.577122 2.443030 0.092460
-4.623064 2.326519 0.093803
-4.644407 2.258535 0.093374
-4.674571 2.162663 0.089973
-4.689182 2.085113 0.095688
-4.714857 2.037626 0.088740
-4.736903 1.943326 0.089905
-4.762471 1.850852 0.089530
-4.755203 1.743074 0.093044
-4.744140 1.643497 0.085179
-4.752751 1.538885 0.081603
-4.763101 1.439456 0.079650
-4.758383 1.358212 0.081512
-4.802780 1.341468 0.090032
-4.809881 1.237638 0.089269
-4.812836 1.139078 0.076375
-4.823491 1.048539 0.080249
-4.832383 0.955257 0.076144
-4.834054 0.852529 0.078242
-4.834408 0.753824 0.082857
-4.848279 0.643133 0.079896
-4.838758 0.551641 0.081137
-4.785451 0.436570 0.083735
-4.760407 0.336020 0.083813
-4.736031 0.262690 0.084436
-4.744865 0.146813 0.083346
-4.740841 0.054123 0.083874
-4.743557 -0.053894 0.082071
-4.732394 -0.138739 0.081785
-4.666028 -0.155096 0.077248
-6.553230 -0.439664 0.140311
-6.532383 -0.550675 0.139652
-6.490645 -0.629463 0.138548
-6.459641 -0.723082 0.137796
-6.420964 -0.834517 0.136906
-6.353447 -0.963813 0.135070
-6.327801 -1.037122 0.134575
-6.310014 -1.126617 0.134608
-6.256060 -1.255379 0.133475
-6.230779 -1.334400 0.132951
-6.196038 -1.393576 0.132551
-6.171629 -1.469844 0.132180
-6.150914 -1.576632 0.132097
-6.072767 -1.653586 0.130589
-6.029714 -1.738702 0.129957
-5.942810 -1.855559 0.122066
-5.922354 -1.939622 0.128482
-5.858360 -2.041070 0.121301
-5.821916 -2.116285 0.121767
-5.761421 -2.242706 0.120643
-5.681705 -2.343117 0.125608
-5.656189 -2.444009 0.118476
-5.589672 -2.483237 0.124639
-5.547877 -2.544616 0.124220
-5.562692 -2.647716 0.117256
-5.344910 -2.749678 0.116914
-5.330986 -2.843144 0.122227
-5.225715 -2.947468 0.117606
-5.159145 -3.051077 0.119057
-5.071473 -3.160706 0.116812
-5.021307 -3.225282 0.117669
-4.984302 -3.276397 0.116440
-4.948060 -3.328090 0.115259
-4.860563 -3.397844 0.118756
-4.835388 -3.457901 0.115787
-4.786066 -3.476059 0.118294
-4.735828 -3.527422 0.117996
-4.634145 -3.628459 0.117419
-4.530884 -3.727234 0.116868
-4.478626 -3.775696 0.116603
-4.425975 -3.823564 0.116345
-4.372888 -3.870761 0.116094
-4.319514 -3.917511 0.115849
-3.058536 -4.791066 0.112171
-2.967317 -4.839757 0.112038
-2.858267 -4.857717 0.115918
-2.848824 -4.943144 0.113664
-2.729947 -4.947569 0.115271
-2.632709 -4.953594 0.113924
-2.553225 -5.038103 0.115229
-2.460242 -5.052107 0.115053
-2.342371 -5.136370 0.115202
-2.254901 -5.152268 0.114151
-2.157102 -5.166463 0.112181
-2.129987 -5.230534 0.116143
-2.042948 -5.246334 0.115473
-1.946292 -5.259954 0.112823
-1.871495 -5.279011 0.110890
-1.840700 -5.335544 0.115279
-1.757388 -5.344263 0.114189
-1.652248 -5.361809 0.112869
-1.532301 -5.432052 0.115618
-1.448341 -5.451456 0.115379
-1.342878 -5.452322 0.112963
-1.257965 -5.468046 0.112318
-1.149001 -5.484171 0.110918
-1.141236 -5.532089 0.116033
-1.045588 -5.546846 0.115088
-0.957159 -5.547752 0.114033
-0.844544 -5.558556 0.112812
-0.740277 -5.565560 0.111650
-0.640661 -5.582167 0.112242
-0.538305 -5.592760 0.111377
-0.436028 -5.635780 0.114967
-0.344874 -5.642319 0.114765
-0.240247 -5.640876 0.113658
-0.145969 -5.649149 0.114530
-0.048386 -5.645139 0.113420
0.051607 -5.656416 0.113874
0.149071 -5.663582 0.114785
0.236843 -5.651924 0.113781
0.349013 -5.656422 0.114414
0.448831 -5.653002 0.115024
0.541279 -5.650653 0.114286
0.643775 -5.644262 0.114836
0.758582 -5.649017 0.116413
0.840447 -5.646049 0.115997
0.947605 -5.646659 0.118231
1.055364 -5.633348 0.118405
1.151673 -5.620039 0.118583
1.247684 -5.574978 0.115803
1.355180 -5.563233 0.117023
1.450105 -5.546653 0.116746
1.548648 -5.549278 0.118973
1.640250 -5.532959 0.119610
1.749054 -5.525051 0.124071
1.839852 -5.462961 0.118431
1.946649 -5.448818 0.120130
2.058153 -5.453284 0.126098
2.144458 -5.434050 0.123058
2.244389 -5.363345 0.121344
2.360033 -5.352661 0.126574
2.448983 -5.335821 0.123792
2.534124 -5.327328 0.125603
2.551760 -5.243378 0.121343
2.643202 -5.251870 0.129025
2.746595 -5.239820 0.124344
2.839023 -5.165627 0.128330
2.947539 -5.146142 0.126214
3.045968 -5.113631 0.121448
3.132698 -5.054976 0.126302
3.236257 -5.022093 0.125494
3.263519 -4.962552 0.134499
3.352232 -4.958323 0.119835
3.461116 -4.918327 0.133422
3.545540 -4.843246 0.119005
3.637180 -4.828926 0.134848
3.740737 -4.755993 0.130440
3.843058 -4.716506 0.136587
3.874507 -4.698558 0.136860
3.958018 -4.649716 0.137595
4.061875 -4.587235 0.138525
4.154634 -4.529148 0.139377
4.231513 -4.479688 0.140095
4.323146 -4.418828 0.140969
5.661335 -3.254441 0.139543
5.764164 -3.148844 0.148357
5.846378 -3.042207 0.151664
5.863252 -2.962512 0.141208
5.922374 -2.923337 0.140372
5.967096 -2.854874 0.142689
6.019237 -2.830081 0.161376
6.047960 -2.749707 0.149607
6.114545 -2.704628 0.162855
6.161298 -2.640839 0.163601
6.230540 -2.544139 0.164726
6.275932 -2.478811 0.165481
6.356755 -2.427390 0.150302
6.364890 -2.346175 0.167004
6.448676 -2.243956 0.154770
6.483327 -2.159758 0.169122
6.513715 -2.129378 0.152272
6.546563 -2.057260 0.152639
6.590316 -1.954310 0.147202
6.617093 -1.933328 0.171659
6.647260 -1.860192 0.163165
6.664580 -1.770331 0.148060
6.734331 -1.718550 0.174032
6.762654 -1.663990 0.174630
6.849992 -1.546995 0.158262
6.854267 -1.479776 0.176635
6.898407 -1.386316 0.177644
6.948961 -1.359002 0.146993
6.948881 -1.269150 0.160002
6.980141 -1.159057 0.156753
7.053961 -1.037566 0.170588
7.063190 -0.938828 0.154220
7.126911 -0.859141 0.160140
7.146847 -0.751430 0.154572
7.172235 -0.650534 0.155193
7.251194 -0.555517 0.176099
7.260400 -0.444852 0.187526
7.247530 -0.351289 0.168425
7.316104 -0.281546 0.172408
7.333314 -0.165216 0.169544
7.358890 -0.045252 0.179628
7.357109 0.052064 0.168152
7.425356 0.082931 0.179397
7.432859 0.157147 0.179749
7.441869 0.252749 0.180215
7.457352 0.371016 0.185838
7.454923 0.461514 0.176344
7.475865 0.542755 0.187012
7.533127 0.654462 0.185744
7.543836 0.751688 0.179735
7.540222 0.852004 0.200386
7.553270 0.962405 0.201443
7.562410 1.051154 0.202289
7.572646 1.162464 0.203346
7.581196 1.274277 0.204401
7.585487 1.341602 0.205033
7.592348 1.476708 0.206296
7.594911 1.544479 0.206927
7.597747 1.657768 0.207976
7.598689 1.725911 0.208604
7.598799 1.839784 0.209649
7.597115 1.953998 0.210691
7.593900 2.068479 0.211730
7.588861 2.183247 0.212766
7.584933 2.252235 0.213385
7.577055 2.367383 0.214415
7.571412 2.436576 0.215030
7.560515 2.552041 0.216052
7.548021 2.667637 0.217069
7.533626 2.783359 0.218081
7.524048 2.852839 0.218686
7.513879 2.922341 0.219289
7.495346 3.038215 0.220288
7.483391 3.107748 0.220885
7.457281 3.246799 0.222071
7.438534 3.339472 0.222856
7.344825 3.732576 0.226140
7.362606 3.849631 0.207634
7.299854 3.893877 0.227466
7.279368 3.962858 0.228028
7.257695 4.068370 0.215179
7.224078 4.144009 0.215504
7.181919 4.242225 0.216008
7.139154 4.341308 0.219372
7.066650 4.460517 0.211963
7.053033 4.539507 0.222470
7.027153 4.668586 0.233635
7.008302 4.713547 0.233983
6.989139 4.758425 0.234328
6.949717 4.847874 0.235014
6.909356 4.937049 0.235693
6.888628 4.981471 0.236029
6.846234 5.070013 0.236696
6.839271 5.145258 0.227846
6.746243 5.267662 0.238165
6.728158 5.345435 0.224008
6.688026 5.376489 0.238963
6.640022 5.462988 0.239592
6.615556 5.506047 0.239903
6.590779 5.548975 0.240211
6.527448 5.655689 0.240972
6.462268 5.761563 0.241720
6.422179 5.824620 0.242160
4.692554 7.693219 0.253355
4.651415 7.724043 0.253497
4.568424 7.784839 0.253769
4.556055 7.841015 0.237374
4.463342 7.859178 0.254090
4.356775 7.931609 0.254388
4.270692 7.988452 0.254613
4.166213 8.066015 0.243592
4.095692 8.098188 0.255018
4.047744 8.145920 0.240654
3.964768 8.180661 0.232501
3.935354 8.221342 0.252386
3.849292 8.247590 0.239473
3.748509 8.310259 0.252551
3.657685 8.334649 0.240988
3.563346 8.376594 0.241048
3.521928 8.411005 0.253495
3.444553 8.435560 0.247077
3.359982 8.458930 0.240145
3.351097 8.533217 0.242090
3.268222 8.544241 0.245089
3.145923 8.552146 0.247137
3.083651 8.635582 0.242177
2.964192 8.653470 0.247882
2.844732 8.644785 0.244807
2.855387 8.722111 0.237530
2.770947 8.737233 0.246873
2.663854 8.775901 0.242194
2.555819 8.811665 0.237517
2.472221 8.828980 0.246793
2.371005 8.860220 0.237490
2.261990 8.886328 0.242070
2.169855 8.908378 0.246616
2.058982 8.933536 0.241957
1.957026 8.955122 0.241888
1.854795 8.975355 0.241810
1.759708 8.990687 0.237231
1.649586 9.011753 0.241629
1.546647 9.027910 0.241526
1.443512 9.042701 0.241415
1.340200 9.056126 0.241295
1.236730 9.068180 0.241167
1.140557 9.074118 0.236747
1.058914 9.097963 0.253748
1.006977 9.102446 0.253610
0.929016 9.108402 0.253397
0.851009 9.113588 0.253176
0.798978 9.116534 0.253024
0.668841 9.122169 0.252628
0.561719 9.113058 0.240133
0.457704 9.114807 0.239944
0.344116 9.111487 0.235768
0.241947 9.117467 0.243429
0.145806 9.111820 0.239328
0.067908 9.109189 0.239163
-0.059351 9.109703 0.250010
-0.137100 9.103977 0.249690
-0.174908 9.094029 0.234959
-0.268977 9.088690 0.238398
-0.346527 9.081971 0.238210
-0.448790 9.071221 0.241343
-0.536618 9.062325 0.234308
-0.630006 9.050631 0.237485
-0.725338 9.039875 0.233990
-0.825329 9.020066 0.240112
-0.933081 8.994764 0.245951
-1.046243 8.981414 0.239355
-1.151210 8.971083 0.233036
-1.248747 8.939537 0.238572
-1.337348 8.934716 0.232666
-1.346059 8.841903 0.227893
-1.411176 8.884211 0.243293
-1.535337 8.849694 0.242549
-1.644236 8.852036 0.234399
-1.734387 8.759116 0.230606
-1.823510 8.741375 0.233694
-1.927348 8.724738 0.240055
-1.954280 8.690640 0.229591
-2.051662 8.660443 0.229294
-2.148369 8.627990 0.228920
-2.239168 8.607225 0.237905
-2.364456 8.551573 0.228131
-2.448705 8.518730 0.230618
-2.549639 8.481750 0.224632
-2.648048 8.438816 0.226939
-2.751021 8.376831 0.234031
-2.856850 8.346097 0.225933
-2.931822 8.283817 0.232556
-3.049020 8.244296 0.227255
-3.153291 8.160588 0.230664
-3.266594 8.146832 0.224086
-3.246299 8.045373 0.215983
-3.369784 8.030312 0.228724
-3.444159 8.050500 0.223199
-3.460482 7.951997 0.221444
-3.539081 7.920979 0.227139
-3.544690 7.854384 0.218258
-3.614584 7.853293 0.217432
-3.704837 7.807326 0.225526
-3.763036 7.762039 0.216575
-3.838172 7.650130 0.222062
-3.924352 7.662266 0.213089
-3.959766 7.565048 0.220926
-4.044892 7.546621 0.217788
-4.131694 7.526492 0.212106
-4.160669 7.457787 0.220752
-4.226015 7.459803 0.211567
-4.257425 7.344923 0.218177
-4.351526 7.266337 0.217052
-4.415421 7.224626 0.217110
-4.458342 7.181778 0.216272
-4.525779 7.126619 0.215864
-4.576190 7.076495 0.214670
-4.641280 7.018630 0.214229
-4.677165 6.985380 0.213817
-4.748792 6.919017 0.213004
-4.791541 6.867721 0.213170
-4.841860 6.834970 0.211585
-4.858565 6.796289 0.212284
-4.932532 6.743661 0.210616
-4.973247 6.669470 0.210726
-5.049539 6.630495 0.209149
-5.084689 6.540505 0.209160
-5.162187 6.447068 0.208036
-5.222979 6.371593 0.207135
-5.297453 6.276375 0.206005
-6.385643 4.304873 0.184176
-6.401395 4.261858 0.183728
-6.439517 4.154132 0.182608
-6.475829 4.046156 0.181493
-6.503851 3.959649 0.180603
-6.537116 3.851325 0.179495
-6.544299 3.722618 0.172626
-6.570780 3.672682 0.174056
-6.621223 3.547290 0.176416
-6.641396 3.441051 0.169011
-6.661282 3.336366 0.172546
-6.683766 3.238400 0.174516
-6.735271 3.139881 0.169652
-6.753325 3.063011 0.169716
-6.762653 2.953500 0.173543
-6.740623 2.829635 0.168634
-6.758242 2.748071 0.168221
-6.786477 2.652709 0.167723
-6.816568 2.515746 0.167075
-6.825374 2.473677 0.166857
-6.850235 2.347344 0.166206
-6.855576 2.249819 0.165028
-6.821205 2.154695 0.168485
-6.845647 2.056499 0.164807
-6.859074 1.943062 0.165519
-6.869808 1.869946 0.165190
-6.830493 1.756257 0.161194
-6.847156 1.651727 0.159566
-6.853363 1.568329 0.160707
-6.863841 1.457563 0.159392
-6.862623 1.345472 0.157678
-6.846056 1.241331 0.157387
-6.823357 1.150803 0.156179
-6.826674 1.058330 0.155758
-6.821707 0.936426 0.149875
-6.827098 0.829743 0.149040
-6.818255 0.759531 0.141318
-6.725474 0.238445 0.147641
-6.731114 0.160414 0.149278
-6.695750 0.143487 0.144934
-6.674386 0.044678 0.144101
-6.647120 -0.073107 0.143114
-6.623057 -0.170592 0.142302
-6.613079 -0.209404 0.141980
-6.580628 -0.277540 0.140828
-6.574613 -0.348142 0.140721
-10.662115 -0.846347 0.274865
-10.669051 -0.944138 0.272630
-10.578095 -1.048307 0.272135
-10.524442 -1.167919 0.270684
-10.483624 -1.256988 0.269607
-10.442239 -1.345415 0.268542
-10.400404 -1.433329 0.267485
-10.372217 -1.491597 0.266787
-10.343811 -1.549608 0.266094
-10.315187 -1.607362 0.265405
-10.286346 -1.664860 0.264720
-10.242657 -1.750593 0.263702
-10.183700 -1.864050 0.262360
-10.138960 -1.948501 0.261365
-10.108858 -2.004459 0.260707
-10.078553 -2.060162 0.260054
-10.032691 -2.143203 0.259083
-9.970878 -2.253071 0.257804
-9.924026 -2.334832 0.256855
-9.839965 -2.362367 0.250264
-9.844907 -2.469736 0.255297
-9.775155 -2.550258 0.250567
-9.737376 -2.633018 0.250001
-9.686167 -2.742753 0.249256
-9.633961 -2.851747 0.248522
-9.550519 -2.942307 0.249914
-9.540263 -3.040713 0.247263
-9.466190 -3.069952 0.248480
-9.432147 -3.120554 0.247914
-9.397933 -3.170902 0.247352
-9.329000 -3.270840 0.246242
-9.276840 -3.345100 0.245421
-9.224353 -3.418854 0.244609
-9.189145 -3.467688 0.244073
-9.136011 -3.540436 0.243277
-9.064639 -3.636596 0.242230
-9.010717 -3.708088 0.241455
-8.974565 -3.755416 0.240944
-8.920030 -3.825909 0.240186
-8.865193 -3.895901 0.239436
-8.828437 -3.942231 0.238942
-8.791533 -3.988311 0.238452
-8.735884 -4.056935 0.237724
-8.642463 -4.170149 0.236531
-8.604839 -4.214989 0.236062
-8.567074 -4.259582 0.235596
-8.529171 -4.303928 0.235134
-8.452951 -4.391880 0.234223
-8.414637 -4.435487 0.233773
-8.376189 -4.478848 0.233328
-8.337607 -4.521964 0.232886
-8.240561 -4.628651 0.231800
-8.170535 -4.675292 0.242054
-8.111817 -4.745562 0.245428
-8.043370 -4.844820 0.243704
-7.984557 -4.899014 0.229090
-7.946434 -4.963855 0.240794
-7.844524 -5.040302 0.227701
-7.745097 -5.044115 0.227520
-7.743632 -5.139465 0.226737
-7.633917 -5.226919 0.217798
-7.572563 -5.273249 0.222420
-7.526503 -5.330578 0.222270
-7.490861 -5.372769 0.222123
-7.437000 -5.435645 0.221905
-7.356236 -5.456579 0.236045
-7.355394 -5.531660 0.208496
-7.249423 -5.594481 0.222445
-7.244199 -5.654373 0.208011
-7.148832 -5.737669 0.211121
-7.060095 -5.756274 0.220976
-6.954009 -5.844068 0.220193
-6.847344 -5.930496 0.219432
-6.783054 -5.981652 0.218986
-6.740065 -6.015445 0.218694
-6.675393 -6.065670 0.218263
-6.610532 -6.115430 0.217840
-6.567169 -6.148294 0.217562
-4.741492 -7.287891 0.209300
-4.658507 -7.369004 0.212157
-4.554691 -7.380527 0.208790
-4.437429 -7.436663 0.208499
-4.366872 -7.469641 0.208335
-4.248971 -7.523508 0.208078
-4.154408 -7.565726 0.207886
-4.035839 -7.617149 0.207666
-3.964535 -7.647393 0.207543
-3.821526 -7.706354 0.207321
-3.749825 -7.735073 0.207222
-3.654040 -7.772640 0.207100
-3.582065 -7.800272 0.207017
-3.461822 -7.845171 0.206896
-3.365395 -7.880137 0.206813
-3.244579 -7.922654 0.206728
-3.171926 -7.947473 0.206687
-3.050607 -7.987829 0.206634
-2.928970 -8.026784 0.206602
-2.537771 -8.142478 0.206634
-2.439518 -8.169250 0.206674
-2.316460 -8.201531 0.206742
-2.242488 -8.220213 0.206793
-2.168431 -8.238466 0.206850
-2.044781 -8.267739 0.206963
-1.945682 -8.290214 0.207067
-1.846423 -8.311829 0.207183
-1.747007 -8.332584 0.207313
-1.672348 -8.347613 0.207418
-1.547715 -8.371516 0.207610
-1.447846 -8.389693 0.207777
-1.322810 -8.411230 0.208004
-1.247675 -8.423464 0.208150
-1.147379 -8.439058 0.208356
-1.072071 -8.450215 0.208518
-0.946380 -8.467661 0.208805
-0.845683 -8.480669 0.209048
-0.770081 -8.489883 0.209239
-0.643909 -8.504091 0.209573
-0.542838 -8.514505 0.209855
-0.466959 -8.521773 0.210074
-0.340339 -8.532733 0.210456
-0.238919 -8.540545 0.210775
-0.162784 -8.545860 0.211023
-0.035748 -8.553558 0.211452
0.065996 -8.558758 0.211810
0.142368 -8.562113 0.212086
0.269787 -8.566535 0.212563
0.371828 -8.569111 0.212958
0.448418 -8.570495 0.213263
0.550620 -8.571532 0.213680
0.627333 -8.571704 0.214003
0.729687 -8.571200 0.214443
0.806505 -8.570270 0.214781
0.934642 -8.567538 0.215361
1.037236 -8.564376 0.215839
1.139904 -8.560325 0.216330
1.268335 -8.554033 0.216962
1.345448 -8.549544 0.217351
1.448318 -8.542811 0.217881
1.525509 -8.537200 0.218286
1.666384 -8.549307 0.212706
1.752170 -8.540295 0.213095
1.865150 -8.535791 0.210200
1.989313 -8.492694 0.220872
2.066709 -8.483459 0.221329
2.169938 -8.470385 0.221949
2.249899 -8.475187 0.211545
2.420069 -8.440183 0.215916
2.530752 -8.419573 0.212475
2.607253 -8.403331 0.212758
2.658208 -8.392152 0.212949
2.741952 -8.370920 0.209179
2.846392 -8.352474 0.217861
2.937806 -8.325925 0.214032
3.048549 -8.321950 0.227748
3.165662 -8.265870 0.214960
3.241405 -8.244622 0.215278
3.358875 -8.253398 0.230023
3.462310 -8.228646 0.230807
3.591590 -8.196390 0.231807
3.669145 -8.176266 0.232417
3.775477 -8.160507 0.226784
3.853163 -8.144634 0.220553
3.914786 -8.117263 0.224108
3.953414 -8.097970 0.234718
4.051608 -8.067686 0.221176
4.338714 -7.955004 0.226062
4.469590 -7.936606 0.239165
4.548878 -7.934423 0.233982
4.649953 -7.874244 0.240803
4.759767 -7.852428 0.232043
4.850484 -7.812705 0.229079
4.949393 -7.764883 0.236610
5.048889 -7.719891 0.237291
5.151609 -7.664108 0.234122
5.241036 -7.647714 0.246481
5.365993 -7.662271 0.232443
5.369458 -7.550797 0.235345
5.471515 -7.549813 0.248829
5.574448 -7.545196 0.233478
5.599329 -7.493203 0.250164
5.665868 -7.474965 0.242844
5.749627 -7.436992 0.238703
5.824355 -7.385938 0.246789
5.925373 -7.349894 0.241587
6.007397 -7.306703 0.236130
6.055967 -7.278693 0.236513
6.118390 -7.240029 0.230688
6.247974 -7.162443 0.237969
6.336586 -7.132115 0.258348
6.437648 -7.077895 0.259536
6.538536 -7.022588 0.260739
6.815022 -6.864879 0.264120
8.908871 -5.334457 0.294446
8.955687 -5.292356 0.295235
9.025696 -5.228592 0.296425
9.095489 -5.164215 0.297623
9.141870 -5.120887 0.298427
9.188137 -5.077251 0.299235
9.234290 -5.033306 0.300047
9.280328 -4.989052 0.300862
9.326248 -4.944488 0.301682
9.372048 -4.899613 0.302505
9.440506 -4.831679 0.303748
9.531370 -4.740058 0.305417
9.689168 -4.576746 0.308376
9.733953 -4.529366 0.309230
9.778602 -4.481671 0.310088
9.823114 -4.433659 0.310949
9.867488 -4.385331 0.311815
9.911720 -4.336685 0.312684
9.977785 -4.263081 0.313996
10.065384 -4.163880 0.315758
10.152388 -4.063401 0.317536
10.238778 -3.961640 0.319329
10.345901 -3.832672 0.321591
10.388461 -3.780504 0.322503
10.430857 -3.728013 0.323419
10.473085 -3.675200 0.324338
10.577895 -3.541708 0.326654
10.660979 -3.433486 0.328524
10.722849 -3.351507 0.329935
10.763854 -3.296419 0.330881
10.804676 -3.241005 0.331831
10.865535 -3.157232 0.333264
10.946048 -3.044444 0.335187
11.033160 -2.939996 0.327115
11.080058 -2.857878 0.317770
11.129857 -2.747614 0.323887
11.221613 -2.639358 0.342035
11.279375 -2.550501 0.343526
11.336602 -2.460820 0.345026
11.393393 -2.370481 0.346533
11.430957 -2.309816 0.347543
11.468298 -2.248821 0.348557
11.523854 -2.156670 0.350084
11.578948 -2.063859 0.351619
11.633896 -2.035520 0.330402
11.658200 -1.945776 0.336601
11.686209 -1.860352 0.331417
11.723183 -1.812629 0.355753
11.732069 -1.750648 0.338404
11.747586 -1.662894 0.332783
11.828789 -1.620749 0.358892
11.863487 -1.556130 0.359945
11.897930 -1.491182 0.361002
11.932113 -1.425907 0.362062
11.966033 -1.360302 0.363126
11.999689 -1.294370 0.364193
12.033076 -1.228109 0.365264
12.066194 -1.161521 0.366338
12.099037 -1.094605 0.367415
12.131603 -1.027362 0.368496
12.163891 -0.959793 0.369581
12.195897 -0.891897 0.370669
12.258844 -0.833531 0.345318
12.272230 -0.744001 0.352585
12.291174 -0.674336 0.353206
12.321033 -0.617061 0.375053
12.327992 -0.534450 0.354453
12.345864 -0.464233 0.355079
12.411774 -0.407530 0.378376
12.441412 -0.337040 0.379490
12.470738 -0.266230 0.380608
12.499753 -0.195098 0.381728
12.528453 -0.123646 0.382852
12.556832 -0.051875 0.383979
12.584888 0.020216 0.385109
12.612619 0.092624 0.386242
12.640023 0.165350 0.387378
12.667093 0.238392 0.388517
12.693829 0.311749 0.389659
12.743449 0.367124 0.365356
12.759601 0.459052 0.357383
12.768480 0.551317 0.366695
12.780437 0.625305 0.367335
12.822357 0.683237 0.395414
12.847012 0.758468 0.396573
12.871306 0.834006 0.397736
12.895239 0.909853 0.398901
12.918807 0.986005 0.400069
12.942005 1.062462 0.401240
12.987284 1.216285 0.403589
13.009355 1.293649 0.404767
13.031044 1.371312 0.405949
13.052347 1.449274 0.407132
13.073260 1.527532 0.408319
13.093781 1.606085 0.409507
13.113904 1.684932 0.410698
13.152947 1.843499 0.413088
13.171861 1.923217 0.414286
13.190363 2.003222 0.415487
13.208450 2.083512 0.416689
13.226120 2.164086 0.417894
13.243367 2.244941 0.419102
13.260191 2.326075 0.420311
13.284565 2.448332 0.422129
13.308071 2.571138 0.423951
13.323157 2.653371 0.425168
13.337800 2.735874 0.426388
13.351995 2.818644 0.427609
13.372384 2.943329 0.429444
13.391861 3.068536 0.431283
13.404231 3.152353 0.432511
13.416137 3.236425 0.433740
13.427573 3.320751 0.434972
13.443779 3.447740 0.436822
13.459029 3.575222 0.438674
13.468552 3.660535 0.439911
13.477586 3.746087 0.441150
13.487066 3.830004 0.428167
13.469489 3.935985 0.423839
13.505252 4.047400 0.445493
13.515317 4.177352 0.447359
13.521348 4.264285 0.448604
13.526866 4.351437 0.449850
13.531866 4.438805 0.451096
13.536345 4.526386 0.452344
13.540301 4.614177 0.453592
13.545175 4.746274 0.455466
13.548982 4.878773 0.457340
13.550801 4.967369 0.458591
13.552078 5.056157 0.459842
13.552807 5.145133 0.461093
13.552988 5.234294 0.462344
13.552614 5.323637 0.463596
13.551682 5.413157 0.464848
13.549161 5.547782 0.466726
13.545507 5.682743 0.468603
13.542310 5.772933 0.469855
13.538537 5.863280 0.471106
13.534185 5.953782 0.472357
13.529251 6.044431 0.473608
13.523731 6.135226 0.474858
13.517624 6.226161 0.476108
13.510921 6.317231 0.477357
13.503623 6.408432 0.478606
13.495726 6.499762 0.479853
13.487225 6.591212 0.481100
13.478118 6.682780 0.482346
13.468401 6.774461 0.483591
13.458072 6.866250 0.484835
13.447125 6.958141 0.486078
-11.452623 7.641964 0.390337
-11.453539 7.534132 0.389435
-11.482710 7.458138 0.388784
-11.531803 7.347704 0.388106
-11.559839 7.271450 0.387458
-11.542712 7.181853 0.383502
-11.564443 7.056864 0.381657
-11.555385 6.941221 0.380461
-11.580682 6.865138 0.379811
-11.623854 6.754244 0.379124
-11.643534 6.652160 0.377305
-11.645628 6.517952 0.373754
-11.656217 6.435483 0.372552
-11.666309 6.353137 0.371355
-11.632406 6.238204 0.373413
-11.671813 6.139658 0.372094
-11.701774 6.025072 0.366603
-11.727345 5.942706 0.374125
-11.748652 5.849356 0.370695
-11.742568 5.767716 0.363953
-11.749222 5.665935 0.362209
-11.725663 5.543155 0.365264
-11.752697 5.448669 0.366693
-11.755355 5.255232 0.355577
-11.732368 5.118199 0.360764
-11.747494 5.043465 0.360158
-11.762195 4.968740 0.359555
-11.773492 4.868071 0.355758
-11.768292 4.736896 0.348251
-11.768618 4.657813 0.347141
-11.768238 4.539552 0.345483
-11.766999 4.421661 0.343835
-11.733194 4.353373 0.349646
-11.745203 4.261254 0.351505
-11.763564 4.150514 0.345456
-11.774212 4.058505 0.347322
-11.752353 3.954478 0.337343
-11.746320 3.838811 0.335746
-11.739478 3.723546 0.334159
-11.734382 3.646975 0.333106
-11.728889 3.570610 0.332058
-11.719860 3.456477 0.330495
-11.710051 3.342762 0.328942
-11.718257 3.255691 0.335497
-11.691645 3.154372 0.326377
-11.679537 3.041939 0.324851
-11.670962 2.967274 0.323840
-11.657357 2.855715 0.322333
-11.632963 2.670816 0.319842
-11.617167 2.560592 0.318363
-11.600653 2.450819 0.316893
-11.583253 2.341615 0.315434
-11.565151 2.232870 0.313986
-11.533141 2.052860 0.311596
-11.512979 1.945507 0.310175
-11.482588 1.836972 0.309095
-11.470976 1.748958 0.308489
-11.473547 1.662934 0.308413
-11.453944 1.472483 0.306369
-11.384408 1.347430 0.302330
-11.359360 1.243651 0.300980
-11.342244 1.174789 0.300086
-11.324820 1.106171 0.299198
-11.307088 1.037797 0.298314
-11.254907 0.941245 0.296424
-11.242980 0.840597 0.295660
-11.235635 0.753796 0.295215
-11.226514 0.673597 0.294577
-11.194394 0.632716 0.293108
-11.174582 0.566069 0.292257
-11.144289 0.466596 0.290990
-11.113428 0.367623 0.289732
-11.092478 0.301974 0.288900
-11.071249 0.236576 0.288072
-11.038853 0.138981 0.286840
-11.005910 0.041889 0.285618
-10.972292 -0.054571 0.284407
-10.938141 -0.150526 0.283205
-10.915021 -0.214159 0.282410
-10.891639 -0.277538 0.281620
-10.867998 -0.340663 0.280835
-10.832023 -0.434842 0.279666
-10.756473 -0.558270 0.275998
-10.736069 -0.652463 0.274945
-10.717910 -0.736342 0.273884
-2.286141 0.052774 -0.025068
-2.273580 -0.063463 -0.025810
-2.260129 -0.154505 -0.026346
-2.242832 -0.244799 -0.026870
-2.215622 -0.361781 -0.027538
-2.189090 -0.456974 -0.028072
-2.163134 -0.537529 -0.028518
-2.119225 -0.656516 -0.029164
-2.089535 -0.728051 -0.029546
-2.037133 -0.840754 -0.030135
-1.973418 -0.960776 -0.030747
-1.912216 -1.063291 -0.031256
-1.893342 -1.092890 -0.031400
-1.846154 -1.162647 -0.031735
-1.805115 -1.219546 -0.032002
-1.766792 -1.269700 -0.032234
-1.713759 -1.335008 -0.032529
-1.663248 -1.393249 -0.032785
-1.630110 -1.429408 -0.032941
-1.576783 -1.485031 -0.033175
-1.536780 -1.524261 -0.033335
-1.496122 -1.562801 -0.033490
-1.443942 -1.609484 -0.033672
-1.365047 -1.675173 -0.033916
-1.257039 -1.756639 -0.034197
-1.129236 -1.842431 -0.034465
-1.069371 -1.878668 -0.034565
-1.014618 -1.909795 -0.034645
-0.934164 -1.952265 -0.034742
-0.883920 -1.976975 -0.034791
-0.820324 -2.006213 -0.034841
-0.751474 -2.035110 -0.034878
-0.651300 -2.073694 -0.034910
-0.585039 -2.096372 -0.034914
-0.511411 -2.119098 -0.034903
-0.450658 -2.136003 -0.034882
-0.341544 -2.161874 -0.034817
-0.245251 -2.180924 -0.034736
-0.148222 -2.196126 -0.034630
-0.064550 -2.205799 -0.034518
0.047474 -2.214451 -0.034340
0.145788 -2.218059 -0.034159
0.237205 -2.217490 -0.033967
0.356703 -2.212069 -0.033687
0.454917 -2.203357 -0.033430
0.557386 -2.189620 -0.033134
0.657004 -2.172304 -0.032821
0.746806 -2.153326 -0.032518
0.835806 -2.130526 -0.032193
0.917349 -2.107005 -0.031879
0.977949 -2.087360 -0.031633
1.071175 -2.053529 -0.031231
1.136996 -2.027180 -0.030932
1.253581 -1.974972 -0.030368
1.361207 -1.920102 -0.029806
1.454121 -1.867589 -0.029289
1.508729 -1.834004 -0.028968
1.586092 -1.782966 -0.028493
1.655667 -1.733021 -0.028040
1.757305 -1.654235 -0.027342
1.801126 -1.617423 -0.027024
1.849394 -1.574738 -0.026660
1.917200 -1.510859 -0.026124
1.972713 -1.454778 -0.025663
2.059464 -1.358922 -0.024890
2.141798 -1.259007 -0.024101
2.193620 -1.189814 -0.023566
2.242984 -1.118732 -0.023024
2.270766 -1.076534 -0.022705
2.308868 -1.015165 -0.022247
2.355666 -0.933641 -0.021645
2.379724 -0.889059 -0.021319
2.415565 -0.817901 -0.020805
2.451854 -0.738820 -0.020240
2.482992 -0.665315 -0.019721
2.525532 -0.551935 -0.018931
2.563920 -0.431793 -0.018108
2.583290 -0.361559 -0.017633
2.609995 -0.247964 -0.016874
2.626688 -0.161946 -0.016307
2.641957 -0.060747 -0.015649
2.654485 0.055675 -0.014902
2.660446 0.143392 -0.014347
2.663023 0.250938 -0.013675
2.661292 0.356155 -0.013027
2.654254 0.473541 -0.012315
2.647671 0.539430 -0.011921
2.631753 0.656156 -0.011231
2.616343 0.743244 -0.010723
2.604224 0.800990 -0.010391
2.590728 0.858461 -0.010063
2.565066 0.953507 -0.009527
2.527787 1.070889 -0.008877
2.497532 1.154321 -0.008423
2.458104 1.250141 -0.007911
2.424593 1.324388 -0.007520
2.388500 1.397469 -0.007142
2.360731 1.449871 -0.006875
2.324256 1.514440 -0.006550
2.293684 1.565310 -0.006299
2.231536 1.660637 -0.005836
2.150221 1.772879 -0.005309
2.104226 1.831223 -0.005043
2.085282 1.854130 -0.004940
2.031764 1.915941 -0.004668
1.976238 1.975982 -0.004411
1.918729 2.034157 -0.004169
1.859335 2.090429 -0.003943
1.826036 2.120154 -0.003828
1.758086 2.178055 -0.003609
1.723447 2.206222 -0.003507
1.658432 2.255957 -0.003333
1.567090 2.320116 -0.003124
1.492186 2.368751 -0.002977
1.421919 2.410762 -0.002862
1.337072 2.457248 -0.002749
1.297433 2.477804 -0.002704
1.243912 2.503880 -0.002653
1.162423 2.540369 -0.002595
1.058986 2.582231 -0.002549
0.948930 2.620477 -0.002540
0.839730 2.653194 -0.002563
0.731590 2.680279 -0.002618
0.666156 2.694059 -0.002668
0.534373 2.716442 -0.002801
0.423831 2.729716 -0.002947
0.357280 2.735165 -0.003050
0.238763 2.740555 -0.003262
0.149828 2.741050 -0.003442
0.060999 2.738002 -0.003644
-0.057096 2.729233 -0.003942
-0.145281 2.719142 -0.004187
-0.240227 2.704381 -0.004474
-0.276589 2.697863 -0.004590
-0.363294 2.679624 -0.004882
-0.449321 2.658654 -0.005189
-0.534376 2.634310 -0.005515
-0.632477 2.602484 -0.005915
-0.687838 2.582395 -0.006153
-0.749488 2.558237 -0.006430
-0.837217 2.520354 -0.006846
-0.934280 2.473699 -0.007335
-1.027200 2.424486 -0.007832
-1.096875 2.383931 -0.008226
-1.146635 2.353007 -0.008521
-1.219877 2.304567 -0.008972
-1.249791 2.283546 -0.009164
-1.320443 2.231604 -0.009631
-1.383456 2.181820 -0.010069
-1.442750 2.131463 -0.010504
-1.535885 2.046211 -0.011224
-1.627694 1.952884 -0.011991
-1.676628 1.899174 -0.012425
-1.723741 1.843952 -0.012864
-1.778103 1.776000 -0.013397
-1.813011 1.729723 -0.013755
-1.860400 1.662755 -0.014268
-1.933413 1.549296 -0.015121
-1.977448 1.474682 -0.015674
-2.008471 1.417659 -0.016091
-2.037988 1.359899 -0.016510
-2.083491 1.261985 -0.017210
-2.130130 1.149040 -0.018006
-2.171128 1.034117 -0.018802
-2.186393 0.986297 -0.019130
-2.202537 0.931290 -0.019504
-2.227587 0.834254 -0.020156
-2.246105 0.750464 -0.020713
-2.263726 0.652038 -0.021359
-2.279159 0.538955 -0.022091
-2.288538 0.439646 -0.022725
-2.293087 0.354364 -0.023263
-2.295024 0.269055 -0.023795
-2.293224 0.169630 -0.024407
-2.709493 -0.037786 -0.010092
-2.694732 -0.154289 -0.010533
-2.678365 -0.253344 -0.010956
-2.658722 -0.351977 -0.011299
-2.634597 -0.453877 -0.011639
-2.612940 -0.534684 -0.011925
-2.593458 -0.587685 -0.014437
-2.581033 -0.638509 -0.012303
-2.542015 -0.753049 -0.012157
-2.511464 -0.825180 -0.013850
-2.483683 -0.882466 -0.016064
-2.463036 -0.944558 -0.012749
-2.422526 -1.032562 -0.012500
-2.392840 -1.081678 -0.014875
-2.353184 -1.162520 -0.013304
-2.308945 -1.231541 -0.015421
-2.273635 -1.293908 -0.014416
-2.231186 -1.359093 -0.014595
-2.158016 -1.463621 -0.014897
-2.083118 -1.561696 -0.015168
-1.994196 -1.651616 -0.019874
-1.944908 -1.722666 -0.015571
-1.881850 -1.771742 -0.020393
-1.840440 -1.829616 -0.015842
-1.769214 -1.879926 -0.020835
-1.730706 -1.931680 -0.016043
-1.663577 -1.971319 -0.021186
-1.629147 -2.017462 -0.016222
-1.564749 -2.061725 -0.018031
-1.446532 -2.152812 -0.016448
-1.364468 -2.188097 -0.021915
-1.341133 -2.221668 -0.016560
-1.251825 -2.265369 -0.019359
-1.138716 -2.337202 -0.016665
-1.068261 -2.372456 -0.016699
-0.988039 -2.389165 -0.022380
-0.932982 -2.440905 -0.014803
-0.850741 -2.467143 -0.016704
-0.735375 -2.487487 -0.022460
-0.649736 -2.529648 -0.018576
-0.559250 -2.570954 -0.014650
-0.458406 -2.565615 -0.022361
-0.340233 -2.590320 -0.022264
-0.253734 -2.637419 -0.014395
-0.158943 -2.638137 -0.017401
-0.053682 -2.654462 -0.016098
0.038342 -2.661597 -0.015978
0.151243 -2.666161 -0.015808
0.257594 -2.657504 -0.017512
0.343389 -2.673129 -0.013593
0.452458 -2.657148 -0.015262
0.557263 -2.637159 -0.016863
0.652160 -2.633900 -0.014814
0.738671 -2.589757 -0.019953
0.852422 -2.566014 -0.019560
0.961196 -2.570519 -0.014058
1.046300 -2.546633 -0.013816
1.156069 -2.478822 -0.018360
1.276378 -2.456999 -0.014693
1.355140 -2.448078 -0.011299
1.434325 -2.366061 -0.017052
1.565884 -2.350320 -0.010687
1.598676 -2.283316 -0.016178
1.657150 -2.250570 -0.015846
1.736744 -2.261612 -0.009442
1.771905 -2.181025 -0.015162
1.860467 -2.122084 -0.014600
1.944835 -2.061783 -0.014039
2.045473 -2.053460 -0.008062
2.051064 -1.978917 -0.013288
2.135599 -1.952915 -0.009609
2.178536 -1.868402 -0.012318
2.249181 -1.849691 -0.008990
2.275912 -1.774571 -0.011517
2.348678 -1.749751 -0.008432
2.386090 -1.657364 -0.010541
2.466314 -1.636273 -0.007003
2.473887 -1.553866 -0.009700
2.553728 -1.543225 -0.005999
2.556792 -1.446116 -0.008842
2.620800 -1.355892 -0.008135
2.681163 -1.262990 -0.007419
2.750736 -1.145486 -0.006528
2.795620 -1.062878 -0.005911
2.844975 -0.963163 -0.005175
2.887417 -0.869501 -0.004493
2.928922 -0.829986 -0.003923
2.965041 -0.769726 -0.003469
2.967604 -0.661191 -0.003006
2.999595 -0.563042 -0.002318
3.039425 -0.547989 -0.002518
3.049384 -0.469747 -0.001985
3.056404 -0.346285 -0.000828
3.073975 -0.261740 -0.000256
3.091526 -0.159497 0.000427
3.107605 -0.039401 0.001220
3.116253 0.046813 0.001783
3.122481 0.142026 0.002398
3.126065 0.263539 0.003173
3.125818 0.341770 0.003666
3.122417 0.437415 0.004263
3.049510 0.955168 0.007376
2.986512 1.182934 0.008680
2.962169 1.254896 0.009082
2.577035 1.996056 0.012939
2.546322 2.064592 0.008347
2.463962 2.158466 0.010537
2.371097 2.264645 0.010897
2.332016 2.332250 0.004505
2.268975 2.358611 0.014570
2.237534 2.424670 0.004640
2.167442 2.466294 0.011567
-0.259810 3.177693 0.014333
-0.354715 3.161039 0.014025
-0.440340 3.142901 0.013727
-0.734712 3.060399 0.012577
-0.841360 3.021920 0.012105
-1.033828 2.940533 0.011180
-1.112199 2.902831 0.010774
-1.264899 2.820112 0.009925
-1.426781 2.719368 0.008943
-1.702068 2.510572 0.007035
-1.902678 2.321771 0.005414
-1.965196 2.254760 0.004857
-2.044184 2.164238 0.004116
-2.136371 2.047842 0.003184
-2.211568 1.943891 0.002367
-2.269473 1.855911 0.001687
-2.339992 1.739113 0.000799
-2.387951 1.652106 0.000147
-2.438821 1.543611 -0.002752
-2.479758 1.452203 -0.003768
-2.520554 1.354033 -0.004181
-2.560611 1.248431 -0.004296
-2.589064 1.157653 -0.005683
-2.602885 1.127097 -0.003629
-2.620171 1.053699 -0.005860
-2.651339 0.938486 -0.005519
-2.667137 0.853744 -0.006960
-2.687802 0.746717 -0.006905
-2.701391 0.654836 -0.007296
-2.712586 0.551837 -0.007765
-2.721079 0.444992 -0.008170
-2.725123 0.352443 -0.008547
-2.726011 0.264116 -0.008912
-2.723864 0.160974 -0.009572
-2.718450 0.062009 -0.009391
-2.957849 -1.149363 0.012611
-2.821372 -1.447151 -0.000185
-2.791177 -1.498088 -0.000448
-2.765267 -1.540062 -0.000662
-2.717466 -1.614846 -0.001041
-2.673337 -1.680198 -0.001366
-2.645017 -1.720512 -0.001564
-2.592679 -1.792061 -0.001911
-2.532407 -1.869906 -0.002281
-2.507760 -1.900606 -0.002425
-2.457374 -1.961083 -0.002705
-2.405665 -2.020399 -0.002974
-2.361467 -2.068813 -0.003189
-2.270676 -2.163327 -0.003598
-2.214648 -2.218472 -0.003831
-2.157279 -2.272192 -0.004050
-2.113544 -2.311700 -0.004209
-2.054082 -2.363051 -0.004408
-1.947438 -2.449767 -0.004732
-1.837726 -2.532531 -0.005023
-1.757297 -2.588794 -0.005207
-1.708348 -2.621538 -0.005310
-1.642186 -2.663821 -0.005436
-1.546844 -2.721110 -0.005593
-1.446986 -2.777144 -0.005732
-1.351077 -2.826741 -0.005839
-1.253796 -2.873616 -0.005924
-1.148963 -2.919793 -0.005988
-1.045748 -2.961442 -0.006027
-0.962944 -2.992423 -0.006042
-0.860544 -3.027028 -0.006036
-0.738283 -3.064183 -0.006002
-0.643332 -3.089776 -0.005955
-0.557187 -3.110245 -0.005894
-0.428720 -3.137012 -0.005779
-0.344671 -3.151841 -0.005686
-0.256962 -3.164875 -0.005573
-0.139517 -3.178980 -0.005400
-0.051117 -3.187093 -0.005254
0.057251 -3.193707 -0.005053
0.146078 -3.196860 -0.004874
0.235018 -3.197520 -0.004678
0.353662 -3.195069 -0.004395
0.442627 -3.190730 -0.004166
0.531504 -3.183887 -0.003922
0.649791 -3.171425 -0.003575
0.767708 -3.154960 -0.003202
0.855842 -3.140111 -0.002908
0.943600 -3.122769 -0.002597
1.031008 -3.103436 -0.002275
1.089019 -3.089225 -0.002052
1.146814 -3.074023 -0.001823
1.236206 -3.048257 -0.001455
1.337689 -3.016237 -0.001018
1.394356 -2.996780 -0.000764
1.441343 -2.979809 -0.000548
1.506761 -2.954950 -0.000240
1.950473 -2.750927 0.013412
2.059183 -2.681912 0.012913
2.186481 -2.590837 0.017495
2.260098 -2.556605 0.010101
2.363269 -2.470219 0.012643
2.431504 -2.424434 0.015118
2.480802 -2.366297 0.015445
2.537650 -2.334877 0.012323
2.649532 -2.235960 0.012797
2.679702 -2.176335 0.019666
2.740854 -2.145307 0.013253
2.768085 -2.083712 0.020140
2.835697 -2.039741 0.014512
2.882863 -1.967101 0.018834
2.922983 -1.938326 0.015658
2.968138 -1.873260 0.016732
3.042157 -1.826166 0.015561
3.052715 -1.753218 0.017997
3.166474 -1.562376 0.021529
3.436442 -1.166509 0.018550
3.542156 -0.948019 0.023910
3.554626 -0.865016 0.019898
3.572199 -0.748941 0.019205
3.634704 -0.654868 0.025050
3.651826 -0.550937 0.022147
3.664058 -0.444383 0.018900
3.667706 -0.346525 0.021503
3.649555 -0.261178 0.026168
3.722880 -0.226303 0.026430
3.722084 -0.143350 0.022831
3.742981 -0.055268 0.026955
3.746103 0.052529 0.025205
3.751158 0.146380 0.025527
3.752566 0.238152 0.025790
3.753162 0.351904 0.026224
3.749698 0.456443 0.026586
3.747282 0.550678 0.028744
3.733863 0.658245 0.027216
3.721763 0.761914 0.027906
3.712410 0.840478 0.029550
3.687131 0.957268 0.026778
3.669968 1.044793 0.027972
3.651010 1.140875 0.030497
3.624588 1.244578 0.031610
3.604633 1.329839 0.032320
3.580009 1.367639 0.027050
3.555931 1.443875 0.028906
3.525109 1.542468 0.031777
3.500714 1.630929 0.034042
3.477668 1.648017 0.028775
3.433064 1.749730 0.030641
3.414805 1.812544 0.035578
3.373254 1.864679 0.026680
3.350384 1.935542 0.033425
3.308069 2.019518 0.036301
3.281106 2.042442 0.030170
3.230922 2.137910 0.032733
3.251058 2.254321 0.037568
3.146280 2.260132 0.030190
3.141024 2.348489 0.037441
3.074953 2.361790 0.029347
3.034527 2.430300 0.033663
2.947219 2.542370 0.035233
2.941578 2.641392 0.038620
2.855195 2.649821 0.035557
2.756350 2.751688 0.033184
2.750545 2.846107 0.039184
2.648039 2.845473 0.033046
2.660830 2.949560 0.039047
2.555570 2.941832 0.035408
2.531385 3.045944 0.039627
2.425888 3.044154 0.033247
2.435120 3.139896 0.039378
2.347503 3.128936 0.039950
2.267613 3.151279 0.030077
2.244397 3.248657 0.040556
2.144028 3.239217 0.031866
2.126154 3.340807 0.040196
2.029396 3.335388 0.039640
1.938963 3.358163 0.030155
1.940036 3.449729 0.040358
1.829909 3.435620 0.036088
1.759442 3.455783 0.031920
1.747583 3.534734 0.041082
1.638534 3.544301 0.040691
1.549865 3.549621 0.032792
1.441360 3.623852 0.040713
1.332423 3.652333 0.037126
1.251469 3.759531 0.039327
1.144411 3.722238 0.041077
1.051173 3.736477 0.039713
0.956478 3.751480 0.036935
0.849613 3.743234 0.028218
0.836711 3.836369 0.040259
0.752497 3.857317 0.039823
0.672333 3.849419 0.040720
0.539560 3.822348 0.039233
0.444592 3.830109 0.039110
0.354797 3.834876 0.038985
0.259452 3.837411 0.038827
0.161384 3.832499 0.037908
0.058729 3.834776 0.038501
-0.047905 3.833281 0.039003
-0.140336 3.816294 0.037426
-0.253539 3.847516 0.039106
-0.344973 3.834085 0.038860
-0.449637 3.776651 0.037435
-0.542710 3.759775 0.037529
-0.652397 3.735231 0.037401
-0.747544 3.709517 0.037070
-0.842266 3.667106 0.033787
-0.941914 3.648946 0.036453
-1.022496 3.618118 0.035836
-1.159413 3.564158 0.035374
-1.241180 3.528199 0.034991
-1.340897 3.464064 0.031399
-1.442691 3.430877 0.034277
-1.555479 3.369313 0.033954
-1.648994 3.313366 0.033489
-1.755467 3.246902 0.033174
-1.853167 3.245590 0.034157
-1.867178 3.169313 0.032613
-1.938657 3.116561 0.032289
-1.962540 3.058433 0.026635
-2.041225 3.035824 0.031779
-2.070961 2.961856 0.025315
-2.159679 2.936915 0.031431
-2.251898 2.849123 0.030667
-2.251703 2.772519 0.021736
-2.346674 2.758466 0.030514
-2.339782 2.649663 0.023325
-2.453793 2.639087 0.029475
-2.442178 2.524756 0.020611
-2.534606 2.544254 0.028907
-2.580483 2.487798 0.028624
-2.626530 2.434247 0.028901
-2.671112 2.356909 0.026921
-2.645102 2.247666 0.020885
-2.750020 2.262197 0.028099
-2.733528 2.146209 0.019914
-2.835409 2.134701 0.027970
-2.853784 2.073261 0.025186
-2.843893 1.956944 0.019020
-2.942142 1.948874 0.027215
-2.961060 1.873544 0.024012
-2.939118 1.746754 0.020148
-3.037617 1.757283 0.026459
-3.056131 1.651724 0.021900
-3.034153 1.531402 0.018385
-3.136013 1.456809 0.021689
-3.149386 1.340434 0.017187
-3.127322 1.236935 0.018940
-3.147982 1.153258 0.015426
-3.241012 1.145336 0.022031
-3.257789 1.075453 0.021718
-3.239308 0.969526 0.014575
-3.236231 0.861077 0.017645
-3.225740 0.752785 0.015900
-4.052262 -0.035279 0.048398
-4.039608 -0.140375 0.051176
-4.047360 -0.263103 0.049538
-4.043667 -0.361264 0.049674
-4.044469 -0.451461 0.049796
-4.033701 -0.545983 0.054060
-3.962604 -0.646967 0.046773
-3.931753 -0.747700 0.049259
-3.937030 -0.859179 0.048231
-3.856763 -0.949984 0.049377
-3.850028 -1.045619 0.047435
-3.832916 -1.150987 0.048543
-3.761769 -1.244747 0.043881
-3.741066 -1.339989 0.045808
-3.741025 -1.449445 0.056908
-3.657168 -1.460072 0.052511
-3.636831 -1.556433 0.042942
-3.641405 -1.624602 0.051325
-3.562565 -1.647993 0.050574
-3.547048 -1.737961 0.046288
-3.523055 -1.825699 0.045619
-3.454810 -1.849631 0.048119
-3.425055 -1.946034 0.045713
-3.356564 -2.044873 0.043100
-3.333798 -2.132297 0.050856
-3.255421 -2.154140 0.046757
-3.230796 -2.236535 0.040797
-3.142913 -2.347234 0.044292
-1.942032 -3.437025 0.051368
-1.758122 -3.455756 0.047066
-1.551829 -3.563694 0.044167
-1.445371 -3.637997 0.042667
-1.357071 -3.653013 0.043529
-1.257275 -3.658499 0.041837
-1.236148 -3.729045 0.044186
-1.143139 -3.755819 0.048586
-1.068543 -3.757460 0.039089
-0.961281 -3.764896 0.045081
-0.935786 -3.823311 0.046919
-0.861362 -3.844176 0.044283
-0.749272 -3.851540 0.045610
-0.656721 -3.871614 0.047764
-0.557569 -3.850429 0.039513
-0.348383 -3.939321 0.044430
-0.246652 -3.955435 0.046873
-0.151345 -3.946005 0.044636
-0.054421 -3.960967 0.045429
0.034711 -3.955348 0.042946
0.142187 -3.963300 0.046219
0.257758 -3.961184 0.046413
0.356510 -3.966839 0.048009
0.449772 -3.953557 0.045136
0.548790 -3.950607 0.049804
0.633848 -3.955642 0.041145
0.748447 -3.947235 0.049375
0.860049 -3.934984 0.047384
0.961869 -3.932620 0.054539
1.030767 -3.924967 0.046216
1.149106 -3.855127 0.046505
1.239522 -3.851176 0.051444
1.347991 -3.839004 0.049918
1.444957 -3.828083 0.047100
1.457507 -3.761731 0.049472
1.543389 -3.757341 0.048339
1.642425 -3.739749 0.048454
1.757376 -3.718708 0.040018
1.853517 -3.639796 0.050170
1.938804 -3.631823 0.050209
2.041574 -3.637019 0.033935
2.044031 -3.554068 0.053365
2.139417 -3.532247 0.050357
2.218142 -3.511213 0.049376
2.253728 -3.452229 0.043898
2.353168 -3.424945 0.051809
2.416556 -3.409511 0.027744
2.458768 -3.345727 0.055065
2.541735 -3.324964 0.046176
2.635566 -3.239347 0.055014
2.723117 -3.219042 0.029777
3.876300 -2.068918 0.040361
3.920160 -2.028481 0.050255
3.963749 -1.952503 0.048294
3.987494 -1.897949 0.041789
4.022698 -1.858802 0.052043
4.077991 -1.750151 0.047198
4.132081 -1.646984 0.046808
4.178735 -1.553860 0.050244
4.234684 -1.431744 0.050860
4.274762 -1.337493 0.051317
4.315596 -1.239785 0.050167
4.346693 -1.140243 0.053716
4.372872 -1.073281 0.052508
4.404169 -1.017667 0.048761
4.411747 -0.951044 0.053046
4.440827 -0.852396 0.053540
4.472214 -0.734318 0.054103
4.510748 -0.657791 0.051458
4.531832 -0.569401 0.052107
4.543210 -0.439697 0.054653
4.540891 -0.352530 0.056555
4.564561 -0.247309 0.056276
4.636388 -0.146820 0.057000
4.653400 -0.045783 0.057918
4.671224 0.053744 0.058910
4.654686 0.151431 0.058221
4.676935 0.237661 0.059511
4.667547 0.341209 0.059481
4.665256 0.459509 0.059967
4.653114 0.571625 0.060328
4.661366 0.658345 0.060863
4.640831 0.746694 0.061217
4.635975 0.846657 0.061584
4.636809 0.955205 0.061699
4.592766 1.057631 0.063278
4.587190 1.171197 0.062396
4.570483 1.236795 0.063056
4.541067 1.365539 0.063554
4.536723 1.447432 0.063461
4.490673 1.550200 0.064931
4.460097 1.654439 0.065139
4.430204 1.746372 0.065056
4.385429 1.870888 0.065489
4.354002 1.950926 0.065741
4.329449 2.061047 0.067676
4.266311 2.146634 0.064770
4.244131 2.252741 0.067665
4.172284 2.355081 0.067981
4.130544 2.472609 0.068694
4.044223 2.569392 0.066501
4.056775 2.664210 0.068539
3.953810 2.763218 0.069676
3.954185 2.839596 0.067934
3.866074 2.843339 0.067263
3.861629 2.947871 0.067701
2.552510 4.152699 0.071795
2.466171 4.162417 0.071402
2.440743 4.236262 0.071433
2.347836 4.258867 0.072669
2.266995 4.248830 0.070416
2.254232 4.340403 0.070143
2.146562 4.350543 0.074196
2.039153 4.357412 0.070568
1.957062 4.451836 0.071990
1.843422 4.465758 0.072972
1.746171 4.542542 0.072231
1.660587 4.555601 0.073298
1.539833 4.567949 0.073489
1.453513 4.638588 0.070908
1.343286 4.658185 0.071983
1.260702 4.658101 0.073834
1.150095 4.658219 0.073693
1.078653 4.671540 0.072243
1.029875 4.734934 0.070700
0.954872 4.747505 0.070645
0.858054 4.746578 0.072517
0.742526 4.765666 0.071316
0.645894 4.765104 0.072385
0.548628 4.766032 0.074802
0.455218 4.771499 0.074719
0.354972 4.745617 0.070592
0.256325 4.746843 0.071925
0.162287 4.751445 0.071680
0.064287 4.755625 0.071433
-0.051893 4.767081 0.074086
-0.164032 4.771543 0.069649
-0.258385 4.753315 0.072150
-0.362494 4.750922 0.068137
-0.459836 4.733269 0.068946
-0.546299 4.657759 0.069275
-0.645836 4.642639 0.069721
-0.757405 4.674396 0.069107
-0.857416 4.645541 0.069974
-0.967716 4.564297 0.069063
-1.047729 4.554060 0.070920
-1.157990 4.557561 0.069176
-1.245465 4.538301 0.066940
-1.347765 4.456267 0.066755
-1.451523 4.452535 0.066612
-1.556227 4.350157 0.067376
-1.646034 4.349201 0.065931
-1.757104 4.262691 0.067963
-1.849142 4.265863 0.065431
-1.936377 4.167669 0.067492
-2.049474 4.146586 0.061743
-2.080913 4.076057 0.066002
-2.169101 4.045267 0.062468
-2.244127 3.971933 0.065619
-2.354413 3.963860 0.061466
-2.362905 3.864943 0.063984
-2.457438 3.831728 0.062668
-2.471953 3.767061 0.062777
-2.559329 3.760243 0.060798
-3.565676 2.454665 0.055416
-3.649459 2.444078 0.054094
-3.641616 2.335360 0.053285
-3.677356 2.257427 0.053589
-3.770347 2.056282 0.052549
-3.871123 1.748640 0.055717
-4.044806 1.338543 0.047603
-4.131896 0.364154 0.045005
-4.131789 0.264166 0.044592
-5.253828 -0.152625 0.079692
-5.280338 -0.236555 0.088207
-5.270499 -0.333520 0.084427
-5.255643 -0.443639 0.083970
-5.234753 -0.555721 0.077931
-5.225293 -0.645643 0.086870
-5.152406 -0.748749 0.070911
-5.177992 -0.864381 0.082214
-5.156597 -0.956929 0.081844
-5.133476 -1.049015 0.081478
-5.061213 -1.164433 0.068691
-5.073816 -1.262202 0.080640
-5.051135 -1.353538 0.082898
-4.936796 -1.452050 0.071818
-4.941674 -1.554538 0.065963
-4.956246 -1.643910 0.083784
-4.841805 -1.660092 0.074408
-4.840372 -1.750763 0.065880
-4.851516 -1.869675 0.078332
-4.762849 -1.851602 0.075068
-4.728242 -1.939629 0.071668
-4.724497 -2.039542 0.063044
-4.636634 -2.136074 0.072369
-4.528767 -2.337103 0.071769
-4.449546 -2.462040 0.069506
-4.106049 -3.007082 0.057719
-4.018132 -3.115244 0.057175
-2.740294 -4.247605 0.052439
-2.662261 -4.297276 0.052291
-2.615311 -4.321647 0.056449
-2.535904 -4.369378 0.056354
-2.446311 -4.425572 0.063619
-2.362068 -4.480073 0.067419
-2.249265 -4.537522 0.068882
-2.134122 -4.581519 0.061757
-2.054673 -4.631850 0.064739
-1.959910 -4.671788 0.063519
-1.897678 -4.696947 0.051467
-1.636424 -4.822212 0.075736
-1.539343 -4.839170 0.063623
-1.448749 -4.869686 0.061629
-1.332040 -4.916463 0.071245
-1.259551 -4.931615 0.063212
-1.151645 -4.966199 0.069526
-1.053259 -4.981023 0.056569
-0.949179 -5.014318 0.067316
-0.859365 -5.035657 0.067482
-0.744312 -5.059697 0.067619
-0.650622 -5.071253 0.064378
-0.552756 -5.082795 0.059734
-0.466716 -5.094647 0.062366
-0.434415 -5.113107 0.068062
-0.344496 -5.120634 0.070174
-0.239997 -5.127262 0.067997
-0.144943 -5.139902 0.070404
-0.044519 -5.145058 0.064573
0.046278 -5.150254 0.071493
0.152045 -5.155349 0.066154
0.243122 -5.153159 0.068790
0.349336 -5.155320 0.068974
0.454782 -5.154124 0.065505
0.547298 -5.150052 0.069358
0.635835 -5.145133 0.069509
0.746509 -5.138567 0.069657
0.854286 -5.127233 0.069944
0.951964 -5.114949 0.072987
1.046684 -5.109667 0.065576
1.129362 -5.102632 0.056709
1.255131 -5.070823 0.070930
1.349993 -5.053104 0.072937
1.459571 -5.032672 0.071222
1.554353 -5.016229 0.065355
1.639806 -5.007341 0.058776
1.756244 -4.964335 0.068953
1.847339 -4.931330 0.074135
1.936168 -4.916512 0.066832
2.055635 -4.868135 0.073016
2.148915 -4.840830 0.071061
2.245192 -4.819386 0.065988
2.353236 -4.754617 0.075485
2.449698 -4.726701 0.072179
2.557227 -4.742032 0.071912
2.651152 -4.652524 0.068811
2.728249 -4.613020 0.070408
2.836498 -4.547023 0.073775
2.947766 -4.533191 0.072780
3.050587 -4.452537 0.070952
3.166376 -4.430861 0.074684
3.246062 -4.347539 0.070465
3.353043 -4.339890 0.084475
3.377069 -4.251959 0.073893
3.455595 -4.265619 0.083080
3.545108 -4.185664 0.076617
3.628784 -4.142601 0.085288
4.939973 -2.857085 0.079207
4.954612 -2.750860 0.086269
5.039524 -2.718081 0.089579
5.082376 -2.647664 0.092775
5.105434 -2.621220 0.081441
5.140128 -2.553451 0.093254
5.186743 -2.477804 0.090798
5.217504 -2.430979 0.088396
5.267490 -2.344402 0.089030
5.323412 -2.265350 0.084727
5.356460 -2.177938 0.090060
5.411335 -2.103346 0.086193
5.434411 -2.058600 0.086595
5.448829 -1.967828 0.093366
5.501431 -1.923053 0.087804
5.544074 -1.831533 0.088613
5.543857 -1.745501 0.094483
5.624802 -1.646065 0.090238
5.656616 -1.567866 0.090918
5.664502 -1.461602 0.094440
5.710938 -1.425714 0.092143
5.733791 -1.361956 0.092689
5.777460 -1.233579 0.093781
5.798269 -1.168973 0.094328
5.808345 -1.136541 0.094602
5.837343 -1.038786 0.095422
5.860349 -0.956906 0.096106
5.886287 -0.858079 0.096927
5.914272 -0.742053 0.097883
5.936516 -0.642080 0.098703
5.953594 -0.558361 0.099385
5.966002 -0.449923 0.108200
5.974570 -0.347637 0.106639
6.039677 -0.241876 0.113928
6.054130 -0.150824 0.114078
6.059593 -0.049973 0.116631
6.044404 0.054575 0.112725
6.034745 0.148869 0.110972
6.037721 0.243123 0.111407
6.050590 0.363564 0.113781
6.058088 0.466771 0.113428
6.053425 0.546235 0.117186
6.051804 0.656145 0.114220
6.073925 0.745789 0.117041
6.073364 0.854765 0.119882
6.059885 0.959738 0.118641
6.061816 1.054304 0.120380
6.046551 1.149938 0.120797
6.046801 1.242847 0.124253
6.043835 1.344904 0.126540
5.966078 1.352134 0.118106
5.971753 1.460407 0.120338
5.963622 1.556103 0.119977
5.956798 1.649055 0.121979
5.956318 1.745153 0.126930
5.927245 1.852873 0.126161
5.865319 1.967248 0.120912
5.857942 2.058008 0.124852
5.839896 2.153255 0.127881
5.813206 2.237594 0.128324
5.764721 2.335400 0.125427
5.736662 2.442077 0.127671
5.708783 2.534297 0.129571
5.669390 2.560195 0.124714
5.653903 2.648962 0.128899
5.613367 2.743737 0.129845
5.559408 2.779479 0.124396
5.551590 2.855937 0.128628
5.517501 2.953727 0.128660
5.460632 3.051190 0.128294
5.426856 3.134329 0.130635
5.401436 3.208318 0.126562
5.352838 3.247501 0.129625
5.325895 3.318155 0.129712
5.282540 3.363100 0.128367
5.234377 3.447235 0.130363
5.226829 3.515571 0.128435
5.172518 3.565086 0.128507
5.128412 3.651974 0.129067
5.042741 3.745470 0.128934
5.033155 3.811883 0.130173
4.992193 3.869720 0.130504
4.929324 3.955495 0.130989
3.456681 5.331669 0.137538
3.341538 5.344182 0.132320
3.336107 5.407398 0.137793
3.230350 5.443949 0.136841
3.157941 5.434003 0.130631
3.151793 5.515265 0.138123
3.036223 5.538211 0.135087
2.931804 5.632141 0.138427
2.839466 5.638821 0.135146
2.739423 5.724666 0.138619
2.622307 5.736771 0.133915
2.545182 5.738704 0.130576
2.527322 5.816653 0.138755
2.444763 5.849620 0.138786
2.338992 5.831374 0.133023
2.244733 5.923611 0.138816
2.143751 5.957769 0.138808
2.043351 5.930140 0.131261
1.940043 6.020350 0.138742
1.827878 6.033363 0.136913
1.732132 6.031983 0.133369
1.639650 6.047409 0.131029
1.561450 6.115129 0.138455
1.457215 6.136294 0.138339
1.358734 6.129012 0.135072
1.243357 6.130308 0.131094
1.148396 6.144878 0.130545
1.047323 6.154186 0.129143
1.002249 6.205902 0.137658
0.931894 6.213311 0.137528
0.861470 6.219734 0.137389
0.736848 6.221157 0.135569
0.659275 6.218999 0.133899
0.551221 6.229175 0.134502
0.443046 6.235516 0.135014
0.343135 6.232451 0.133118
0.251404 6.235914 0.133983
0.137485 6.235033 0.134371
0.059797 6.231813 0.133021
-0.056840 6.226786 0.133378
-0.155482 6.219036 0.133661
-0.258671 6.211509 0.132919
-0.358464 6.167920 0.125942
-0.468553 6.162843 0.126708
-0.549250 6.160574 0.129059
-0.648112 6.145877 0.128465
-0.740750 6.126524 0.126992
-0.838540 6.127840 0.129297
-0.945215 6.077260 0.125932
-1.049254 6.055533 0.127006
-1.150224 6.037354 0.126153
-1.256573 6.031415 0.127422
-1.351762 5.974234 0.126031
-1.441231 5.946835 0.125221
-1.545328 5.941150 0.126080
-1.648931 5.876919 0.124993
-1.740109 5.845654 0.123668
-1.837239 5.841256 0.125551
-1.847758 5.767263 0.123389
-1.948902 5.756678 0.123714
-2.045770 5.731248 0.122609
-2.059280 5.663336 0.124578
-2.146135 5.641439 0.122603
-2.240264 5.626513 0.122042
-2.357936 5.542023 0.122528
-2.453024 5.538295 0.121488
-2.462629 5.473842 0.123427
-2.546899 5.439531 0.121565
-2.653802 5.373970 0.121834
-2.730508 5.328356 0.121558
-2.755347 5.264697 0.120992
-2.866579 5.245768 0.120315
-2.970328 5.174612 0.119743
-3.040381 5.128668 0.121275
-3.249097 4.972002 0.116497
-3.344543 4.866063 0.115907
-3.459514 4.765112 0.114834
-4.608682 3.327963 0.100848
-4.632933 3.284436 0.100452
-4.672533 3.211514 0.099792
-4.688057 3.182203 0.099528
-4.703404 3.152815 0.099264
-4.748298 3.064160 0.098470
-4.791772 2.974922 0.097676
-4.819805 2.915055 0.097146
-4.847124 2.854917 0.096616
-4.886666 2.764192 0.095821
-4.936991 2.642404 0.094760
-4.972928 2.550479 0.093966
-4.995921 2.488902 0.093436
-5.012666 2.442575 0.093039
-5.050131 2.334038 0.092114
-5.080618 2.240583 0.091323
-5.099969 2.178044 0.090796
-5.113980 2.131024 0.090401
-5.136478 2.052473 0.089743
-5.161876 1.957886 0.088957
-5.185747 1.863014 0.088171
-5.212464 1.746646 0.087215
-5.234885 1.640579 0.086349
-5.253099 1.544861 0.085573
-5.267163 1.464971 0.084928
-5.284762 1.352921 0.084029
-5.298210 1.256747 0.083262
-5.308060 1.176515 0.082625
-5.319895 1.064101 0.081739
-5.330761 0.935555 0.080732
-5.337090 0.839126 0.079982
-5.341603 0.742715 0.079237
-5.344606 0.646343 0.078496
-5.346013 0.550036 0.077760
-5.345647 0.453833 0.077029
-5.343845 0.357738 0.076303
-5.340253 0.261805 0.075583
-5.335145 0.166036 0.074868
-5.325847 0.038656 0.073924
-5.314610 -0.072442 0.073302
-7.436116 -0.162851 0.144120
-7.420378 -0.287310 0.143038
-7.410905 -0.352982 0.142516
-7.400960 -0.418542 0.141995
-7.394016 -0.462173 0.141650
-7.379306 -0.549227 0.140963
-7.359838 -0.657763 0.140111
-7.338857 -0.765885 0.139267
-7.325527 -0.830547 0.138765
-7.302236 -0.937996 0.137934
-7.247363 -0.954255 0.156981
-7.272363 -1.066339 0.136949
-7.251232 -1.151505 0.136298
-7.223689 -1.257580 0.135493
-7.143437 -1.370119 0.162522
-7.152270 -1.429776 0.148297
-7.138983 -1.551863 0.133284
-7.106124 -1.655967 0.132511
-7.061910 -1.677531 0.161735
-7.041573 -1.775979 0.154061
-7.031153 -1.832403 0.146275
-7.006781 -1.944417 0.130398
-6.972926 -1.967298 0.161084
-6.946013 -2.063959 0.153059
-6.925382 -2.132477 0.144828
-6.763882 -2.449363 0.150657
-6.668871 -2.744969 0.156011
-6.627197 -2.836881 0.159331
-6.542898 -2.861847 0.139707
-6.574792 -2.938852 0.150189
-6.525971 -3.034995 0.149891
-6.456913 -3.159152 0.143972
-6.411886 -3.259540 0.158527
-6.329841 -3.241228 0.145335
-6.342275 -3.351330 0.134825
-6.254758 -3.445386 0.126682
-6.239249 -3.557799 0.157994
-6.136948 -3.558024 0.148903
-6.172300 -3.633994 0.138410
-6.124675 -3.740018 0.157683
-6.045790 -3.735408 0.137133
-6.053514 -3.847733 0.157505
-5.946800 -3.858928 0.143856
-5.928778 -3.952591 0.116913
-5.838861 -4.072470 0.116190
-5.746040 -4.147914 0.135592
-5.720035 -4.223919 0.115292
-5.649370 -4.271454 0.135227
-5.638863 -4.323196 0.114714
-5.585886 -4.358887 0.129820
-5.528263 -4.453439 0.113969
-5.457760 -4.533568 0.113518
-3.937621 -5.858261 0.107195
-3.836399 -5.920571 0.145676
-3.750316 -5.958321 0.145652
-3.631592 -6.050647 0.139131
-3.527076 -6.113971 0.130884
-3.436932 -6.164895 0.145615
-3.335456 -6.222278 0.137931
-3.237343 -6.265590 0.142691
-3.142798 -6.324622 0.138994
-3.049272 -6.363888 0.138060
-2.939287 -6.425335 0.138980
-2.841182 -6.463057 0.142945
-2.748078 -6.450364 0.151500
-2.739887 -6.517741 0.133454
-2.651628 -6.554409 0.145619
-2.526242 -6.608640 0.130635
-2.442250 -6.640898 0.140594
-2.349709 -6.658106 0.145591
-2.257938 -6.712310 0.130709
-2.150735 -6.748375 0.138466
-2.054151 -6.773159 0.143251
-1.935028 -6.822137 0.130873
-1.849595 -6.843641 0.146233
-1.747443 -6.859496 0.145812
-1.657372 -6.938235 0.144265
-1.548290 -6.932349 0.134160
-1.451338 -6.954014 0.138468
-1.355658 -6.947741 0.151444
-1.244083 -7.032623 0.135032
-1.146199 -7.016682 0.146922
-1.047360 -7.047161 0.129987
-0.953649 -7.057487 0.140315
-0.838203 -7.052682 0.152229
-0.750818 -7.137168 0.136865
-0.633683 -7.158379 0.144551
-0.548377 -7.135894 0.146463
-0.456537 -7.147673 0.142511
-0.356434 -7.137522 0.139758
-0.247712 -7.140157 0.148038
-0.143065 -7.154091 0.140064
-0.046545 -7.168898 0.133283
0.049283 -7.219087 0.158020
0.138397 -7.217785 0.145792
0.256339 -7.218086 0.133717
0.350923 -7.222497 0.158481
0.440216 -7.219989 0.146363
0.558521 -7.218103 0.134419
0.652716 -7.214005 0.158976
0.742254 -7.210423 0.146983
0.861016 -7.211907 0.111049
0.926052 -7.209043 0.111280
1.034465 -7.203019 0.111675
1.157294 -7.158281 0.142085
1.246565 -7.141183 0.156594
1.345230 -7.155888 0.148368
1.450479 -7.149684 0.136854
1.517084 -7.132264 0.148835
1.641211 -7.142268 0.114116
1.749333 -7.126458 0.114593
1.835765 -7.112935 0.114981
1.943798 -7.054154 0.149943
2.051429 -7.074559 0.115990
2.159037 -7.053295 0.116511
2.266455 -7.030486 0.117045
2.352222 -7.011028 0.117481
2.459267 -6.985605 0.118036
2.566065 -6.958637 0.118602
2.651293 -6.935851 0.119065
2.757623 -6.906268 0.119652
2.863650 -6.875142 0.120251
2.948215 -6.849029 0.120740
3.053677 -6.815290 0.121359
3.158778 -6.780009 0.121991
3.242557 -6.750575 0.122505
3.346995 -6.712688 0.123156
3.471757 -6.665166 0.123953
3.575264 -6.623970 0.124628
3.616538 -6.607066 0.124902
3.657739 -6.589928 0.125177
3.760404 -6.546022 0.125873
3.862602 -6.500706 0.126580
3.943961 -6.463295 0.127154
4.025041 -6.425105 0.127733
4.145938 -6.365872 0.128616
4.246110 -6.315022 0.129363
4.345658 -6.262623 0.130121
4.424910 -6.219778 0.130733
4.464371 -6.197970 0.131042
4.542954 -6.153584 0.131666
4.621192 -6.108432 0.132295
4.679553 -6.073880 0.132771
4.757005 -6.027046 0.133412
4.853170 -5.967173 0.134222
4.967690 -5.893584 0.135206
5.043361 -5.843230 0.135870
5.137387 -5.779246 0.136708
6.759614 -4.264642 0.169199
6.810480 -4.233218 0.155046
6.851107 -4.154949 0.165173
6.955990 -4.049303 0.157057
7.027020 -3.955703 0.158071
7.061992 -3.865157 0.167610
7.124262 -3.822654 0.159501
7.151577 -3.784225 0.159911
7.205584 -3.706825 0.160735
7.258751 -3.628715 0.161562
7.246457 -3.552576 0.173988
7.323985 -3.530066 0.162600
7.362524 -3.470391 0.163225
7.437998 -3.349786 0.164481
7.487332 -3.268632 0.165321
7.511627 -3.227778 0.165742
7.559463 -3.145522 0.166587
7.629698 -3.021057 0.167858
7.652623 -2.979231 0.168283
7.697774 -2.895108 0.169135
7.730991 -2.831588 0.169776
7.774491 -2.746384 0.170632
7.838966 -2.672676 0.179268
7.858610 -2.574176 0.172349
7.947735 -2.446668 0.184532
7.967919 -2.333619 0.174722
7.986980 -2.289423 0.175155
8.027214 -2.245576 0.185829
8.067763 -2.132396 0.186424
8.087263 -2.043913 0.177542
8.130624 -1.950350 0.187507
8.164932 -1.849707 0.191044
8.190819 -1.760555 0.185796
8.224622 -1.651157 0.189351
8.251462 -1.540285 0.192410
8.275409 -1.464793 0.190352
8.300150 -1.425298 0.183428
8.320759 -1.355255 0.184083
8.328268 -1.253600 0.191570
8.349988 -1.159207 0.192111
8.408925 -1.025371 0.187142
8.431614 -0.930238 0.188015
8.453179 -0.834738 0.188888
8.473613 -0.738885 0.189760
8.436615 -0.624194 0.196627
8.511058 -0.546173 0.191502
8.528057 -0.449342 0.192371
8.543898 -0.352213 0.193239
8.558573 -0.254800 0.194107
8.575310 -0.132665 0.195188
8.584411 -0.059180 0.195836
8.592920 0.014424 0.196483
8.605521 0.137401 0.197559
8.614291 0.236016 0.198417
8.620120 0.310100 0.199059
8.626791 0.409048 0.199914
8.629675 0.458586 0.200340
8.633396 0.532974 0.200978
8.636512 0.607436 0.201615
8.640084 0.731722 0.202673
8.641601 0.831282 0.203517
8.665394 1.273400 0.208023
8.648635 1.350479 0.208171
8.649726 1.447751 0.208887
8.645611 1.561313 0.209462
8.627332 1.646744 0.209864
8.620015 1.743120 0.210079
8.597239 1.755032 0.211155
8.588942 1.829929 0.211759
8.580449 1.947734 0.211739
8.568036 2.043406 0.211784
8.549363 2.154866 0.211690
8.529860 2.244902 0.213475
8.514549 2.327416 0.214022
8.502267 2.402529 0.216306
8.490187 2.437748 0.213732
8.466755 2.535478 0.214112
8.442889 2.633237 0.214567
8.423345 2.773378 0.219178
8.405492 2.847214 0.219743
8.378808 2.854349 0.214291
8.364800 2.925269 0.215987
8.328746 3.046038 0.216535
8.319794 3.165522 0.222151
8.250381 3.253311 0.215558
8.240390 3.350337 0.219762
8.229035 3.456657 0.224314
8.204638 3.528991 0.224846
8.140722 3.553101 0.216650
8.162327 3.649072 0.225723
8.127121 3.744725 0.226416
8.081423 3.863750 0.227273
8.053023 3.934836 0.227782
8.024013 4.005709 0.228286
7.943068 4.060916 0.220982
7.953530 4.170057 0.229446
7.922240 4.240078 0.229937
7.868482 4.356132 0.230743
7.835386 4.425414 0.231221
7.778632 4.540190 0.232007
7.731920 4.631421 0.232627
7.659635 4.767220 0.233541
7.622537 4.834653 0.233991
7.597415 4.879411 0.234288
7.559150 4.946246 0.234729
7.552382 5.048328 0.226368
7.440503 5.144676 0.236023
7.372175 5.253556 0.236723
7.336919 5.353683 0.230836
7.244568 5.446779 0.237944
7.186156 5.531592 0.238473
7.159294 5.622395 0.228640
7.081084 5.678139 0.239373
7.004046 5.781452 0.239998
6.956961 5.842824 0.240365
5.136508 7.540056 0.230024
5.083264 7.579962 0.234848
5.031044 7.628801 0.249284
4.953160 7.664438 0.235060
4.840526 7.739801 0.240024
4.758102 7.778794 0.230445
4.701610 7.834935 0.249972
4.643649 7.851651 0.235451
4.544519 7.925554 0.250236
4.451536 7.955180 0.232696
4.346135 8.020998 0.240654
4.257528 8.060525 0.235804
4.130786 8.129899 0.240848
3.262128 8.487144 0.236173
3.042180 8.561318 0.236138
2.732663 8.659710 0.240947
2.660900 8.669569 0.231133
2.530220 8.722428 0.250544
2.447522 8.729071 0.235898
2.361802 8.745386 0.231024
2.246952 8.775108 0.235763
2.127271 8.810701 0.250006
2.045529 8.816449 0.235621
1.969634 8.830315 0.235533
1.868493 8.848264 0.235458
1.767081 8.864747 0.235356
1.655520 8.879419 0.230586
1.563861 8.894223 0.235157
1.542413 8.901025 0.248908
1.461932 8.906672 0.235010
1.367294 8.916759 0.230362
1.257901 8.928346 0.234745
1.155755 8.937298 0.234603
1.053543 8.944995 0.234454
0.960707 8.949669 0.238679
0.848987 8.956621 0.234137
0.746676 8.960552 0.233969
0.635023 8.965921 0.229527
0.542065 8.964653 0.233614
0.439798 8.964827 0.233427
0.345278 8.968319 0.229172
0.227742 8.956466 0.237068
0.133343 8.957857 0.232828
0.038901 8.959707 0.228720
-0.061003 8.940716 0.236272
-0.162671 8.932892 0.235989
-0.248396 8.932896 0.231956
-0.396611 8.892490 0.242672
-0.472232 8.882584 0.242348
-0.572858 8.868325 0.241908
-0.698286 8.848777 0.241345
-0.773322 8.836049 0.240999
-0.869076 8.843383 0.233807
-0.958526 8.748819 0.226296
-1.071803 8.778323 0.239564
-1.170642 8.756621 0.239067
-1.293702 8.727820 0.238434
-1.367241 8.709571 0.238046
-1.450012 8.648732 0.224761
-1.586581 8.650921 0.236855
-1.659213 8.629981 0.236448
-1.731630 8.608449 0.236036
-1.861533 8.540748 0.223366
-1.947309 8.539752 0.234772
-2.018695 8.515594 0.234342
-2.076640 8.474845 0.222565
-2.147860 8.451553 0.222292
-2.230774 8.428562 0.225636
-2.359916 8.377275 0.221401
-2.442231 8.344380 0.217577
-2.523360 8.316194 0.220735
-2.569785 8.298113 0.220542
-2.639176 8.270445 0.220250
-2.743631 8.228158 0.217880
-2.856187 8.178543 0.221239
-2.968565 8.126318 0.221898
-3.049858 8.092628 0.218513
-3.147551 8.039995 0.220911
-3.262007 7.978545 0.221666
-3.360952 7.938209 0.216992
-3.466875 7.851428 0.224145
-3.594324 7.775452 0.223100
-3.669811 7.756331 0.217835
-3.740973 7.684006 0.221864
-3.885435 7.589686 0.220610
-4.067750 7.464138 0.218973
-4.167396 7.392431 0.218053
-5.144738 6.550492 0.207856
-6.496247 4.738996 0.188304
-6.540944 4.656181 0.187465
-6.584799 4.573020 0.186625
-6.606304 4.531271 0.186205
-6.648469 4.447445 0.185365
-6.710021 4.321071 0.184105
-6.730001 4.278751 0.183685
-6.778802 4.172553 0.182636
-6.835292 4.044425 0.181377
-6.880638 3.937103 0.180329
-6.861111 3.849271 0.179215
-6.924316 3.829281 0.179283
-6.958127 3.742701 0.178446
-6.961420 3.650242 0.177760
-7.030385 3.546879 0.176567
-7.068359 3.437548 0.175526
-7.050386 3.354191 0.176477
-7.104700 3.327840 0.174486
-7.125679 3.261837 0.173864
-7.148173 3.146884 0.173796
-7.163535 3.037691 0.174848
-7.216061 2.952354 0.170970
-7.233618 2.836376 0.172932
-7.256117 2.759557 0.172514
-7.289092 2.638207 0.171763
-7.312882 2.550007 0.171321
-7.331538 2.468769 0.169329
-7.360086 2.350129 0.170090
-7.386378 2.246624 0.171186
-7.390541 2.148140 0.163643
-7.421152 2.060367 0.168509
-7.434845 1.956798 0.166633
-7.468057 1.829728 0.169219
-7.462940 1.752974 0.164487
-7.458624 1.630989 0.159072
-7.464992 1.563484 0.158483
-7.476086 1.428488 0.157311
-7.480813 1.361005 0.156727
-7.487350 1.248576 0.155760
-7.490570 1.181148 0.155182
-7.495175 1.046391 0.154032
-7.497702 0.911774 0.152891
-7.498055 0.844538 0.152323
-7.497486 0.732587 0.151382
-7.496354 0.665497 0.150821
-7.492492 0.531503 0.149705
-7.489763 0.464606 0.149150
-7.483912 0.353291 0.148231
-7.476599 0.242195 0.147319
-7.471436 0.175662 0.146775
-7.459538 0.042871 0.145695
-7.452807 -0.023380 0.145158
-12.086968 -0.426011 0.299525
-12.066918 -0.549796 0.298162
-12.047052 -0.655505 0.297155
-12.026295 -0.760901 0.296155
-12.004826 -0.866040 0.295160
-11.990042 -0.935960 0.294501
-11.967160 -1.040576 0.293518
-11.943576 -1.144925 0.292541
-11.919119 -1.248935 0.291571
-11.893967 -1.352669 0.290608
-11.867949 -1.456052 0.289651
-11.841244 -1.559152 0.288701
-11.813681 -1.661891 0.287758
-11.785437 -1.764338 0.286822
-11.766154 -1.832440 0.286201
-11.736554 -1.934291 0.285276
-11.706282 -2.035840 0.284358
-11.675172 -2.137006 0.283447
-11.643395 -2.237861 0.282542
-11.621769 -2.304888 0.281944
-11.599812 -2.371757 0.281348
-11.577525 -2.438466 0.280755
-11.543441 -2.538206 0.279872
-11.508701 -2.637621 0.278995
-11.473152 -2.736624 0.278126
-11.436955 -2.835293 0.277264
-11.412396 -2.900849 0.276693
-11.387516 -2.966235 0.276125
-11.349559 -3.063971 0.275280
-11.310966 -3.161363 0.274442
-11.271584 -3.258318 0.273611
-11.231573 -3.354921 0.272787
-11.204483 -3.419087 0.272241
-11.177081 -3.483073 0.271699
-11.149369 -3.546880 0.271161
-11.121348 -3.610505 0.270625
-11.093019 -3.673947 0.270093
-11.064384 -3.737207 0.269564
-11.020819 -3.831725 0.268777
-10.961721 -3.957129 0.267738
-10.916643 -4.050711 0.266968
-10.870814 -4.143818 0.266205
-10.824389 -4.236542 0.265449
-10.793042 -4.298100 0.264950
-10.761401 -4.359464 0.264454
-10.729465 -4.420633 0.263961
-10.697235 -4.481605 0.263472
-10.664713 -4.542380 0.262985
-10.631901 -4.602956 0.262503
-10.598798 -4.663333 0.262023
-10.548566 -4.753497 0.261311
-10.497761 -4.843256 0.260605
-10.446241 -4.932507 0.259907
-10.376604 -5.050823 0.258989
-10.323671 -5.139044 0.258309
-10.288009 -5.197579 0.257859
-10.252068 -5.255906 0.257414
-10.215849 -5.314022 0.256971
-10.179354 -5.371927 0.256533
-10.124060 -5.458359 0.255881
-10.068219 -5.544363 0.255236
-10.030629 -5.601412 0.254811
-9.992767 -5.658246 0.254389
-9.935435 -5.743062 0.253764
-9.838634 -5.883400 0.252737
-9.760137 -5.948983 0.266988
-9.720241 -6.049951 0.251534
-9.660126 -6.132446 0.250944
-9.579104 -6.241688 0.250170
-9.517692 -6.323055 0.249598
-9.453446 -6.350723 0.280540
-9.434868 -6.430707 0.248848
-9.374056 -6.460545 0.280208
-9.328363 -6.534479 0.272046
-0.947972 -11.442955 0.265207
-0.846595 -11.456350 0.265397
-0.745088 -11.469023 0.265592
-0.657439 -11.473036 0.275970
-0.601388 -11.504052 0.235258
-0.533562 -11.512956 0.235465
-0.465659 -11.521519 0.235676
-0.363657 -11.533684 0.236000
-0.261511 -11.545167 0.236331
-0.159188 -11.555796 0.236673
-0.030960 -11.533561 0.267061
0.051594 -11.551038 0.257312
0.159750 -11.531617 0.277443
0.256918 -11.562964 0.257884
0.345234 -11.552753 0.267995
0.457761 -11.603563 0.238899
0.561047 -11.608840 0.239300
0.664468 -11.613245 0.239711
0.767991 -11.616949 0.240129
0.837074 -11.618953 0.240413
0.940792 -11.621253 0.240847
1.044603 -11.622851 0.241288
1.148523 -11.623568 0.241739
1.252526 -11.623576 0.242198
1.356628 -11.622699 0.242667
1.460803 -11.621111 0.243143
1.565066 -11.618632 0.243628
1.669395 -11.615440 0.244122
1.738988 -11.612835 0.244456
1.843435 -11.608212 0.244964
11.742356 -6.757106 0.360471
11.738027 -6.655760 0.357159
11.835044 -6.628981 0.361407
11.859761 -6.550867 0.341545
11.951070 -6.452698 0.356016
12.038466 -6.336294 0.363531
12.117709 -6.247503 0.373230
12.159895 -6.180323 0.373574
12.214123 -6.119955 0.369500
12.243145 -6.045150 0.374265
12.329674 -5.939525 0.363761
12.365191 -5.840391 0.375307
12.447845 -5.748606 0.372150
12.537988 -5.653418 0.353835
12.550456 -5.577056 0.373363
12.629623 -5.519805 0.355624
12.674927 -5.452504 0.356521
12.742185 -5.350897 0.357870
12.808742 -5.248637 0.359223
12.874412 -5.145569 0.360580
12.939363 -5.041859 0.361941
12.982182 -4.972293 0.362851
13.024634 -4.902411 0.363762
13.066719 -4.832212 0.364675
13.108432 -4.761700 0.365590
13.170254 -4.655309 0.366965
13.231320 -4.548298 0.368343
13.271523 -4.476549 0.369263
13.311343 -4.404495 0.370185
13.350777 -4.332137 0.371109
13.389819 -4.259478 0.372034
13.447599 -4.149892 0.373424
13.504586 -4.039713 0.374817
13.542046 -3.965868 0.375747
13.579103 -3.891732 0.376679
13.615754 -3.817306 0.377612
13.651998 -3.742593 0.378546
13.687831 -3.667594 0.379481
13.740755 -3.554531 0.380885
13.792845 -3.440907 0.382292
13.827010 -3.364787 0.383232
13.877412 -3.250060 0.384643
13.926959 -3.134790 0.386055
13.959417 -3.057585 0.386998
13.991443 -2.980114 0.387942
14.023030 -2.902380 0.388887
14.054181 -2.824385 0.389832
14.084889 -2.746132 0.390779
14.115155 -2.667622 0.391725
14.159659 -2.549351 0.393147
14.203264 -2.430579 0.394570
14.231731 -2.351068 0.395519
14.259742 -2.271314 0.396469
14.287293 -2.191319 0.397419
14.314384 -2.111084 0.398370
14.341013 -2.030613 0.399321
14.367175 -1.949909 0.400273
14.392869 -1.868975 0.401224
14.430467 -1.747118 0.402653
14.467118 -1.624812 0.404082
14.490917 -1.542981 0.405034
14.514235 -1.460933 0.405987
14.537070 -1.378671 0.406940
14.570354 -1.254856 0.408370
14.602661 -1.130627 0.409799
14.623545 -1.047536 0.410752
14.643935 -0.964246 0.411705
14.663830 -0.880758 0.412658
14.683225 -0.797077 0.413610
14.702120 -0.713206 0.414562
14.720513 -0.629146 0.415514
14.738402 -0.544902 0.416466
14.755783 -0.460476 0.417417
14.772655 -0.375873 0.418368
14.789017 -0.291094 0.419319
14.804865 -0.206143 0.420269
14.820197 -0.121023 0.421218
14.835013 -0.035738 0.422167
14.849308 0.049710 0.423116
14.863083 0.135316 0.424063
14.876333 0.221079 0.425010
14.889059 0.306993 0.425956
14.901257 0.393056 0.426902
14.912925 0.479265 0.427846
14.924062 0.565616 0.428790
14.934667 0.652106 0.429733
14.944735 0.738730 0.430675
14.954268 0.825487 0.431616
14.967486 0.955876 0.433025
14.979622 1.086511 0.434432
14.986987 1.173759 0.435368
14.993807 1.261120 0.436303
15.000079 1.348592 0.437237
15.005802 1.436170 0.438170
15.010974 1.523851 0.439101
15.017625 1.655569 0.440495
-11.435084 6.755936 0.376637
-11.444968 6.631313 0.379149
-11.501675 6.571481 0.374432
-11.533971 6.444435 0.376327
-11.567101 6.346457 0.377238
-11.682524 6.059542 0.375336
-11.696133 5.978322 0.367429
-11.843042 5.625655 0.372505
-11.823627 5.531173 0.362234
-11.843357 5.456502 0.361373
-11.863267 5.234148 0.366660
-11.917952 5.157494 0.357947
-11.934733 5.049908 0.361245
-11.961369 4.946460 0.365321
-11.991783 4.852483 0.362359
-12.023328 4.742956 0.361668
-12.054037 4.633270 0.360979
-12.046532 4.558408 0.351173
-12.067551 4.445996 0.349916
-12.087722 4.333577 0.348662
-12.149431 4.266427 0.358699
-12.119088 4.146217 0.346583
-12.136729 4.033814 0.345340
-12.134333 3.929693 0.355410
-12.156439 3.840583 0.350929
-12.170465 3.745486 0.354098
-12.185214 3.672038 0.353648
-12.197671 3.584485 0.340416
-12.213465 3.525012 0.352753
-12.226968 3.451437 0.352307
-12.251862 3.359553 0.356462
-12.253327 3.248777 0.346375
-12.243686 3.135947 0.335567
-12.249917 3.061300 0.334766
-12.258447 2.949403 0.333569
-12.266162 2.837586 0.332376
-12.270764 2.763097 0.331584
-12.276858 2.651454 0.330401
-12.282144 2.539907 0.329222
-12.285131 2.465608 0.328439
-12.251248 2.348693 0.340757
-12.261613 2.238928 0.340113
-12.267982 2.165747 0.339686
-12.276725 2.055975 0.339047
-12.284656 1.946209 0.338410
-12.290744 1.848769 0.343202
-12.293583 1.762674 0.321119
-12.291718 1.652214 0.319983
-12.288875 1.541938 0.318853
-12.285254 1.431813 0.317728
-12.282324 1.358501 0.316982
-12.277154 1.248694 0.315867
-12.271214 1.139053 0.314757
-12.266744 1.066072 0.314021
-12.259273 0.956777 0.312922
-12.241856 0.738778 0.310740
-12.231917 0.630083 0.309658
-12.224790 0.557750 0.308940
-12.213347 0.449449 0.307868
-12.201159 0.341351 0.306802
-12.192536 0.269424 0.306095
-12.178860 0.161746 0.305040
-12.164446 0.054283 0.303990
-12.149112 -0.052903 0.302948
-12.133044 -0.159864 0.301910
-12.121847 -0.231018 0.301223
-12.110287 -0.302056 0.300538
-2.511100 0.056493 0.004068
-2.503546 -0.036961 0.003833
-2.454477 -0.353215 0.003075
-2.431022 -0.451959 0.002851
-2.406455 -0.542357 0.002652
-2.378468 -0.631746 0.002460
-2.331018 -0.763968 0.002187
-2.301949 -0.836402 0.002042
-2.255205 -0.940893 0.001842
-2.216317 -1.020345 0.001694
-2.133208 -1.170598 0.001431
-2.041115 -1.315553 0.001197
-1.809348 -1.609908 0.000794
-1.750663 -1.672725 0.000723
-1.701202 -1.722754 0.000671
-1.644592 -1.776679 0.000620
-1.543065 -1.866480 0.000547
-1.459952 -1.933738 0.000504
-1.344487 -2.018924 0.000466
-1.255545 -2.078459 0.000453
-1.066147 -2.189196 0.000468
-0.861050 -2.287566 0.000540
-0.640802 -2.371194 0.000677
-0.580869 -2.390268 0.000724
-0.352368 -2.449243 0.000939
-0.244097 -2.470115 0.001060
-0.127182 -2.487675 0.001203
-0.056647 -2.495659 0.001297
0.542902 -2.490293 0.002286
0.642328 -2.476566 0.002484
0.993191 -2.397869 0.003263
1.277889 -2.296459 0.003994
1.806840 -2.001760 0.005635
1.934434 -1.905078 0.006098
1.965387 -1.879653 0.006216
2.032366 -1.822341 0.006477
2.091656 -1.768354 0.006716
2.132001 -1.729283 0.006885
2.216401 -1.643428 0.007250
2.275727 -1.577946 0.007520
2.332958 -1.510559 0.007791
2.383054 -1.447651 0.008039
2.446894 -1.361433 0.008371
2.522049 -1.250269 0.008788
2.576982 -1.161086 0.009114
2.635918 -1.055482 0.009489
2.676376 -0.976501 0.009764
2.729215 -0.861608 0.010154
2.775825 -0.746869 0.010534
2.808886 -0.655701 0.010829
2.838405 -0.563274 0.011122
2.870850 -0.446357 0.011485
2.891429 -0.359745 0.011748
2.910355 -0.264452 0.012031
2.929559 -0.144495 0.012380
2.940296 -0.056015 0.012632
2.948407 0.040909 0.012902
2.953731 0.154287 0.013211
2.954738 0.251604 0.013470
2.952577 0.332701 0.013681
2.944426 0.462264 0.014011
2.936400 0.543029 0.014212
2.923188 0.639541 0.014447
2.911346 0.711646 0.014618
2.897414 0.783388 0.014786
2.883412 0.846830 0.014931
2.859405 0.941283 0.015142
2.832199 1.034869 0.015346
2.796514 1.142840 0.015574
2.616947 1.542570 0.016341
2.538761 1.675601 0.016566
2.508209 1.723545 0.016644
2.467353 1.784146 0.016738
2.434485 1.830521 0.016807
2.390805 1.889102 0.016891
2.335345 1.959091 0.016987
2.268543 2.037230 0.017085
2.206616 2.105220 0.017164
2.153671 2.159352 0.017222
2.059696 2.248822 0.017306
1.948095 2.344897 0.017379
1.849140 2.422251 0.017423
1.723009 2.510407 0.017452
1.528717 2.626965 0.017445
-0.389546 2.891711 0.015028
-0.428418 2.882424 0.014940
-0.975196 2.685640 0.013530
-1.184985 2.572243 0.012888
-1.466146 2.379320 0.011920
-1.582084 2.283387 0.011478
-1.692443 2.181320 0.011028
-2.507060 0.447102 0.005109
-2.514164 0.329994 0.004787
-2.516220 0.244003 0.004556
-2.514905 0.146301 0.004315
-2.965338 -0.161690 0.019666
-2.893328 -0.549716 0.018748
-2.519617 -1.444076 0.016985
-2.447202 -1.637056 0.015373
-2.349966 -1.743828 0.015670
-2.260409 -1.854724 0.015536
-2.133002 -1.956475 0.016271
-2.095389 -1.996808 0.016227
-2.043927 -2.049355 0.016174
-1.950929 -2.138380 0.016094
-1.866204 -2.248404 0.015189
-1.790971 -2.276884 0.015996
-1.751586 -2.356578 0.014729
-1.651993 -2.383118 0.015948
-1.561194 -2.446184 0.015934
-1.484025 -2.496574 0.015931
-1.436871 -2.525503 0.015934
-1.365418 -2.567731 0.015943
-1.266327 -2.641640 0.015374
-1.150117 -2.680374 0.016009
-1.060873 -2.745633 0.015274
-0.949663 -2.767688 0.016118
-0.833298 -2.844958 0.015051
-0.757902 -2.858790 0.015497
-0.651929 -2.869018 0.016355
-0.571511 -2.891032 0.016434
-0.451276 -2.955978 0.015208
-0.348600 -2.955254 0.016119
-0.244491 -2.957983 0.016813
-0.161661 -2.969291 0.016925
-0.041500 -2.981918 0.017097
0.051246 -2.988855 0.017237
0.134929 -2.992501 0.017370
0.265301 -2.994044 0.017589
0.349164 -2.992375 0.017737
0.432999 -2.988283 0.017892
0.563227 -2.977770 0.018143
0.746905 -2.966034 0.017958
0.842435 -2.961582 0.017601
0.939185 -2.949457 0.017438
1.041637 -2.892651 0.019190
1.165539 -2.874075 0.018731
1.258921 -2.852610 0.018583
1.334236 -2.834245 0.018393
1.355008 -2.795084 0.019989
1.451363 -2.757687 0.020254
1.534250 -2.754630 0.018932
1.598049 -2.694104 0.020676
1.632083 -2.678005 0.020777
1.761070 -2.636883 0.019983
1.872578 -2.562431 0.020931
1.977932 -2.485754 0.021885
2.056968 -2.450196 0.021344
2.168764 -2.374489 0.021575
2.269077 -2.275696 0.022948
2.339870 -2.249366 0.021712
2.384750 -2.177873 0.023409
2.454352 -2.147788 0.022159
2.482071 -2.087671 0.023818
3.029542 -1.451781 0.024482
3.140409 -1.246554 0.025399
3.151731 -1.158285 0.027460
3.236182 -1.043481 0.026070
3.270763 -0.960368 0.026334
3.278014 -0.855578 0.028489
3.339190 -0.746594 0.027459
3.378542 -0.643833 0.027303
3.371579 -0.547337 0.029477
3.391472 -0.463438 0.029736
3.439450 -0.349505 0.028632
3.443746 -0.250577 0.029645
3.483411 -0.148119 0.028458
3.454591 -0.056199 0.030938
3.462917 0.058680 0.031261
3.466598 0.145017 0.031499
3.467494 0.743301 0.030902
3.438991 0.851974 0.031679
2.354667 2.638835 0.024995
2.067727 2.857081 0.021292
1.935067 2.955074 0.025089
1.832057 3.025474 0.028872
1.747096 3.064990 0.025042
1.645360 3.121987 0.027283
1.546812 3.174618 0.030662
1.449443 3.226615 0.036323
1.350762 3.241012 0.022513
1.244064 3.282867 0.024708
1.215783 3.310718 0.036149
1.142724 3.332935 0.036083
1.049409 3.341061 0.024507
0.945373 3.372228 0.028219
0.836809 3.406052 0.035756
0.761754 3.419141 0.035663
0.634853 3.427020 0.027806
0.555833 3.425816 0.019990
0.446239 3.443133 0.025969
0.360663 3.444835 0.023511
0.261812 3.447084 0.023333
0.144265 3.446013 0.023111
0.044401 3.446368 0.026788
-0.155483 3.423465 0.022490
-0.258911 3.422851 0.033926
-0.361411 3.405261 0.033703
-0.451259 3.372905 0.021799
-0.553281 3.355768 0.027401
-0.643690 3.319639 0.017396
-0.736349 3.310529 0.032807
-0.854531 3.260871 0.024650
-0.936400 3.230024 0.024419
-1.010240 3.209987 0.032068
-1.143462 3.142529 0.025764
-1.707358 2.808749 0.029797
-2.011801 2.547451 0.028574
-2.062991 2.462397 0.012280
-2.135244 2.420594 0.028022
-2.169749 2.349022 0.013361
-2.259915 2.246470 0.015309
-2.346674 2.132526 0.014835
-2.424610 2.057296 0.026552
-2.453644 1.962365 0.010132
-2.541175 1.830541 0.013637
-2.663864 1.571966 0.008640
-2.783137 1.368997 0.024089
-3.539253 -0.554564 0.036924
-3.554864 -0.662690 0.037192
-3.452871 -0.848214 0.037288
-3.439908 -0.959337 0.035911
-3.355911 -1.139528 0.037090
-3.348365 -1.246675 0.035440
-3.270564 -1.342330 0.036392
-3.229274 -1.447772 0.034983
-3.168303 -1.549607 0.035555
-3.145713 -1.652814 0.034836
-3.062371 -1.746435 0.036462
-3.036711 -1.831518 0.034168
-2.764422 -2.164082 0.033850
-2.661259 -2.287599 0.033686
-2.643331 -2.345242 0.034351
-2.556191 -2.439298 0.033437
-2.486627 -2.474984 0.033449
-2.443135 -2.549073 0.032928
-2.387090 -2.575998 0.034155
-2.341748 -2.639485 0.033782
-2.238992 -2.730177 0.033862
-2.178780 -2.765469 0.032941
-2.111920 -2.825224 0.033404
-2.058556 -2.859271 0.033587
-1.946299 -2.944455 0.033342
-1.859228 -2.988998 0.033791
-1.845271 -3.051305 0.033854
-1.764396 -3.061420 0.033301
-1.565034 -3.162209 0.033708
-0.743343 -3.530865 0.034604
-0.257798 -3.652113 0.034508
-0.057301 -3.647199 0.034600
0.050392 -3.649792 0.035283
0.153872 -3.649391 0.036164
0.233847 -3.653955 0.035496
0.350005 -3.652086 0.035642
0.464854 -3.652046 0.035955
0.546276 -3.634519 0.035695
0.642227 -3.634552 0.036710
0.750674 -3.624514 0.037564
1.147148 -3.540244 0.036762
1.246561 -3.532274 0.037220
1.459548 -3.454483 0.037415
1.556161 -3.428689 0.037676
1.746148 -3.355492 0.037371
1.847099 -3.321205 0.036143
1.940758 -3.257498 0.038431
2.047861 -3.237308 0.038991
2.237952 -3.143197 0.039493
2.344810 -3.043338 0.039327
2.935366 -2.651952 0.042168
2.943570 -2.550997 0.042417
3.045914 -2.541941 0.042343
3.047774 -2.455641 0.042381
3.149095 -2.352746 0.042735
3.235729 -2.247402 0.043768
3.334936 -2.139822 0.043484
3.362245 -2.061987 0.043214
3.442040 -2.032695 0.042971
3.465450 -1.931199 0.043065
3.539860 -1.848602 0.043937
3.571842 -1.748857 0.040927
3.651747 -1.647440 0.042526
3.677321 -1.556822 0.041384
3.752768 -1.449157 0.044871
3.840505 -1.244803 0.044485
3.865903 -1.164447 0.047054
3.940818 -1.035719 0.048172
3.943364 -0.945021 0.044151
3.967161 -0.851923 0.046294
4.030680 -0.768505 0.047932
4.043217 -0.663912 0.048986
4.056532 -0.551284 0.045859
4.055746 -0.461938 0.046415
4.137266 -0.436917 0.048442
4.129697 -0.346567 0.048708
4.137465 -0.238257 0.047799
4.129835 -0.157703 0.050829
4.137416 -0.060641 0.050413
4.141303 0.056299 0.048592
4.148965 0.142685 0.051529
4.147567 0.242530 0.050209
4.143701 0.352329 0.049171
4.144925 0.443872 0.052202
4.135678 0.543310 0.050824
4.146825 0.647412 0.050560
4.134301 0.753630 0.050608
4.127142 0.851065 0.052863
4.035853 1.337236 0.053027
3.867061 1.653401 0.049888
3.750994 1.953146 0.052470
3.646263 2.153494 0.053393
3.561986 2.261193 0.050017
3.532048 2.366508 0.054828
3.457165 2.459877 0.054084
3.443596 2.548013 0.055661
3.366624 2.552332 0.049708
3.336042 2.647698 0.052484
3.247883 2.739301 0.056226
3.150838 2.855543 0.054157
3.063931 2.954420 0.055249
2.959686 3.067663 0.053294
2.928960 3.146711 0.056081
2.853229 3.153251 0.052326
2.751758 3.246976 0.054322
2.649453 3.257180 0.049456
2.650450 3.340915 0.055443
2.556606 3.367843 0.052314
2.548936 3.450573 0.055609
2.448317 3.468137 0.055087
2.360009 3.535223 0.054761
2.238709 3.567063 0.049926
2.245902 3.643208 0.055743
2.168611 3.653695 0.056060
2.057079 3.674982 0.052043
2.065771 3.745467 0.056279
1.958959 3.762262 0.054839
1.860203 3.752452 0.049555
1.838301 3.832087 0.057248
1.751807 3.853184 0.054709
1.631774 3.866900 0.052975
1.540739 3.947552 0.054357
1.456995 3.962088 0.055874
1.338306 3.956539 0.051683
1.257191 4.037686 0.055435
1.160468 4.052677 0.054679
1.044364 4.065346 0.054812
0.943644 4.058072 0.053991
0.852697 4.072000 0.051194
0.744887 4.137333 0.054373
0.657433 4.151680 0.054322
0.565635 4.147527 0.055099
0.447787 4.148925 0.052949
0.365376 4.155150 0.054253
0.257926 4.157339 0.054130
0.148213 4.154987 0.052739
0.067147 4.155520 0.054935
-0.044894 4.147858 0.053778
-0.154396 4.142920 0.051951
-0.242457 4.145963 0.053660
-0.252678 4.074258 0.052118
-0.353842 4.060290 0.052013
-0.462606 4.059928 0.050907
-0.549026 4.033920 0.049446
-0.641977 4.054266 0.052455
-0.755698 4.053798 0.052799
-0.835332 3.960888 0.053378
-0.941980 3.950723 0.051499
-1.061551 3.951191 0.050926
-1.054414 3.877523 0.048003
-1.161507 3.841436 0.048865
-1.244296 3.853075 0.051396
-1.367973 3.761646 0.051495
-1.467994 3.740294 0.049907
-1.539369 3.659419 0.048157
-1.649945 3.650460 0.050170
-1.747798 3.562625 0.050596
-1.852471 3.549006 0.048291
-1.941787 3.439265 0.050104
-2.047814 3.364285 0.048875
-2.138594 3.355931 0.048503
-2.157542 3.251615 0.045724
-2.248101 3.250881 0.047342
-2.247033 3.163920 0.044120
-2.356806 3.151051 0.047956
-2.366206 3.057118 0.045970
-2.433115 3.045326 0.047844
-2.448452 2.952249 0.042051
-2.540065 2.940507 0.047518
-2.551175 2.855928 0.039582
-2.649670 2.848379 0.047705
-2.660483 2.754684 0.045054
-2.747829 2.748405 0.046251
-2.746082 2.652607 0.044746
-2.832434 2.639481 0.045180
-2.842967 2.557052 0.043951
-2.956152 2.447955 0.044384
-2.959556 2.369302 0.042670
-3.050646 2.353979 0.043710
-3.064931 2.243887 0.043824
-3.144148 2.147536 0.043975
-3.154231 2.068366 0.041901
-3.237206 2.038222 0.043004
-3.263247 1.948143 0.043166
-3.247148 1.848340 0.040643
-3.341759 1.765459 0.042943
-3.361027 1.647973 0.041022
-3.361346 1.558325 0.039082
-3.448531 1.547722 0.041551
-3.441529 1.458579 0.042734
-3.443129 1.348466 0.040059
-3.468085 1.248479 0.039291
-3.558375 1.142245 0.040850
-3.535602 1.044949 0.039019
-3.541916 0.947084 0.039138
-3.566954 0.836576 0.039670
-3.566680 0.743486 0.037528
-3.580887 0.651546 0.037744
-4.479386 0.043007 0.067267
-4.474162 -0.044425 0.068205
-4.465731 -0.157436 0.067161
-4.455175 -0.258440 0.066255
-4.441584 -0.344970 0.066537
-4.431857 -0.444229 0.066582
-4.427982 -0.553045 0.068798
-4.452106 -0.644729 0.072206
-4.447039 -0.751803 0.072806
-4.370245 -0.738248 0.065030
-4.349020 -0.850074 0.065622
-4.344369 -0.950726 0.068119
-4.337299 -1.059729 0.069392
-4.269222 -1.155625 0.065263
-4.236225 -1.244987 0.064953
-3.671632 -2.442948 0.066230
-3.562514 -2.571011 0.064122
-2.339564 -3.749913 0.064788
-2.251429 -3.767471 0.062087
-2.244439 -3.849415 0.067145
-2.156207 -3.867891 0.063856
-2.059955 -3.941228 0.065264
-1.964426 -3.970463 0.064635
-1.934826 -4.053015 0.069591
-1.852952 -4.026374 0.064807
-1.761003 -4.068425 0.064979
-1.740935 -4.140293 0.068805
-1.656259 -4.142215 0.066580
-1.536052 -4.172623 0.064324
-1.442732 -4.242032 0.066986
-1.334543 -4.244644 0.064681
-1.247667 -4.284924 0.064072
-1.238650 -4.326164 0.067437
-1.147535 -4.346340 0.067844
-0.951248 -4.368366 0.064484
-0.854984 -4.442036 0.068755
-0.753640 -4.436543 0.066062
-0.667040 -4.446330 0.065902
-0.532252 -4.458765 0.064671
-0.433375 -4.462259 0.064782
-0.433926 -4.515634 0.067792
-0.351768 -4.526822 0.067843
-0.256008 -4.542908 0.068894
-0.163582 -4.542404 0.066975
-0.051901 -4.558197 0.068613
0.047489 -4.564652 0.069012
0.131076 -4.560787 0.067323
0.248511 -4.565716 0.068296
0.352043 -4.567057 0.069161
0.449379 -4.561700 0.068457
0.556096 -4.555000 0.067864
0.656430 -4.550056 0.069342
0.753752 -4.539883 0.068769
0.851296 -4.529081 0.068313
0.955803 -4.553831 0.070863
1.049976 -4.558931 0.072980
1.049965 -4.465559 0.067573
1.139525 -4.467068 0.068296
1.261486 -4.459751 0.069392
1.368097 -4.432961 0.069889
1.452840 -4.454290 0.071582
1.537407 -4.461198 0.075486
1.565278 -4.380713 0.070089
1.650847 -4.363818 0.069712
1.748983 -4.352522 0.071509
1.841351 -4.357732 0.073556
1.848177 -4.265427 0.068912
1.969508 -4.240647 0.070517
2.060618 -4.268001 0.073338
2.154339 -4.244788 0.075117
2.252837 -4.166771 0.073119
2.360565 -4.146798 0.076564
2.377011 -4.063332 0.070976
2.462165 -4.062704 0.073022
2.549849 -4.050304 0.076744
2.642727 -3.960995 0.074057
2.757490 -3.940461 0.077134
2.751074 -3.855198 0.071520
2.853213 -3.859795 0.075531
2.947057 -3.830188 0.079764
2.960968 -3.757121 0.075330
3.040636 -3.752760 0.077664
4.334062 -2.438463 0.082669
4.373612 -2.348336 0.082030
4.420392 -2.315926 0.084016
4.443343 -2.262197 0.083428
4.461195 -2.168885 0.081651
4.520320 -2.142386 0.083899
4.557931 -2.055700 0.083226
4.624824 -1.930629 0.084015
4.659735 -1.849105 0.083745
4.658975 -1.761053 0.082037
4.719179 -1.742493 0.084633
4.746981 -1.655138 0.084021
4.804747 -1.550416 0.086386
4.830073 -1.445594 0.084835
4.863931 -1.337822 0.084233
4.912811 -1.243540 0.086329
4.931679 -1.143717 0.084969
4.956658 -1.041630 0.085187
5.000592 -0.944767 0.085830
5.017361 -0.836971 0.085533
5.037194 -0.749942 0.086660
5.044358 -0.662002 0.085316
5.059218 -0.552928 0.085660
5.104531 -0.434215 0.087488
5.112112 -0.342534 0.087923
5.115325 -0.238035 0.086667
5.120594 -0.146830 0.086505
5.130788 -0.057859 0.086702
5.135697 0.050682 0.087176
5.135641 0.159434 0.086971
5.141926 0.235995 0.088081
5.138712 0.349938 0.087668
5.135563 0.456126 0.087854
5.131058 0.542955 0.087993
5.122767 0.658604 0.088175
5.118566 0.754433 0.088977
5.123180 0.839888 0.091129
5.108115 0.955282 0.091424
5.065963 1.047116 0.088473
5.045274 1.138298 0.088051
5.037834 1.258149 0.089503
5.015802 1.345880 0.089182
5.013169 1.440708 0.092601
4.960880 1.541754 0.089576
4.936951 1.650005 0.090138
4.911360 1.728523 0.089701
4.863795 1.844282 0.089171
4.837617 1.955662 0.091038
4.813291 2.027833 0.090629
4.751985 2.146641 0.089051
4.732808 2.232029 0.092063
4.702016 2.317751 0.094440
4.652888 2.340816 0.089550
4.627910 2.428310 0.089831
4.611734 2.500557 0.094771
4.564801 2.552692 0.090593
4.525565 2.649246 0.093297
4.460543 2.738462 0.090773
4.421280 2.822806 0.092966
4.335720 2.946324 0.094017
4.260906 3.050067 0.093053
4.217940 3.117249 0.093183
4.164737 3.163107 0.091256
2.745672 4.464135 0.093566
2.671683 4.458313 0.090689
2.630899 4.531723 0.092632
2.545000 4.564511 0.091878
2.477368 4.562423 0.092593
2.444837 4.633056 0.093244
2.349756 4.662557 0.092279
2.248884 4.657384 0.090741
2.253036 4.727638 0.093146
2.166306 4.754181 0.092645
2.081205 4.752674 0.091686
1.945117 4.850328 0.093236
1.845433 4.856612 0.090708
1.762851 4.875915 0.091031
1.652648 4.947823 0.091617
1.539895 4.945421 0.090904
1.455332 4.956962 0.090426
1.345808 4.974379 0.092095
1.257847 5.047395 0.092665
1.149255 5.063313 0.091656
1.042484 5.063374 0.089987
0.951227 5.047279 0.091772
0.853997 5.055508 0.090406
0.742888 5.074534 0.092106
0.641270 5.062779 0.090056
0.539780 5.060943 0.088647
0.450184 5.049909 0.087621
0.358275 5.053077 0.087534
0.253298 5.054004 0.087280
0.153142 5.054074 0.087337
0.053380 5.051246 0.087302
-0.050900 5.051623 0.087812
-0.144690 5.052849 0.087724
-0.245814 5.070039 0.090516
-0.352032 5.057889 0.090388
-0.443892 5.045615 0.090292
-0.556420 5.027793 0.090140
-0.653531 4.945811 0.084312
-0.751319 4.954394 0.087261
-0.838514 4.949209 0.088594
-0.932690 4.953451 0.089364
-1.048536 4.946899 0.087813
-1.054169 4.856258 0.084601
-1.145653 4.834676 0.084527
-1.229486 4.851614 0.087844
-1.324119 4.839172 0.088925
-1.347828 4.765551 0.084049
-1.429902 4.741078 0.084920
-1.545800 4.739468 0.087902
-1.657955 4.637767 0.082464
-1.757077 4.646737 0.087353
-1.859352 4.553764 0.083587
-1.962811 4.542987 0.086972
-2.046573 4.448826 0.083075
-2.150905 4.454172 0.086791
-2.158936 4.362553 0.080476
-2.252277 4.341078 0.083148
-2.332442 4.348068 0.087044
-2.351171 4.253787 0.080606
-2.453416 4.240035 0.085121
-2.547240 4.144441 0.082277
-2.632307 4.145787 0.086099
-2.644121 4.056227 0.081269
-3.832990 2.736317 0.077705
-3.864061 2.639752 0.072647
-3.934188 2.645850 0.080411
-3.944415 2.545725 0.077286
-3.966519 2.457296 0.072886
-4.044112 2.424170 0.079663
-4.037032 2.344636 0.076090
-4.056646 2.245320 0.073494
-4.126701 2.145153 0.075077
-4.151658 2.055231 0.073246
-4.161196 1.951019 0.071751
-4.240715 1.948144 0.078160
-4.244262 1.832197 0.073368
-4.254597 1.752214 0.071931
-4.271601 1.657848 0.070661
-4.346202 1.648563 0.077690
-4.332560 1.552953 0.072465
-4.357338 1.447372 0.073195
-4.356753 1.345800 0.069151
-4.434713 1.236817 0.075949
-4.445327 1.152246 0.074954
-4.446119 1.052624 0.071079
-4.428340 0.951483 0.068398
-4.450629 0.847833 0.069096
-4.465090 0.742713 0.069124
-4.463384 0.655157 0.067764
-4.475217 0.555784 0.068055
-4.530611 0.438525 0.073511
-4.534198 0.329031 0.073301
-4.535460 0.233112 0.073132
-4.524227 0.146484 0.071741
-5.841514 -0.046033 0.114934
-5.837890 -0.158912 0.117365
-5.828130 -0.254410 0.114743
-5.820931 -0.345353 0.116582
-5.810240 -0.443860 0.116437
-5.772260 -0.540067 0.113241
-5.770658 -0.643830 0.117007
-5.767592 -0.743850 0.116032
-5.745338 -0.862987 0.115384
-5.725192 -0.955583 0.113417
-5.660505 -1.057885 0.113827
-5.665549 -1.167603 0.113587
-5.657386 -1.269441 0.117003
-5.634078 -1.356262 0.116049
-5.611099 -1.447547 0.118256
-5.558418 -1.452324 0.113389
-5.563349 -1.549596 0.116866
-5.544820 -1.654682 0.116734
-5.515664 -1.746846 0.118032
-5.453931 -1.773450 0.113084
-5.469495 -1.861670 0.114709
-5.430058 -1.964966 0.114590
-5.322858 -2.233311 0.117720
-5.248971 -2.259329 0.113644
-5.266649 -2.344227 0.114243
-5.231150 -2.427705 0.117325
-5.149976 -2.464955 0.113507
-5.158508 -2.553108 0.110883
-5.122609 -2.640090 0.117513
-5.064112 -2.656419 0.110915
-5.053583 -2.746968 0.111102
-5.020123 -2.822542 0.117438
-4.973421 -2.859389 0.113504
-4.940625 -2.951947 0.115536
-4.863869 -3.059294 0.111528
-4.824127 -3.115755 0.106902
-4.789557 -3.162619 0.106342
-4.731554 -3.249937 0.106543
-4.658241 -3.355001 0.106620
-4.615432 -3.424595 0.107515
-4.594529 -3.452616 0.107482
-4.552251 -3.508312 0.107418
-3.220592 -4.794096 0.106773
-3.163047 -4.834559 0.106790
-3.041226 -4.869310 0.105063
-2.941029 -4.945184 0.113699
-2.850261 -5.028639 0.112720
-2.747974 -5.100358 0.106989
-2.532484 -5.220907 0.107145
-2.447210 -5.238857 0.118828
-2.343953 -5.317605 0.107306
-2.233436 -5.339699 0.119020
-2.152101 -5.408072 0.107494
-2.039680 -5.434260 0.115341
-1.932249 -5.441794 0.118566
-1.858344 -5.531438 0.107827
-1.758990 -5.569335 0.107951
-1.658960 -5.605597 0.108081
-1.558208 -5.640024 0.108219
-1.456860 -5.672853 0.108362
-1.354937 -5.704074 0.108512
-1.252381 -5.733420 0.108669
-1.149285 -5.761070 0.108832
-1.045703 -5.787111 0.109001
-0.958975 -5.807372 0.109147
-0.837000 -5.833645 0.109359
-0.732013 -5.854411 0.109547
-0.661754 -5.867103 0.109677
-0.538445 -5.887650 0.109909
-0.453978 -5.970353 0.112433
-0.343675 -5.914808 0.110292
-0.237005 -5.927102 0.110509
-0.147916 -5.936035 0.110694
-0.058635 -5.943552 0.110884
0.066591 -5.952124 0.111156
0.156199 -5.956690 0.111356
0.245924 -5.959927 0.111559
0.335738 -5.961935 0.111767
0.425630 -5.962609 0.111979
0.551572 -5.961350 0.112282
0.659572 -5.958327 0.112548
0.767587 -5.953548 0.112818
0.843635 -5.965479 0.113546
0.953882 -5.964037 0.114040
1.044015 -5.954361 0.114219
1.134030 -5.943333 0.114400
1.244164 -5.933838 0.114795
1.339847 -5.918119 0.114963
1.342614 -5.896019 0.114356
1.466463 -5.885748 0.114948
1.561658 -5.868310 0.115190
1.670704 -5.850089 0.115551
1.759409 -5.830051 0.115753
1.838139 -5.813612 0.115966
1.876951 -5.793859 0.115929
1.955502 -5.782483 0.116207
2.058826 -5.751835 0.116444
2.161980 -5.720678 0.116739
2.268100 -5.688382 0.116973
2.354655 -5.659659 0.117192
2.440806 -5.629625 0.117414
2.544963 -5.588601 0.117459
2.654178 -5.548656 0.117956
2.746685 -5.515746 0.118510
2.855065 -5.462799 0.118383
2.937376 -5.432326 0.118988
3.015941 -5.406389 0.119784
3.059450 -5.376315 0.119384
3.147555 -5.333939 0.119679
3.242525 -5.269207 0.119125
3.342924 -5.232767 0.120302
3.445548 -5.168405 0.120259
3.539952 -5.139956 0.121819
3.603788 -5.103154 0.122080
3.658287 -5.041473 0.120926
3.745923 -5.017534 0.122671
3.753949 -4.964697 0.120510
3.828288 -4.932045 0.121501
3.916753 -4.907747 0.123403
3.947452 -4.887175 0.123537
4.038824 -4.824285 0.123940
5.541567 -3.338305 0.131915
5.585021 -3.277143 0.132200
5.669508 -3.153000 0.132768
5.741190 -3.042761 0.133265
5.781094 -2.979036 0.133549
5.849051 -2.866274 0.134045
5.923974 -2.735661 0.134610
5.978181 -2.636494 0.135032
6.046931 -2.544578 0.134382
6.081060 -2.435005 0.135874
6.161280 -2.347534 0.133944
6.161408 -2.264231 0.136571
6.256786 -2.154419 0.133678
6.251050 -2.055993 0.137401
6.286243 -1.968246 0.137745
6.348746 -1.918125 0.134307
6.333276 -1.844448 0.138223
6.365240 -1.755362 0.138563
6.395923 -1.665785 0.138902
6.456592 -1.566100 0.136214
6.463901 -1.448778 0.139706
6.484967 -1.375910 0.139972
6.527736 -1.349209 0.135772
6.555790 -1.238228 0.136022
6.558000 -1.159817 0.138482
6.572463 -1.026092 0.141216
6.592189 -0.933172 0.141539
6.623631 -0.849451 0.139396
6.649813 -0.741493 0.138458
6.672780 -0.639169 0.137438
6.671932 -0.548431 0.140248
6.674165 -0.426357 0.143235
6.684827 -0.331755 0.143541
6.693998 -0.236966 0.143844
6.719816 -0.144571 0.139958
6.725775 -0.049236 0.140188
6.729807 0.036678 0.140386
6.733291 0.141757 0.140628
6.734951 0.246904 0.140868
6.734882 0.361626 0.141133
6.733501 0.447694 0.141324
6.730188 0.552827 0.141568
6.724625 0.667485 0.141824
6.719131 0.753439 0.142008
6.696644 0.849143 0.147068
6.689874 0.925263 0.147277
6.679932 1.020289 0.147535
6.679289 1.143786 0.142851
6.667429 1.229130 0.143035
6.651175 1.333235 0.143244
6.631581 1.446495 0.143474
6.615628 1.531209 0.143648
6.593973 1.567883 0.148953
6.588385 1.662587 0.143898
6.569387 1.746695 0.144066
6.541542 1.842481 0.146046
6.525507 1.942519 0.142640
6.480407 2.061174 0.147389
6.460440 2.154019 0.144838
6.439722 2.237216 0.143139
6.390480 2.325090 0.150713
6.361176 2.454449 0.145366
6.335549 2.539594 0.143625
6.292608 2.595019 0.151280
6.279814 2.669741 0.145731
6.262330 2.733841 0.142971
6.211310 2.848234 0.144094
6.159080 2.944009 0.147333
6.121462 3.046358 0.144388
5.869523 3.473778 0.152878
5.770118 3.658002 0.150179
5.698858 3.750676 0.153293
5.665628 3.839669 0.147429
5.574487 3.953508 0.150563
5.530369 4.048145 0.145671
5.457182 4.095052 0.153739
5.410803 4.155864 0.153809
5.387339 4.186053 0.153842
5.351778 4.231046 0.153891
3.749003 5.654519 0.154299
3.651625 5.713717 0.154243
3.553159 5.770979 0.154178
3.453754 5.826487 0.154106
3.353441 5.880226 0.154027
3.252139 5.931942 0.153939
3.132949 5.990115 0.153828
3.047105 6.030070 0.153743
2.929754 6.051170 0.148835
2.838789 6.120412 0.153515
2.733586 6.162871 0.153391
2.663692 6.148556 0.146241
2.627654 6.203294 0.153259
2.556668 6.229166 0.153167
2.442711 6.250456 0.149540
2.372296 6.244821 0.143688
2.306095 6.312890 0.152819
2.251995 6.329414 0.152740
2.142615 6.341026 0.148052
2.056723 6.369988 0.149057
1.924859 6.418355 0.152226
1.833295 6.439920 0.152072
1.743080 6.444024 0.147524
1.653693 6.448795 0.143042
1.559748 6.482223 0.147264
1.464597 6.512216 0.151410
1.351093 6.519349 0.146969
1.264595 6.531908 0.146814
1.176451 6.535059 0.142503
1.060971 6.552059 0.143195
0.951919 6.566082 0.144270
0.849807 6.575567 0.144121
0.766111 6.581716 0.143984
0.645164 6.588730 0.143784
0.558332 6.591826 0.141694
0.468364 6.595272 0.143497
0.338073 6.596772 0.143274
0.254347 6.596524 0.143133
0.170649 6.594744 0.142977
0.040584 6.590097 0.142739
-0.070752 6.583979 0.142530
-0.154160 6.578313 0.142378
-0.255905 6.569421 0.142173
-0.357440 6.554469 0.143702
-0.455807 6.552311 0.140046
-0.550733 6.534843 0.141576
-0.633311 6.522837 0.141410
-0.686966 6.494597 0.146243
-0.777838 6.477336 0.145976
-0.868401 6.458806 0.145706
-0.942987 6.466270 0.140708
-1.060601 6.440976 0.140449
-1.137939 6.395249 0.144877
-1.262506 6.361528 0.144480
-1.356623 6.366962 0.139777
-1.435626 6.355579 0.138132
-1.474166 6.298121 0.143790
-1.544097 6.275262 0.143556
-1.648475 6.239636 0.143202
-1.744014 6.245438 0.138797
-1.854934 6.162790 0.142483
-1.957036 6.121800 0.142119
-2.058340 6.079098 0.141752
-2.158722 6.034511 0.141381
-2.240440 6.048482 0.137461
-2.291317 5.972629 0.140883
-2.356987 5.940515 0.140631
-2.457051 5.947062 0.136856
-2.470900 5.882508 0.140189
-2.551437 5.839648 0.139870
-2.647283 5.786891 0.139486
-2.742007 5.732343 0.139099
-2.846070 5.669918 0.138667
-2.974417 5.589338 0.138123
-3.035237 5.549546 0.137861
-3.160262 5.464368 0.137311
-3.229458 5.415594 0.137002
-3.288122 5.372964 0.136736
-3.360695 5.318745 0.136403
-3.432421 5.263509 0.136069
-3.531477 5.184600 0.135600
-3.601192 5.127064 0.135264
-3.656317 5.080330 0.134994
-4.892280 3.644237 0.127801
-4.948167 3.553070 0.127398
-4.973591 3.468867 0.122176
-5.002636 3.461124 0.126996
-5.050308 3.344290 0.122674
-5.116635 3.229134 0.122891
-5.146442 3.159390 0.121075
-5.213584 3.039798 0.122194
-5.248517 2.943613 0.122312
-5.316426 2.843688 0.124421
-5.336375 2.746071 0.122767
-5.361591 2.670467 0.122142
-5.420055 2.549765 0.121181
-5.448070 2.456720 0.123072
-5.504100 2.365882 0.122559
-5.526960 2.257156 0.120366
-5.555779 2.151396 0.122441
-5.581299 2.068288 0.117974
-5.668405 1.755514 0.118377
-5.690232 1.657942 0.118793
-5.804526 1.042956 0.118488
-5.814580 0.950724 0.118398
-5.822494 0.862441 0.118738
-5.832473 0.756213 0.118336
-5.841033 0.633827 0.118126
-5.845062 0.541074 0.116108
-5.849563 0.442897 0.118141
-5.850252 0.344851 0.115720
-5.853386 0.251018 0.119909
-5.851668 0.147506 0.118743
-5.849914 0.045479 0.119712
-8.164471 -0.152025 0.192480
-8.159297 -0.258738 0.191017
-8.151667 -0.329615 0.192011
-8.142030 -0.451423 0.191158
-8.131011 -0.560086 0.190903
-8.120154 -0.656569 0.190699
-8.111083 -0.741863 0.190014
-8.098900 -0.785792 0.191837
-8.088700 -0.857785 0.191636
-8.081682 -0.950066 0.189583
-8.065504 -1.040771 0.189838
-8.047319 -1.157499 0.189198
-8.027295 -1.255625 0.189393
-8.008568 -1.350756 0.189193
-7.987950 -1.458802 0.188608
-7.964018 -1.544191 0.189295
-7.940398 -1.658267 0.188551
-7.917184 -1.752346 0.188363
-7.892928 -1.846178 0.188189
-7.867611 -1.939663 0.187995
-7.837117 -2.053766 0.187529
-7.809446 -2.146620 0.187365
-7.798912 -2.156026 0.188324
-7.775455 -2.243793 0.187664
-7.740867 -2.356612 0.187208
-7.709835 -2.448358 0.187050
-7.677845 -2.539714 0.186877
-7.644340 -2.636021 0.186531
-7.610702 -2.721339 0.186565
-7.588043 -2.776240 0.186633
-7.548762 -2.878978 0.186287
-7.521209 -2.946140 0.186174
-7.479112 -3.047321 0.185928
-7.430078 -3.156400 0.185908
-7.385301 -3.256413 0.185675
-7.346082 -3.339105 0.185646
-7.291729 -3.452999 0.185364
-7.248356 -3.539519 0.185239
-7.204329 -3.625679 0.185106
-7.181877 -3.668539 0.185043
-7.141442 -3.743799 0.184890
-7.109852 -3.804027 0.185071
-7.072917 -3.869441 0.184829
-7.033348 -3.939695 0.184725
-6.968426 -4.051197 0.184571
-6.602653 -4.627825 0.183928
-6.532924 -4.726813 0.183817
-6.438221 -4.834533 0.183552
-6.404059 -4.902657 0.183634
-6.360098 -4.960550 0.183578
-6.315709 -5.018128 0.183525
-6.255745 -5.094315 0.183458
-4.637593 -6.665756 0.183206
-4.559097 -6.723903 0.183252
-4.460849 -6.740824 0.182707
-4.359949 -6.865554 0.183387
-4.279149 -6.920708 0.183449
-4.177270 -6.988451 0.183534
-4.136234 -7.015152 0.183569
-4.053644 -7.067817 0.183645
-3.928736 -7.145326 0.183766
-3.886781 -7.170687 0.183809
-3.802422 -7.220729 0.183899
-3.738747 -7.257633 0.183969
-3.631945 -7.318067 0.184091
-3.545776 -7.365232 0.184195
-3.437417 -7.423108 0.184330
-3.350067 -7.468280 0.184444
-3.284217 -7.501565 0.184532
-3.173757 -7.555769 0.184686
-3.040151 -7.618864 0.184879
-2.950444 -7.659714 0.185014
-2.882853 -7.689741 0.185118
-2.837629 -7.709431 0.185189
-2.746758 -7.747949 0.185334
-2.655530 -7.785722 0.185483
-2.639560 -7.859747 0.190410
-2.540756 -7.831349 0.185677
-2.448438 -7.866745 0.185837
-2.363852 -7.943657 0.189418
-2.262487 -7.934498 0.186170
-2.192329 -7.958885 0.186300
-2.098407 -7.990460 0.186477
-2.032463 -8.050414 0.189685
-1.933069 -8.043197 0.186798
-1.838065 -8.071920 0.186987
-1.766578 -8.092808 0.187132
-1.639937 -8.148507 0.189169
-1.574923 -8.145527 0.187531
-1.454425 -8.176289 0.187789
-1.381894 -8.194000 0.187947
-1.349160 -8.235613 0.191192
-1.251277 -8.255549 0.191270
-1.170448 -8.256582 0.189884
-1.072446 -8.275680 0.190037
-0.943018 -8.287350 0.188949
-0.893897 -8.296365 0.189065
-0.866569 -8.317669 0.191000
-0.774731 -8.335766 0.191660
-0.668493 -8.346209 0.191231
-0.562186 -8.356294 0.190862
-0.460090 -8.374761 0.191990
-0.370095 -8.381285 0.191641
-0.270296 -8.390718 0.191784
-0.149972 -8.398504 0.190942
-0.070275 -8.406175 0.192079
0.036711 -8.412841 0.191962
0.140156 -8.416567 0.192641
0.230630 -8.420809 0.192544
0.337977 -8.425797 0.192557
0.441510 -8.421993 0.193003
0.532274 -8.425130 0.193035
0.640001 -8.428453 0.193182
0.743218 -8.417042 0.193387
0.834312 -8.419091 0.193553
0.932213 -8.434488 0.194035
1.008074 -8.432102 0.194268
1.134549 -8.426589 0.194660
1.235747 -8.420906 0.194979
1.311649 -8.415919 0.195220
1.438140 -8.406065 0.195626
1.530542 -8.376484 0.195219
1.638991 -8.352100 0.195056
1.739471 -8.339036 0.195291
1.842540 -8.362440 0.196965
1.943483 -8.348622 0.197309
2.069538 -8.329746 0.197743
2.145087 -8.317487 0.198007
2.220579 -8.304644 0.198272
2.244661 -8.236027 0.195639
2.371336 -8.276914 0.198808
2.446589 -8.262028 0.199079
2.546794 -8.241206 0.199443
2.621842 -8.224859 0.199718
2.721740 -8.201993 0.200088
2.771617 -8.190123 0.200273
2.846331 -8.171733 0.200554
2.920940 -8.152761 0.200836
3.044989 -8.119586 0.201311
3.143966 -8.091763 0.201693
3.218042 -8.070169 0.201982
3.341148 -8.032630 0.202468
3.414817 -8.009294 0.202761
3.463833 -7.993350 0.202958
3.537208 -7.968853 0.203254
3.634782 -7.935227 0.203651
3.747155 -7.953323 0.202896
3.756306 -7.891605 0.204152
3.853137 -7.855381 0.204555
3.925516 -7.827423 0.204860
3.997714 -7.798889 0.205165
4.069678 -7.769638 0.205473
4.165307 -7.729684 0.205885
4.260537 -7.688587 0.206299
4.379004 -7.635650 0.206820
4.455183 -7.653602 0.204072
4.473286 -7.591994 0.207240
4.520260 -7.569742 0.207451
4.645200 -7.543362 0.205398
4.964388 -7.366257 0.206311
5.048074 -7.324964 0.205494
5.074641 -7.280821 0.210023
5.150963 -7.249204 0.208062
5.225557 -7.214694 0.205945
5.276833 -7.176477 0.207284
5.342800 -7.134076 0.207495
5.452386 -7.062694 0.207889
5.517449 -7.018774 0.208102
5.560606 -6.989146 0.208245
5.631547 -6.937570 0.212777
5.696829 -6.893577 0.213112
5.761715 -6.848917 0.213447
5.826281 -6.803726 0.213784
5.911767 -6.742502 0.214234
7.693127 -5.044215 0.221022
7.755994 -4.957809 0.221253
7.797335 -4.890168 0.225776
7.849218 -4.827332 0.221671
7.924042 -4.717507 0.226706
7.969944 -4.650697 0.222230
8.029322 -4.561580 0.222555
8.079856 -4.477308 0.221018
8.135988 -4.407647 0.228330
8.164434 -4.346076 0.223196
8.227380 -4.232823 0.221642
8.271226 -4.155138 0.221784
8.307431 -4.134579 0.229716
8.332579 -4.046153 0.222080
8.416330 -3.948877 0.230636
8.533526 -3.736594 0.231665
8.692803 -3.424055 0.233141
8.934604 -2.949555 0.231265
8.960311 -2.858873 0.232894
8.984095 -2.754284 0.236157
9.047135 -2.643948 0.232084
9.071718 -2.552944 0.233879
9.087088 -2.474272 0.237362
9.124996 -2.425499 0.230993
9.148689 -2.334219 0.232896
9.172302 -2.256177 0.233098
9.188726 -2.164596 0.238659
9.210208 -2.125641 0.233433
9.230835 -2.059934 0.231745
9.259901 -1.941863 0.233900
9.284460 -1.849037 0.232173
9.292975 -1.798326 0.240144
9.311563 -1.730421 0.234392
9.329762 -1.650822 0.234589
9.355453 -1.530284 0.232810
9.373557 -1.452080 0.237232
9.386665 -1.369935 0.233126
9.403905 -1.320581 0.242008
9.415144 -1.238082 0.237851
9.427052 -1.137341 0.233612
9.440464 -1.047558 0.233753
9.457667 -0.954367 0.236275
9.475428 -0.861086 0.238915
9.482817 -0.765161 0.236719
9.503502 -0.728279 0.244207
9.510569 -0.674064 0.244402
9.526734 -0.538296 0.244886
9.538194 -0.429473 0.245270
9.517207 -0.343157 0.235085
9.537706 -0.263715 0.240537
9.544735 -0.154632 0.240825
9.533117 -0.052557 0.235647
9.545409 0.051081 0.238599
9.548112 0.160319 0.238838
9.539207 0.256579 0.236178
9.559921 0.337276 0.242090
9.559633 0.446718 0.242364
9.547169 0.542888 0.239659
9.543925 0.652192 0.239889
9.527775 0.747814 0.237045
9.572911 0.829851 0.249419
9.567440 0.939545 0.249755
9.560606 1.049190 0.250087
9.554628 1.131382 0.250334
9.560026 1.262842 0.248456
9.567968 1.339666 0.246296
9.548150 1.438140 0.247628
9.533926 1.547472 0.247826
9.518074 1.656660 0.247994
9.451324 1.659647 0.241918
9.483005 1.759429 0.252139
9.465972 1.868129 0.252438
9.477787 1.939827 0.247162
9.453562 2.037128 0.248686
9.432082 2.145321 0.248870
9.409039 2.253257 0.249025
9.390110 2.273821 0.253516
9.384952 2.360909 0.249204
9.358170 2.457213 0.250928
9.340078 2.548585 0.249557
9.320417 2.639739 0.248105
9.284970 2.742042 0.251444
9.260678 2.841489 0.249994
9.229461 2.958211 0.248509
9.191790 3.059490 0.252018
9.163998 3.147063 0.252190
9.128129 3.262478 0.250625
9.091659 3.366674 0.250755
9.056001 3.459840 0.252720
9.024024 3.545988 0.252877
8.977654 3.666074 0.253054
8.945527 3.755291 0.249462
8.899755 3.849544 0.257126
8.869702 3.931426 0.251544
8.825300 4.032449 0.251674
8.779678 4.132924 0.251800
8.736466 4.222635 0.253890
8.684802 4.332168 0.252043
8.631602 4.441011 0.250163
8.548973 4.463298 0.246605
8.572357 4.553443 0.252313
8.529218 4.636565 0.250350
8.494116 4.693456 0.258635
8.467357 4.747489 0.252527
8.422183 4.829581 0.250528
8.385597 4.891373 0.252667
8.343688 4.962696 0.252741
8.301594 5.027526 0.259137
8.272508 5.080759 0.252858
8.233629 5.145366 0.250792
8.169799 5.244134 0.253014
8.124780 5.313504 0.253078
8.084292 5.372498 0.255288
8.032715 5.450836 0.253207
7.959472 5.559071 0.251115
7.906336 5.631516 0.253350
7.874044 5.676170 0.253385
7.825071 5.742754 0.253436
7.748755 5.842289 0.254830
7.657119 5.952772 0.260200
7.605490 6.017107 0.260253
7.570721 6.059704 0.260287
7.518048 6.123158 0.260335
5.522961 7.850917 0.249367
5.464133 7.946846 0.255929
5.363293 7.954866 0.249352
5.332088 8.056841 0.251791
5.235097 8.043584 0.252812
5.172918 8.140664 0.253742
5.037837 8.152504 0.249291
4.960692 8.234582 0.248787
4.857599 8.259987 0.252602
4.745864 8.319925 0.252550
4.647614 8.360915 0.245854
4.552155 8.418367 0.252412
4.470354 8.451475 0.245863
4.356264 8.512035 0.252257
4.266035 8.551087 0.248998
4.142313 8.606564 0.248933
4.067685 8.638889 0.248892
3.967783 8.680983 0.248834
3.860264 8.725415 0.245733
3.766600 8.761529 0.248708
3.690715 8.790514 0.248658
3.639984 8.809430 0.248623
3.557023 8.842382 0.245645
3.461607 8.873179 0.248495
3.378296 8.888900 0.256948
3.352764 8.914279 0.245574
3.267288 8.943259 0.245570
3.153123 8.973728 0.248254
3.041769 8.987346 0.256267
2.945732 9.034544 0.248077
2.835649 9.072496 0.245353
2.728472 9.066271 0.255592
2.649808 9.084238 0.255416
2.549167 9.049793 0.243965
2.539093 9.148894 0.245231
2.474767 9.153646 0.247670
2.360332 9.143744 0.254749
2.254723 9.162984 0.254498
2.148954 9.180936 0.254242
2.051963 9.150726 0.243413
1.937002 9.212976 0.253717
1.830851 9.227065 0.253447
1.751179 9.236826 0.253242
1.671454 9.245783 0.253035
1.565098 9.256654 0.252754
1.445210 9.235487 0.242698
1.339309 9.245989 0.242565
1.245769 9.281558 0.251888
1.167381 9.251460 0.239207
1.047651 9.267774 0.242143
0.955495 9.266217 0.239029
0.874587 9.283257 0.244895
0.755945 9.281269 0.241780
0.637429 9.278982 0.238745
0.543756 9.284680 0.241475
0.437714 9.284508 0.241319
0.342116 9.289679 0.249235
0.266469 9.279685 0.238389
0.146453 9.276955 0.240833
0.054779 9.273248 0.238173
-0.026190 9.268015 0.243077
-0.144137 9.261271 0.240414
-0.262052 9.254298 0.237835
-0.354826 9.243519 0.240067
-0.459930 9.232793 0.239890
-0.552428 9.206842 0.246317
-0.682660 9.187167 0.245867
-0.760584 9.174386 0.245595
-0.864246 9.156333 0.245230
-0.951333 9.156545 0.240937
-1.065214 9.155034 0.236850
-1.151979 9.140605 0.236781
-1.199041 9.089372 0.244022
-1.250238 9.077943 0.243834
-1.326858 9.060204 0.243550
-1.449832 9.056912 0.239787
-1.549939 9.046704 0.237898
-1.631306 8.982768 0.242398
-1.706883 8.961800 0.242107
-1.832297 8.925309 0.241618
-1.931328 8.948341 0.237133
-1.956190 8.835418 0.231464
-2.006784 8.871286 0.240927
-2.130557 8.830499 0.240429
-2.204497 8.805234 0.240128
-2.254027 8.746154 0.230906
-2.315502 8.736536 0.233030
-2.424637 8.725515 0.239220
-2.486717 8.676484 0.232561
-2.548232 8.646667 0.230332
-2.651733 8.622053 0.234157
-2.738132 8.600568 0.237889
-2.777155 8.566637 0.231812
-2.854277 8.530188 0.229672
-2.928226 8.517953 0.237060
-2.949984 8.491284 0.229471
-3.039505 8.457227 0.231113
-3.133942 8.415424 0.230855
-3.251479 8.362229 0.230571
-3.344466 8.317494 0.230270
-3.390864 8.294996 0.230139
-3.460176 8.260724 0.229941
-3.544426 8.220329 0.228200
-3.575160 8.195642 0.234106
-3.643456 8.166553 0.229411
-3.727479 8.125770 0.227775
-3.776569 8.081395 0.233142
-3.848016 8.060128 0.227470
-3.964039 7.982351 0.229731
-4.046934 7.939703 0.228198
-4.139410 7.875420 0.229078
-4.254503 7.781402 0.230761
-4.330240 7.763343 0.227306
-4.443782 7.650396 0.229779
-4.547378 7.575687 0.229232
-4.627232 7.561985 0.226333
-4.650553 7.452090 0.222553
-4.730822 7.437622 0.228245
-4.850863 7.343013 0.227585
-4.949640 7.262795 0.227034
-5.051667 7.142410 0.221134
-5.124233 7.115016 0.226042
-5.162467 7.081599 0.225821
-5.200496 7.047976 0.225600
-5.275934 6.980120 0.225159
-5.313341 6.945889 0.224938
-6.820290 5.134852 0.214651
-6.872752 5.050063 0.214223
-6.949917 4.960115 0.213039
-6.975079 4.879105 0.213370
-7.027892 4.851214 0.212331
-7.048995 4.749439 0.212735
-7.190423 4.487021 0.211472
-7.257574 4.354188 0.210846
-7.322602 4.220440 0.210224
-7.343738 4.175633 0.210017
-7.385239 4.085708 0.209605
-7.448107 4.059176 0.209736
-7.445432 3.950017 0.208991
-7.484484 3.859151 0.208583
-7.558679 3.853922 0.209267
-7.540924 3.722078 0.207975
-7.568233 3.653225 0.207673
-7.612531 3.538065 0.207172
-7.638273 3.468699 0.206873
-7.679867 3.352684 0.206376
-7.719928 3.236212 0.205883
-7.758321 3.119266 0.205394
-7.780513 3.048869 0.205102
-7.816264 2.931223 0.204618
-7.836868 2.860424 0.204329
-7.856941 2.789498 0.204042
-7.888979 2.670966 0.203566
-7.919289 2.552061 0.203094
-7.948133 2.432859 0.202626
-7.964612 2.361179 0.202347
-7.990654 2.241457 0.201885
-8.010311 2.145481 0.201518
-8.033412 2.025281 0.201063
-8.046415 1.953037 0.200793
-8.058883 1.880720 0.200523
-8.074523 1.784172 0.200167
-8.069786 1.730907 0.195618
-8.089397 1.644903 0.197551
-8.105760 1.566494 0.199375
-8.113305 1.467505 0.196994
-8.121858 1.360620 0.194722
-8.137086 1.249006 0.195961
-8.143923 1.150543 0.194198
-8.154573 1.042151 0.194829
-8.161617 0.944974 0.194575
-8.167754 0.847765 0.194341
-8.172418 0.750490 0.194071
-8.176422 0.658016 0.194628
-8.178617 0.551101 0.192783
-8.180408 0.458613 0.193332
-8.181041 0.361323 0.193107
-8.180310 0.251449 0.192406
-8.177534 0.139258 0.193244
-8.174819 0.058306 0.193015
-8.171119 -0.049807 0.191747
-13.253014 -0.341064 0.366979
-13.243742 -0.458041 0.366574
-13.237015 -0.535958 0.366307
-13.226105 -0.652726 0.365910
-13.214378 -0.769381 0.365517
-13.206017 -0.847073 0.365257
-13.154016 -0.944366 0.369630
-13.156344 -1.041054 0.367816
-13.168497 -1.157216 0.364240
-13.158102 -1.234586 0.363991
-13.141698 -1.350499 0.363621
-13.124486 -1.466267 0.363255
-13.112472 -1.543346 0.363014
-13.100054 -1.620347 0.362775
-13.053723 -1.676391 0.368194
-13.040987 -1.753052 0.368055
-13.060387 -1.850867 0.362071
-13.046360 -1.927541 0.361840
-13.024519 -2.042377 0.361498
-13.001878 -2.157035 0.361160
-12.948152 -2.249180 0.367225
-12.962013 -2.347638 0.360608
-12.936978 -2.461731 0.360283
-12.919760 -2.537662 0.360069
-12.902143 -2.613492 0.359857
-12.855647 -2.666061 0.366481
-12.837511 -2.741504 0.366359
-12.846921 -2.840358 0.359234
-12.817929 -2.953416 0.358930
-12.745099 -3.059046 0.368284
-12.767772 -3.141326 0.358433
-12.736422 -3.253706 0.358142
-12.704290 -3.365849 0.357855
-12.644804 -3.452405 0.365293
-12.648656 -3.552111 0.357388
-12.614186 -3.663519 0.357115
-12.552667 -3.748422 0.364862
-12.554670 -3.848518 0.356670
-12.517878 -3.959150 0.356409
-12.454101 -4.042262 0.364452
-12.454504 -4.142817 0.355986
-12.415404 -4.252630 0.355738
-12.353392 -4.355373 0.361180
-12.334529 -4.471262 0.355259
-12.306809 -4.543849 0.355103
-12.264470 -4.652431 0.354874
-12.221372 -4.760711 0.354650
-12.150300 -4.838048 0.363432
-12.147528 -4.940357 0.354288
-12.102168 -5.047705 0.354077
-12.055872 -5.154652 0.353872
-12.008827 -5.261274 0.353671
-11.976967 -5.332135 0.353540
-11.928433 -5.438092 0.353348
-11.879157 -5.543710 0.353161
-11.828957 -5.648897 0.352979
-11.778020 -5.753735 0.352802
-11.726164 -5.858129 0.352631
-11.673576 -5.962165 0.352464
-11.638031 -6.031279 0.352356
-11.602121 -6.100209 0.352250
-11.565847 -6.168954 0.352146
-11.529212 -6.237512 0.352045
-11.473535 -6.339969 0.351898
-11.417136 -6.442044 0.351755
-11.359840 -6.543634 0.351618
-11.301826 -6.644831 0.351486
-11.242922 -6.745531 0.351359
-11.183307 -6.845828 0.351237
-11.122805 -6.945614 0.351121
-11.061599 -7.044989 0.351010
-11.020325 -7.110960 0.350938
-10.978700 -7.176722 0.350869
-10.936726 -7.242270 0.350803
-10.873067 -7.340165 0.350708
-1.331815 -13.772019 0.367820
-1.251170 -13.787901 0.368111
-1.170395 -13.803349 0.368405
-1.048974 -13.825651 0.368849
-0.927302 -13.847078 0.369298
-0.846022 -13.860780 0.369600
-0.764623 -13.874042 0.369905
-0.642287 -13.893053 0.370366
-0.519722 -13.911178 0.370831
-0.437862 -13.922670 0.371144
-0.355892 -13.933718 0.371459
-0.273815 -13.944320 0.371777
-0.150490 -13.959328 0.372258
-0.026962 -13.973438 0.372742
0.055521 -13.982245 0.373068
0.138101 -13.990602 0.373397
0.220775 -13.998505 0.373727
0.344967 -14.009453 0.374227
0.469335 -14.019493 0.374731
0.552361 -14.025578 0.375070
0.635469 -14.031206 0.375411
0.718656 -14.036375 0.375754
0.843591 -14.043211 0.376272
0.968674 -14.049127 0.376795
1.052156 -14.052456 0.377147
1.135707 -14.055321 0.377500
1.219323 -14.057722 0.377855
1.344872 -14.060397 0.378393
1.470540 -14.062139 0.378934
1.554393 -14.062677 0.379297
1.638299 -14.062748 0.379663
1.722257 -14.062350 0.380031
1.848288 -14.060815 0.380586
1.974408 -14.058337 0.381145
2.058542 -14.056057 0.381521
-11.859221 7.156593 0.401602
-11.910926 7.046428 0.400957
-11.944841 6.972788 0.400529
-11.978341 6.899002 0.400102
-12.011423 6.825072 0.399676
-12.044086 6.751001 0.399252
-12.076334 6.676792 0.398829
-12.108163 6.602446 0.398407
-12.139573 6.527966 0.397986
-12.170566 6.453353 0.397567
-12.216217 6.341176 0.396941
-12.261028 6.228745 0.396318
-12.290343 6.153626 0.395904
-12.333477 6.040707 0.395286
-12.375770 5.927552 0.394671
-12.403404 5.851962 0.394262
-12.444016 5.738353 0.393653
-12.444804 5.629154 0.391013
-12.509737 5.548499 0.392643
-12.535268 5.472369 0.392242
-12.556594 5.351272 0.390693
-12.609328 5.243378 0.391047
-12.657360 5.047727 0.389578
-12.702172 4.936735 0.389475
-12.719639 4.836921 0.388781
-12.751285 4.742428 0.388481
-12.776856 4.645852 0.388158
-12.811456 4.531479 0.387924
-12.833328 4.454855 0.387712
-12.859042 4.358564 0.387136
-12.885161 4.262555 0.387103
-12.916481 4.147368 0.386875
-12.937509 4.049857 0.386081
-12.973100 3.936216 0.386846
-12.973911 3.853479 0.384166
-12.990153 3.775608 0.383799
-13.025898 3.662191 0.384790
-13.064312 3.549413 0.386110
-13.050895 3.463595 0.382346
-13.071878 3.346386 0.381808
-13.092019 3.229089 0.381274
-13.138607 3.138686 0.384267
-13.152635 3.060601 0.384074
-13.135146 2.955037 0.380042
-13.152122 2.837461 0.379521
-13.162879 2.759037 0.379175
-13.178172 2.641344 0.378660
-13.192622 2.523601 0.378149
-13.249102 2.434004 0.382566
-13.210347 2.366529 0.377474
-13.222485 2.248675 0.376972
-13.233783 2.130790 0.376474
-13.240755 2.052183 0.376144
-13.247308 1.973566 0.375816
-13.256297 1.855625 0.375328
-13.264449 1.737673 0.374844
-13.269325 1.659034 0.374523
-13.275804 1.541077 0.374046
-13.281446 1.423125 0.373572
-13.284650 1.344497 0.373259
-13.287436 1.265877 0.372947
-13.290782 1.147965 0.372484
-13.293295 1.030079 0.372024
-13.294414 0.951508 0.371720
-13.295118 0.872954 0.371418
-13.295343 0.755162 0.370968
-13.294737 0.637415 0.370522
-13.293779 0.558949 0.370228
-13.291515 0.441305 0.369790
-13.288423 0.323720 0.369356
-13.285810 0.245373 0.369069
-13.282784 0.167061 0.368784
-13.277419 0.049666 0.368360
-13.266556 -0.145806 0.367663
-13.257381 -0.262909 0.367365
-2.025826 -1.647467 -0.010946
-1.519597 -2.120119 -0.011138
-1.215323 -2.316064 -0.011103
-1.020372 -2.416036 -0.011036
-0.747001 -2.527270 -0.010893
-0.438900 -2.616668 -0.010670
-0.372885 -2.631363 -0.010614
0.765176 -2.644723 -0.009247
0.840387 -2.629946 -0.009130
0.906933 -2.615166 -0.009023
1.128843 -2.553699 -0.008647
1.239316 -2.516023 -0.008447
1.447930 -2.431339 -0.008047
1.502298 -2.406129 -0.007938
1.654712 -2.327816 -0.007617
1.831683 -2.222568 -0.007220
1.945424 -2.145355 -0.006949
2.220172 -1.924111 -0.006234
2.307903 -1.841157 -0.005985
2.427231 -1.716348 -0.005625
2.651662 -1.434495 -0.004867
2.716303 -1.338708 -0.004624
2.771061 -1.250180 -0.004405
2.822940 -1.159852 -0.004187
2.873998 -1.062372 -0.003958
2.933465 -0.936614 -0.003669
3.015576 -0.731976 -0.003218
3.045439 -0.643945 -0.003031
3.105479 -0.431310 -0.002593
3.126443 -0.337573 -0.002406
3.144588 -0.243200 -0.002222
3.158114 -0.156836 -0.002058
3.173042 -0.035308 -0.001831
3.180828 0.051856 -0.001672
3.185987 0.145108 -0.001506
3.188350 0.270646 -0.001288
3.187247 0.349520 -0.001154
3.182779 0.445869 -0.000994
3.172695 0.568263 -0.000796
3.162482 0.655430 -0.000659
3.149475 0.742257 -0.000526
3.127080 0.863155 -0.000346
3.106075 0.957494 -0.000210
3.084065 1.042585 -0.000091
2.439160 2.231243 0.001160
2.136293 2.525666 0.001295
0.063220 3.215497 -0.000055
-0.032516 3.208338 -0.000184
-0.153874 3.194896 -0.000355
-0.231526 3.183735 -0.000469
-0.325888 3.167063 -0.000613
-0.445064 3.141601 -0.000802
-0.537870 3.118293 -0.000956
-0.629745 3.091794 -0.001113
-0.731633 3.058686 -0.001295
-0.859135 3.011460 -0.001531
-0.899370 2.995266 -0.001608
-0.947261 2.974939 -0.001701
-1.041819 2.931678 -0.001891
-1.160332 2.871869 -0.002139
-1.263470 2.814110 -0.002364
-1.349463 2.761479 -0.002559
-1.417158 2.717705 -0.002717
-1.474028 2.678531 -0.002853
-1.557493 2.617310 -0.003060
-1.598433 2.585692 -0.003164
-1.645423 2.547868 -0.003287
-1.760222 2.448111 -0.003598
-1.859794 2.353156 -0.003883
-1.956483 2.251497 -0.004175
-2.055696 2.136888 -0.004493
-2.121339 2.054003 -0.004715
-2.172240 1.985098 -0.004895
-2.221092 1.914796 -0.005076
-2.272262 1.835825 -0.005273
-2.334011 1.733315 -0.005525
-2.383292 1.643454 -0.005739
-3.194519 -0.273362 0.008261
-3.179125 -0.361349 0.008124
-3.176076 -0.449189 0.014501
-2.691081 -1.597218 0.006555
-2.496907 -1.871505 0.006319
-2.396600 -1.993811 0.006232
-2.358725 -2.054206 0.010538
-2.267597 -2.159974 0.012652
-2.155764 -2.262365 0.010434
-2.061902 -2.362540 0.014747
-1.988929 -2.396304 0.006045
-1.948049 -2.450339 0.012557
-1.865281 -2.495094 0.006030
-1.841909 -2.532208 0.012551
-1.755923 -2.587683 0.010380
-1.649545 -2.664674 0.012570
-1.588263 -2.685908 0.006051
-1.543734 -2.729764 0.012594
-1.466153 -2.774348 0.012617
-1.399608 -2.794857 0.006102
-1.365550 -2.833375 0.014834
-1.270202 -2.870559 0.010515
-1.156828 -2.924175 0.011445
-1.046656 -2.969886 0.011508
-0.845959 -3.040439 0.010771
-0.756350 -3.071969 0.013025
-0.654103 -3.090161 0.006548
-0.348493 -3.165369 0.013398
-0.271288 -3.175003 0.011288
-0.172490 -3.188167 0.011394
-0.047074 -3.196688 0.007149
3.649439 0.838663 0.025825
3.537971 1.246502 0.028624
3.449945 1.549583 0.026829
3.250101 1.966714 0.027309
3.191565 2.163293 0.020934
2.977225 2.475054 0.029030
2.789959 2.685696 0.026571
2.656808 2.740333 0.027903
2.530532 2.835554 0.030118
2.482359 2.978546 0.029347
2.353988 3.076118 0.026737
2.162803 3.142906 0.027968
2.052053 3.284879 0.029387
1.865273 3.390589 0.029360
1.654518 3.484623 0.025285
1.446514 3.568551 0.025179
1.249770 3.652296 0.033145
1.161156 3.662779 0.026342
0.752903 3.760159 0.030359
0.645655 3.778148 0.031359
-0.362255 3.747954 0.027434
-2.262816 2.676488 0.024555
-2.364198 2.570978 0.023141
-2.467336 2.452127 0.021920
-2.551899 2.349012 0.019008
-2.662784 2.190736 0.019887
-2.756743 2.040936 0.020803
-2.866475 1.844104 0.019000
-2.955832 1.656318 0.016369
-3.037351 1.451229 0.015896
-3.068929 1.363699 0.017875
-3.865118 -0.156216 0.043388
-3.858520 -0.246645 0.047151
-3.849674 -0.342700 0.043383
-3.538865 -1.531914 0.049389
-3.447886 -1.646739 0.043886
-3.446445 -1.743687 0.049757
-3.333935 -1.829636 0.040134
-3.249827 -1.955526 0.041262
-3.259331 -2.037420 0.048129
-3.145989 -2.136915 0.041954
-3.044014 -2.250180 0.040511
-3.030996 -2.355868 0.048795
-2.945682 -2.361713 0.036293
-2.849281 -2.452783 0.040974
-2.841492 -2.529741 0.042095
-2.746141 -2.559927 0.039790
-2.750414 -2.655552 0.047804
-2.671569 -2.659765 0.038845
-2.645087 -2.745131 0.043082
-2.557509 -2.755523 0.041961
-2.540707 -2.837639 0.045178
-2.455412 -2.848766 0.039171
-2.358231 -2.946356 0.037174
-2.235454 -3.041853 0.035390
-2.174051 -3.063252 0.039385
-2.137671 -3.128076 0.042972
-2.050880 -3.156703 0.037213
-1.962124 -3.238728 0.039862
-1.862876 -3.255871 0.039754
-1.824024 -3.342847 0.043786
-1.759604 -3.347014 0.038456
-1.649093 -3.433189 0.039510
-1.537320 -3.448883 0.038960
-1.438576 -3.530868 0.043620
-1.353079 -3.542979 0.038489
-1.154233 -3.637890 0.041828
-1.045713 -3.659878 0.037242
-0.857923 -3.740619 0.037284
-0.755125 -3.744552 0.041151
-0.656693 -3.762553 0.038731
-0.451487 -3.846808 0.042333
-0.257172 -3.838858 0.040786
-0.145153 -3.837875 0.039277
-0.062825 -3.856017 0.036885
0.041432 -3.854033 0.039173
0.159662 -3.857596 0.039266
0.262682 -3.855686 0.041026
0.344677 -3.858154 0.038083
0.455447 -3.851556 0.039524
0.563531 -3.851940 0.041385
0.644393 -3.850442 0.041396
0.750798 -3.851964 0.043149
0.855702 -3.871779 0.046936
0.943738 -3.860702 0.048453
1.060430 -3.854120 0.046793
1.242199 -3.748054 0.043381
1.344244 -3.765005 0.047335
1.543930 -3.671265 0.045886
1.639490 -3.669261 0.045528
1.749239 -3.658174 0.049478
1.835188 -3.556052 0.047648
1.943599 -3.554207 0.049696
2.071240 -3.457872 0.049256
2.152919 -3.459298 0.051577
2.247043 -3.369674 0.049999
2.349587 -3.352694 0.049224
2.457821 -3.264943 0.050460
2.542434 -3.251411 0.052854
2.659481 -3.150974 0.049120
2.737385 -3.136986 0.060407
2.768708 -3.058067 0.050056
2.843790 -3.042069 0.056465
2.941762 -2.954669 0.052393
3.053711 -2.849257 0.052483
3.165813 -2.750425 0.055485
3.212493 -2.719516 0.053591
3.255160 -2.661269 0.057076
3.345582 -2.558509 0.054733
3.404577 -2.505468 0.044503
3.444953 -2.450483 0.057354
3.461948 -2.369252 0.054904
3.539352 -2.340369 0.054445
3.558503 -2.254418 0.057636
3.619104 -2.232336 0.052589
3.658514 -2.147268 0.056268
3.707206 -2.120942 0.056139
3.746840 -2.045201 0.056360
3.824100 -1.928745 0.058300
3.861807 -1.850208 0.055381
3.929437 -1.739009 0.053415
3.949264 -1.652527 0.059212
4.007569 -1.638908 0.040303
4.025227 -1.550069 0.056657
4.057361 -1.452246 0.059595
4.130807 -1.344274 0.050127
4.142807 -1.253312 0.059623
4.260141 -1.259947 0.051393
4.215852 -1.174607 0.041476
4.230710 -1.047694 0.053476
4.240460 -0.940720 0.061848
4.348682 -0.942996 0.049530
4.318497 -0.867598 0.042201
4.334433 -0.752817 0.046703
4.346330 -0.646440 0.053606
4.343403 -0.549248 0.057805
4.415868 -0.458975 0.043111
4.431786 -0.368696 0.043304
4.446710 -0.269752 0.043512
4.438258 -0.154153 0.048787
4.431823 -0.052687 0.052337
4.457730 0.033689 0.048314
4.452866 0.148042 0.050622
4.464499 0.743654 0.045449
4.454675 0.831128 0.045600
4.460382 0.951097 0.050546
4.443534 1.050801 0.050704
4.437052 1.142045 0.053213
4.358110 1.234291 0.050401
4.359275 1.338092 0.046420
4.350854 1.464487 0.052267
4.339869 1.557124 0.056164
4.265481 1.656469 0.046887
4.247189 1.766828 0.051741
4.163341 1.856106 0.051297
4.171890 1.955431 0.051985
4.158404 2.033430 0.056779
4.035605 2.063924 0.056739
4.053314 2.169253 0.047552
4.039074 2.258062 0.054698
3.951731 2.276221 0.053891
3.961547 2.344548 0.047752
3.937075 2.452544 0.056323
3.839271 2.445581 0.056156
3.858303 2.554524 0.052672
3.758337 2.625087 0.052193
3.759545 2.734805 0.057554
3.646587 2.737365 0.056459
3.665426 2.849579 0.055307
3.555155 2.948337 0.048311
3.472426 3.067786 0.051942
3.435648 3.149120 0.059103
3.362165 3.171274 0.048457
3.344391 3.247398 0.059178
3.242706 3.248303 0.053524
3.155358 3.341553 0.052736
3.148129 3.428784 0.057157
3.044184 3.443420 0.052780
2.950938 3.557296 0.048599
2.862897 3.662717 0.055828
2.777780 3.660109 0.052835
2.761173 3.738880 0.055843
2.668466 3.769873 0.048597
2.629630 3.842199 0.058283
2.557563 3.866518 0.053430
2.454944 3.850220 0.057090
2.448417 3.962950 0.059516
2.335853 3.956128 0.051728
2.257886 4.065164 0.058287
2.046501 4.147227 0.053315
1.834426 4.262212 0.058194
1.229083 4.441703 0.055372
0.636667 4.474427 0.053846
0.560220 4.444907 0.061846
-0.045133 4.456756 0.060971
-0.151098 4.455875 0.058372
-0.252513 4.453091 0.055123
-0.742927 4.357046 0.056387
-1.061824 4.251279 0.060131
-1.547292 4.062127 0.061341
-2.551933 3.437601 0.056761
-2.555243 3.361756 0.056519
-2.640690 3.356569 0.055062
-2.654507 3.254889 0.056850
-2.751410 3.238501 0.051954
-2.757072 3.148256 0.054249
-2.853201 3.151007 0.055130
-2.856564 3.058874 0.053740
-2.939703 3.049605 0.055031
-2.966323 2.950523 0.053187
-3.054925 2.937267 0.057750
-3.051146 2.859001 0.051383
-3.147393 2.748990 0.049742
-3.149662 2.635998 0.053035
-3.249773 2.648084 0.053359
-3.260968 2.549867 0.051352
-3.338268 2.449882 0.048563
-3.356077 2.352251 0.048821
-3.442484 2.264062 0.052238
-3.448066 2.148248 0.054024
-3.548167 1.948790 0.050276
-3.638600 1.848492 0.050877
-3.666669 1.738746 0.052315
-3.647496 1.660776 0.050594
-3.744441 1.651613 0.052815
-3.742901 1.557295 0.051743
-3.749433 1.455056 0.044172
-3.754726 1.356121 0.047239
-3.854246 1.256169 0.054977
-3.835333 1.168325 0.043028
-3.844430 1.050562 0.050378
-3.847190 0.951657 0.046611
-3.854040 0.862559 0.042115
-3.853999 0.748701 0.045943
-3.946278 0.654596 0.050396
-3.929986 0.550274 0.046468
-3.926598 0.456457 0.045463
-3.931376 0.345984 0.052153
-3.927533 0.260496 0.044767
-3.930063 0.154217 0.048705
-3.930137 0.043030 0.051877
-4.861527 -0.057645 0.075275
-4.847940 -0.136064 0.078308
-4.844369 -0.252945 0.077762
-4.832151 -0.361050 0.074857
-4.818694 -0.439176 0.077725
-4.817860 -0.523665 0.072168
-4.754844 -0.567307 0.083282
-4.771921 -0.662172 0.073407
-4.767910 -0.736945 0.077425
-4.743521 -0.851295 0.077310
-4.724011 -0.957601 0.076798
-4.653886 -0.953636 0.076728
-4.654238 -1.042126 0.083139
-4.661944 -1.151221 0.077387
-4.640673 -1.240989 0.073760
-4.621120 -1.316153 0.076408
-4.553024 -1.351320 0.080601
-4.562840 -1.456276 0.077157
-4.536724 -1.549720 0.079556
-4.452542 -1.639848 0.076860
-4.454302 -1.749193 0.078332
-4.370172 -1.855574 0.075097
-4.361246 -1.955255 0.081618
-4.328933 -2.024832 0.075765
-4.264490 -2.049381 0.076667
-4.251234 -2.155103 0.074146
-4.178706 -2.245883 0.061487
-4.139552 -2.357398 0.076135
-4.049427 -2.353134 0.077960
-4.078278 -2.456645 0.076075
-4.025783 -2.545923 0.081422
-3.933938 -2.558634 0.077757
-3.938042 -2.666652 0.075982
-3.852533 -2.652189 0.077838
-3.864747 -2.761388 0.076500
-3.771581 -2.858406 0.077761
-2.064878 -4.270708 0.077214
-1.845562 -4.366547 0.076237
-1.656860 -4.468170 0.079462
-1.588774 -4.460596 0.080204
-1.238253 -4.615547 0.075673
-1.156098 -4.640438 0.072842
-1.065970 -4.658016 0.080739
-0.969290 -4.684216 0.077735
-0.753651 -4.734114 0.076499
-0.639921 -4.757570 0.073329
-0.537492 -4.768318 0.080323
-0.459451 -4.783480 0.075564
0.140363 -4.828318 0.078012
0.241425 -4.829512 0.077041
0.349904 -4.842618 0.068673
1.154435 -4.753631 0.075531
1.230690 -4.753303 0.070022
1.648773 -4.655513 0.070761
1.736428 -4.642342 0.069317
1.948190 -4.549278 0.072935
2.038335 -4.544432 0.069937
2.251616 -4.446816 0.071959
2.334230 -4.459505 0.067464
2.459629 -4.338107 0.073966
2.554141 -4.362476 0.068017
2.635476 -4.323334 0.068228
2.669346 -4.250688 0.072897
2.756291 -4.261965 0.068548
2.851303 -4.236515 0.073051
2.928235 -4.167943 0.069017
3.049163 -4.149558 0.078780
3.071074 -4.083245 0.069421
3.168032 -4.038600 0.072808
3.261625 -3.960255 0.069979
3.337745 -3.937603 0.076330
4.663860 -2.547008 0.080486
4.735435 -2.437233 0.078991
4.767923 -2.374393 0.082671
4.804187 -2.317858 0.081059
4.854764 -2.239457 0.078664
4.908331 -2.129486 0.081529
4.949363 -2.056644 0.080699
5.026339 -1.927970 0.076976
5.049554 -1.832294 0.083258
5.081068 -1.768444 0.082398
5.129643 -1.703210 0.077602
5.134664 -1.640407 0.082702
5.171340 -1.565772 0.081238
5.200123 -1.531292 0.078067
5.233000 -1.444304 0.078298
5.233192 -1.348694 0.084970
5.269403 -1.262567 0.083550
5.304000 -1.239057 0.078831
5.322702 -1.179827 0.078983
5.342001 -1.046844 0.082451
5.368509 -0.946863 0.082685
5.412966 -0.849966 0.079802
5.433748 -0.758897 0.080022
5.454983 -0.657246 0.080263
5.441623 -0.540736 0.085082
5.455798 -0.448839 0.085267
5.535135 -0.363032 0.084526
5.521098 -0.236115 0.081230
5.531082 -0.142915 0.081437
5.539206 -0.049483 0.081641
5.545838 0.044107 0.081843
5.550599 0.137861 0.082042
5.554446 0.263030 0.082304
5.555451 0.356995 0.082498
5.554892 0.435337 0.082657
5.552092 0.545029 0.082876
5.548007 0.639033 0.083062
5.542034 0.732980 0.083244
5.561067 0.862819 0.088498
5.559598 0.958707 0.090320
5.528389 1.049095 0.087150
5.494632 1.154266 0.084028
5.476683 1.262849 0.084221
5.459564 1.355651 0.084383
5.463255 1.455222 0.089461
5.446352 1.560411 0.091256
5.422345 1.624459 0.089723
5.394042 1.647385 0.084874
5.365618 1.753902 0.085045
5.355639 1.860404 0.090083
5.323393 1.940654 0.088581
5.272198 2.054868 0.085510
5.261041 2.155507 0.092136
5.227557 2.226651 0.090618
5.190283 2.276767 0.085831
5.169545 2.355759 0.089181
5.142479 2.450386 0.093363
5.098278 2.494819 0.086128
5.076690 2.575526 0.091102
5.033703 2.653253 0.089583
4.980744 2.766777 0.091356
4.928690 2.858403 0.090494
4.864003 2.969308 0.089979
4.836925 3.029915 0.093328
4.788810 3.080945 0.086827
4.753568 3.157032 0.091842
4.678090 3.253941 0.087002
4.633724 3.319321 0.087064
4.597503 3.371126 0.087111
4.541944 3.447966 0.087179
3.007054 4.838609 0.087545
2.948871 4.885873 0.095206
2.855555 4.937385 0.094460
2.769939 4.981709 0.093301
2.726776 5.007810 0.095266
2.644383 5.042308 0.091328
2.578120 5.074497 0.091309
2.514906 5.107967 0.093297
2.450075 5.137432 0.093304
2.357294 5.173598 0.091248
2.246951 5.153702 0.091583
2.251379 5.227504 0.096350
2.150454 5.260152 0.093250
2.036717 5.287150 0.086897
1.961817 5.334016 0.096377
1.851691 5.362016 0.093164
1.752911 5.385904 0.090942
1.643888 5.429672 0.096369
1.547670 5.445853 0.093042
1.437466 5.465398 0.090742
1.339671 5.473432 0.086154
1.247126 5.461381 0.089276
1.146425 5.527580 0.092830
1.060833 5.540847 0.092783
0.962516 5.546989 0.090366
0.850248 5.567250 0.092627
0.772096 5.574866 0.092560
0.657132 5.559582 0.085230
0.532366 5.565536 0.085041
0.444931 5.534221 0.090076
0.351903 5.536208 0.089967
0.261287 5.526209 0.091608
0.158272 5.535542 0.089739
0.060026 5.541844 0.087831
-0.043322 5.535611 0.087669
-0.152274 5.545072 0.083895
-0.245002 5.535237 0.083725
-0.355028 5.557193 0.091528
-0.444012 5.557916 0.094126
-0.542454 5.471420 0.088761
-0.656660 5.452065 0.088591
-0.747649 5.434851 0.088455
-0.839041 5.420777 0.086378
-0.954662 5.448717 0.090819
-0.962798 5.381629 0.090032
-1.063146 5.361169 0.087931
-1.141770 5.335342 0.089758
-1.218904 5.317351 0.087666
-1.339742 5.357316 0.093236
-1.338423 5.276522 0.089439
-1.438573 5.245988 0.087263
-1.525522 5.214971 0.087101
-1.583136 5.193395 0.086992
-1.657184 5.163277 0.088907
-1.737694 5.132763 0.084634
-1.845943 5.085024 0.086479
-1.940553 5.041616 0.085026
-2.053347 4.986329 0.083928
-2.143610 4.940104 0.084570
-2.257713 4.879762 0.085607
-2.348199 4.831192 0.087573
-2.384846 4.796975 0.078767
-2.456073 4.758120 0.081859
-2.532156 4.720929 0.087192
-2.590033 4.664219 0.078165
-2.663479 4.633229 0.086003
-2.690099 4.594376 0.077861
-2.761117 4.567950 0.086669
-2.838745 4.515962 0.087633
-2.860911 4.466695 0.077325
-2.948802 4.433357 0.087377
-2.956100 4.390842 0.077017
-4.143782 2.942320 0.079502
-4.237866 2.843796 0.071790
-4.246768 2.770287 0.078311
-4.359994 2.760641 0.081802
-4.334623 2.634516 0.074013
-4.361322 2.557810 0.076635
-4.415874 2.456566 0.074487
-4.459883 2.350631 0.074971
-4.520224 2.234539 0.070090
-4.533309 2.163179 0.075653
-4.566474 2.058665 0.078290
-4.615953 1.940061 0.073961
-4.641212 1.855446 0.074919
-4.666820 1.736392 0.077221
-4.779034 1.258632 0.077363
-4.864795 0.456730 0.078803
-4.867748 0.339498 0.078653
-4.873219 0.239079 0.078280
-4.862880 0.153183 0.078631
-4.863016 0.041652 0.078308
-6.308869 -0.071147 0.115012
-6.303819 -0.137151 0.114805
-6.279959 -0.248872 0.117792
-6.265162 -0.332542 0.119253
-6.252481 -0.444729 0.119049
-6.244643 -0.548191 0.117225
-6.220429 -0.639509 0.120343
-6.225540 -0.736074 0.113578
-6.204967 -0.847295 0.113362
-6.169543 -0.935555 0.119852
-6.150973 -1.046907 0.118003
-6.132403 -1.153895 0.115302
-6.110756 -1.220764 0.117711
-6.080840 -1.338975 0.117524
-6.050635 -1.455462 0.116319
-6.020151 -1.562722 0.115467
-5.987801 -1.650131 0.118738
-5.958348 -1.744482 0.117917
-5.887191 -1.945709 0.118310
-5.796301 -2.182234 0.116252
-5.717941 -2.361941 0.117739
-5.639397 -2.532515 0.115780
-5.606744 -2.602110 0.110475
-5.529507 -2.749617 0.115504
-5.418326 -2.951016 0.117003
-5.281371 -3.178779 0.115002
-5.234404 -3.252497 0.115967
-5.169655 -3.349923 0.113774
-5.116390 -3.428397 0.114737
-5.084219 -3.474375 0.114692
-5.035161 -3.542757 0.114625
-4.999143 -3.589445 0.109369
-4.954272 -3.649341 0.109318
-4.908743 -3.708736 0.109269
-4.862507 -3.767579 0.109222
-3.358870 -5.162999 0.108896
-3.258674 -5.223522 0.113772
-3.163761 -5.283639 0.113785
-3.115928 -5.313180 0.113799
-2.940698 -5.418950 0.112254
-2.856447 -5.463193 0.113863
-2.757433 -5.516392 0.113890
-2.660408 -5.562712 0.115472
-2.615262 -5.600842 0.109315
-2.553756 -5.623274 0.112430
-2.463545 -5.659556 0.114929
-2.343799 -5.730615 0.109537
-2.253543 -5.748036 0.116374
-2.136384 -5.820092 0.109729
-2.066589 -5.825830 0.115708
-1.970031 -5.868030 0.114289
-1.925936 -5.902740 0.109943
-1.837393 -5.921807 0.112925
-1.730575 -5.958587 0.113026
-1.665079 -5.965638 0.115932
-1.640914 -6.001945 0.110261
-1.550881 -6.030331 0.110368
-1.451845 -6.036056 0.114669
-1.351844 -6.068504 0.113936
-1.241691 -6.117534 0.110760
-1.149924 -6.140460 0.110884
-1.049904 -6.135376 0.115040
-0.948421 -6.156411 0.115144
-0.853926 -6.205106 0.111302
-0.760752 -6.222527 0.111441
-0.629876 -6.244925 0.111640
-0.536071 -6.259331 0.111787
-0.444598 -6.247642 0.114426
-0.323817 -6.249169 0.115826
-0.243934 -6.269512 0.114698
-0.158567 -6.303624 0.112409
-0.025747 -6.314249 0.112639
0.069310 -6.320213 0.112808
0.145461 -6.323897 0.112945
0.259808 -6.327980 0.113155
0.374284 -6.330242 0.113369
0.450671 -6.330497 0.113515
0.527085 -6.330106 0.113663
0.622647 -6.328246 0.113850
0.756469 -6.323333 0.114118
0.832942 -6.319491 0.114273
0.928516 -6.313310 0.114471
1.045929 -6.334819 0.118800
1.138635 -6.295032 0.114916
1.253098 -6.282211 0.115164
1.348384 -6.270140 0.115375
1.462568 -6.253810 0.115631
1.557573 -6.238738 0.115848
1.656101 -6.246473 0.119806
1.754512 -6.250778 0.123657
1.784894 -6.196966 0.116380
1.879275 -6.177230 0.116606
1.973441 -6.156195 0.116835
2.070932 -6.153319 0.120559
2.165161 -6.132143 0.121424
2.273036 -6.079720 0.117585
2.366045 -6.052964 0.117825
2.472296 -6.044559 0.122973
2.569520 -5.989464 0.118361
2.649357 -5.972623 0.120917
2.764995 -5.940133 0.123489
2.862262 -5.885520 0.119161
2.945596 -5.867966 0.123823
3.056140 -5.824509 0.125455
3.141814 -5.782197 0.124182
3.249863 -5.730628 0.123587
3.361832 -5.677583 0.124630
3.430648 -5.644201 0.126087
3.509261 -5.601678 0.124926
3.561090 -5.574346 0.125053
3.654043 -5.522588 0.125989
3.748249 -5.468832 0.125440
3.832335 -5.418981 0.125627
3.948752 -5.345314 0.126577
4.016592 -5.315141 0.122685
4.059550 -5.280264 0.125050
4.132813 -5.241605 0.123077
4.247617 -5.165601 0.123472
4.312660 -5.121231 0.123699
4.377166 -5.075986 0.123926
4.409235 -5.053073 0.124041
5.958177 -3.566083 0.134984
5.985717 -3.466584 0.130710
6.042652 -3.446815 0.135829
6.067240 -3.374608 0.133244
6.159040 -3.241649 0.134674
6.176154 -3.183342 0.131727
6.236444 -3.123239 0.136015
6.277597 -3.042909 0.135211
6.324571 -2.948771 0.133998
6.370858 -2.868589 0.134716
6.402803 -2.812845 0.135795
6.439337 -2.744327 0.136876
6.484294 -2.650664 0.136200
6.540614 -2.532511 0.135630
6.573714 -2.458559 0.136664
6.646783 -2.446946 0.140208
6.622707 -2.340210 0.137744
6.657254 -2.263657 0.137129
6.713189 -2.139301 0.136295
6.745547 -2.037737 0.137666
6.779093 -1.960386 0.137129
6.824321 -1.833117 0.137460
6.845083 -1.750940 0.138347
6.862604 -1.668042 0.139175
6.941666 -1.642647 0.141794
6.959410 -1.584066 0.141927
6.937352 -1.471839 0.138369
7.047468 -1.247775 0.142576
7.057792 -1.145168 0.140425
7.173472 -0.534008 0.143059
7.183397 -0.447102 0.142693
7.185574 -0.378466 0.140110
7.197456 -0.276665 0.140367
7.212459 -0.147631 0.143287
7.220466 -0.041899 0.144790
7.225071 0.050417 0.144958
7.227915 0.142837 0.145111
7.229876 0.255845 0.145299
7.229970 0.348339 0.145451
7.232125 0.454565 0.144472
7.223529 0.536769 0.146925
7.222461 0.646388 0.145947
7.221519 0.756135 0.145025
7.225101 0.873108 0.143063
7.257597 0.972512 0.150076
7.248078 1.065506 0.150217
7.237452 1.158387 0.150357
7.166279 1.261159 0.146950
7.160866 1.357223 0.146095
7.131246 1.436743 0.148228
7.137479 1.537950 0.145930
7.152570 1.644321 0.148964
7.143865 1.760636 0.152565
7.055397 1.869317 0.147901
7.051157 1.938450 0.147085
7.060734 2.063469 0.149442
7.038199 2.177339 0.151605
6.942061 2.252338 0.149359
6.966817 2.357033 0.145980
6.962730 2.449937 0.153936
6.920997 2.542136 0.150174
6.880648 2.660191 0.150347
6.846683 2.759310 0.151258
6.757463 2.834885 0.149292
6.772821 2.955217 0.152670
6.724743 3.070507 0.152825
6.669894 3.175815 0.147293
6.643869 3.251183 0.153054
6.636749 3.347254 0.158195
6.590346 3.364166 0.153196
6.558217 3.431251 0.154402
6.542573 3.534448 0.158390
6.476993 3.587067 0.153468
6.437317 3.660390 0.153556
6.389264 3.745934 0.151793
6.334563 3.841731 0.153769
6.270305 3.949033 0.153891
6.232842 4.054169 0.159077
6.181738 4.090341 0.154049
6.131378 4.166622 0.155250
6.071926 4.255179 0.154228
6.018470 4.332253 0.154309
5.994320 4.366244 0.154345
5.948026 4.436617 0.148808
5.873791 4.537013 0.148896
5.784898 4.652425 0.148991
4.086543 6.176680 0.155667
4.044574 6.254479 0.162739
3.960231 6.253551 0.157863
3.891703 6.296783 0.155705
3.837881 6.328354 0.155710
3.756626 6.374733 0.155709
3.656554 6.430137 0.155719
3.564775 6.478821 0.155706
3.453736 6.535572 0.155702
3.351527 6.585378 0.158011
3.257358 6.629925 0.157091
3.148917 6.679319 0.159224
3.066760 6.713932 0.153281
2.961792 6.757966 0.155635
2.865360 6.796312 0.155613
2.847282 6.837118 0.160369
2.748909 6.840548 0.155599
2.641816 6.880029 0.157058
2.523216 6.916802 0.152992
2.438660 6.948958 0.158038
2.345465 6.973258 0.153909
2.264931 6.988778 0.147615
2.156416 7.029036 0.155388
2.066621 7.056599 0.158001
1.950251 7.074094 0.151231
1.844099 7.090306 0.147041
1.736678 7.122413 0.152393
1.652223 7.144659 0.155116
1.550450 7.163569 0.155076
1.438823 7.161757 0.146429
1.357384 7.173075 0.146299
1.250331 7.158468 0.149868
1.164127 7.141663 0.153576
1.059347 7.231794 0.154756
0.936028 7.243347 0.154667
0.837809 7.240877 0.151509
0.746309 7.266478 0.157579
0.637588 7.261967 0.154425
0.544808 7.265418 0.154359
0.457806 7.232097 0.144710
0.355572 7.231134 0.144512
0.273834 7.229453 0.144351
0.171766 7.225785 0.144147
0.049451 7.219398 0.143898
-0.065580 7.240520 0.150399
-0.161441 7.264014 0.157090
-0.258074 7.181699 0.148057
-0.341971 7.162353 0.152806
-0.433420 7.162622 0.147796
-0.542533 7.144081 0.150133
-0.663310 7.127122 0.149999
-0.743537 7.114216 0.149883
-0.818191 7.109822 0.141983
-0.863649 7.093717 0.149743
-0.952855 7.076768 0.151276
-1.043211 7.059829 0.149575
-1.162180 7.034076 0.149427
-1.271300 7.007670 0.146476
-1.378886 6.981489 0.149149
-1.440894 6.962683 0.146173
-1.538556 6.940422 0.151846
-1.612977 6.916192 0.148834
-1.640682 6.897441 0.139917
-1.737823 6.873287 0.145652
-1.835772 6.850347 0.151547
-1.938301 6.816283 0.151464
-1.944812 6.790199 0.139088
-2.062036 6.760958 0.146294
-2.155147 6.721783 0.144856
-2.242830 6.668941 0.138238
-2.360874 6.639348 0.145752
-2.443826 6.577614 0.137643
-2.556272 6.557953 0.147410
-2.634990 6.451905 0.142688
-2.752704 6.448499 0.143602
-3.167754 6.144618 0.145488
-3.269585 6.082767 0.145296
-3.426878 6.006489 0.134445
-3.568132 5.886878 0.144705
-3.929344 5.619126 0.132591
-4.048772 5.515415 0.132124
-5.387855 3.887609 0.125814
-5.426939 3.820435 0.125585
-5.443640 3.750883 0.135697
-5.521075 3.633800 0.130196
-5.567768 3.540702 0.132589
-5.623834 3.440104 0.129669
-5.714474 3.254943 0.129163
-5.883287 2.865607 0.128142
-5.990336 2.576771 0.127410
-6.039234 2.443620 0.129991
-6.068944 2.352142 0.129797
-6.080627 2.257568 0.120739
-6.128410 2.149335 0.129335
-6.160592 2.046163 0.130907
-6.151772 1.979053 0.119962
-6.180782 1.848272 0.119606
-6.153090 1.752562 0.123527
-6.235947 1.663050 0.125240
-6.256466 1.550133 0.124969
-6.249613 1.472456 0.118610
-6.265960 1.359183 0.118318
-6.254034 1.247636 0.120944
-6.239400 1.162270 0.123685
-6.251523 1.062439 0.123490
-6.349308 1.059623 0.130198
-6.349324 0.935082 0.126793
-6.356538 0.849318 0.126627
-6.320427 0.771824 0.116863
-6.325570 0.638970 0.116548
-6.327435 0.563061 0.116370
-6.328454 0.468200 0.116150
-6.327957 0.354426 0.115889
-6.326113 0.259683 0.115675
-6.322894 0.165027 0.115463
-6.317321 0.051572 0.115213
-8.820439 -0.197225 0.201566
-8.815624 -0.249492 0.201433
-8.810525 -0.301719 0.201301
-8.780426 -0.445912 0.212069
-8.774023 -0.554010 0.208152
-8.758646 -0.653808 0.211699
-8.744067 -0.753469 0.215307
-8.735816 -0.835199 0.211382
-8.735712 -0.873099 0.199902
-8.722833 -0.950504 0.199720
-8.704729 -1.053511 0.199479
-8.680565 -1.181922 0.199183
-8.665176 -1.258757 0.199008
-8.643735 -1.360976 0.198778
-8.626963 -1.437462 0.198607
-8.603589 -1.539176 0.198383
-8.591491 -1.589919 0.198273
-8.572795 -1.665879 0.198109
-8.546957 -1.766893 0.197893
-8.513163 -1.892709 0.197628
-8.492018 -1.967927 0.197471
-8.462924 -2.067925 0.197266
-8.432755 -2.167563 0.197065
-8.409457 -2.242061 0.196916
-8.393569 -2.291600 0.196818
-8.369204 -2.365717 0.196673
-8.327356 -2.488786 0.196436
-8.310143 -2.537833 0.196343
-8.292663 -2.586777 0.196250
-8.265918 -2.659986 0.196114
-8.229386 -2.757244 0.195935
-8.201334 -2.829919 0.195803
-8.182285 -2.878222 0.195716
-8.162978 -2.926414 0.195630
-8.113546 -3.046383 0.195420
-8.072869 -3.141850 0.195257
-8.041720 -3.213156 0.195136
-7.988448 -3.331356 0.194941
-7.933574 -3.448774 0.194751
-7.877232 -3.565456 0.194567
-7.842676 -3.635079 0.194460
-7.783758 -3.750416 0.194287
-7.735537 -3.842096 0.194152
-7.686333 -3.933229 0.194021
-7.636153 -4.023807 0.193895
-7.559066 -4.158611 0.193712
-7.519740 -4.225545 0.193624
-7.452921 -4.336317 0.193483
-7.412165 -4.402363 0.193401
-7.370819 -4.468031 0.193321
-7.314907 -4.555077 0.193219
-7.243735 -4.663031 0.193096
-7.214849 -4.705928 0.193049
-7.185732 -4.748668 0.193003
-7.126811 -4.833663 0.192913
-7.097007 -4.875917 0.192870
-7.066976 -4.918008 0.192828
-7.006235 -5.001695 0.192746
-6.960062 -5.064000 0.192688
-6.913441 -5.125969 0.192632
-6.882064 -5.167054 0.192596
-6.818646 -5.248710 0.192527
-6.786607 -5.289278 0.192494
-6.754350 -5.329672 0.192462
-6.656201 -5.449735 0.192372
-4.844718 -7.139933 0.191084
-4.759834 -7.199615 0.191137
-4.717115 -7.229077 0.191165
-4.631186 -7.287315 0.191225
-4.544526 -7.344515 0.191288
-4.435464 -7.414940 0.191373
-4.318132 -7.444305 0.195720
-4.281064 -7.510981 0.191502
-4.157791 -7.554988 0.194358
-4.102288 -7.617148 0.191665
-4.012003 -7.668793 0.191753
-3.943872 -7.646305 0.197107
-3.921133 -7.719469 0.191844
-3.829687 -7.769170 0.191940
-3.761748 -7.743419 0.197110
-3.737674 -7.817890 0.192040
-3.668281 -7.853752 0.192117
-3.571128 -7.855203 0.195888
-3.528606 -7.923860 0.192279
-3.434817 -7.969348 0.192392
-3.364146 -8.002836 0.192479
-3.245673 -8.057297 0.192629
-3.147861 -8.050128 0.196072
-3.126439 -8.110230 0.192785
-3.030484 -8.151397 0.192915
-2.958184 -8.181563 0.193015
-2.861389 -8.220919 0.193152
-2.764127 -8.259234 0.193292
-2.568246 -8.332715 0.193585
-2.345815 -8.410351 0.193933
-1.869498 -8.556283 0.194731
-1.768146 -8.583886 0.194911
-1.564402 -8.635790 0.195280
-1.436399 -8.666018 0.195519
-1.359344 -8.683263 0.195665
-1.282135 -8.699950 0.195813
-1.230563 -8.710703 0.195913
-1.153060 -8.726269 0.196065
-1.049487 -8.746087 0.196270
-0.945641 -8.764775 0.196479
-0.841533 -8.782331 0.196692
-0.711057 -8.802710 0.196963
-0.632581 -8.814024 0.197129
-0.527760 -8.828156 0.197352
-0.449008 -8.838037 0.197522
-0.343817 -8.850157 0.197752
-0.264790 -8.858452 0.197927
-0.159267 -8.868549 0.198163
-0.053571 -8.877485 0.198403
0.078771 -8.887055 0.198707
0.158296 -8.891863 0.198893
0.264442 -8.897298 0.199143
0.370713 -8.901562 0.199396
0.450488 -8.904025 0.199589
0.556951 -8.906229 0.199848
0.610217 -8.906889 0.199979
0.663505 -8.907254 0.200111
0.743476 -8.907208 0.200310
0.850160 -8.906162 0.200579
0.983595 -8.903222 0.200920
1.049075 -8.949617 0.211233
1.056272 -8.866983 0.209292
1.170612 -8.876904 0.205384
1.250009 -8.851140 0.209436
1.342775 -8.852918 0.207590
1.443454 -8.831132 0.209587
1.544458 -8.870343 0.202405
1.651269 -8.860350 0.202698
1.758042 -8.849155 0.202994
1.863193 -8.856017 0.209348
1.958972 -8.860099 0.215536
2.047169 -8.844335 0.215596
2.114404 -8.824589 0.212735
2.157887 -8.796508 0.204130
2.237707 -8.783901 0.204363
2.352329 -8.779635 0.213103
2.457769 -8.757698 0.213270
2.552089 -8.734203 0.210727
2.661108 -8.713613 0.216243
2.688715 -8.699900 0.205710
2.762559 -8.686423 0.211172
2.835291 -8.669508 0.216483
2.939301 -8.641042 0.216608
3.041501 -8.614546 0.211744
3.110467 -8.600892 0.207025
3.146419 -8.580495 0.216865
3.240971 -8.554595 0.214587
3.336398 -8.530135 0.212440
3.454627 -8.480676 0.217264
3.549662 -8.454410 0.215145
3.968225 -8.335777 0.209868
4.052228 -8.352425 0.221835
4.060784 -8.248968 0.218106
4.173046 -8.259217 0.210582
4.249500 -8.229313 0.210853
4.304442 -8.245946 0.222384
4.331486 -8.146205 0.216664
4.427028 -8.156809 0.211488
4.528975 -8.143785 0.222887
4.628442 -8.069537 0.212222
4.740558 -8.044958 0.225501
4.803305 -7.989331 0.212871
4.945763 -7.934014 0.223819
5.053977 -7.874136 0.222040
5.151681 -7.823516 0.227711
5.197681 -7.792411 0.214378
5.258673 -7.760979 0.224612
5.348962 -7.746462 0.233318
5.455186 -7.658231 0.228455
5.535999 -7.628840 0.233627
5.653924 -7.538904 0.227358
5.842527 -7.449989 0.233306
6.192142 -7.187638 0.218466
8.258019 -5.246228 0.228781
8.328169 -5.156398 0.229195
8.414468 -5.042871 0.229712
8.465429 -4.974045 0.230022
8.515874 -4.904778 0.230332
8.565667 -4.834968 0.230642
8.647424 -4.717613 0.231158
8.679647 -4.670289 0.231364
8.711603 -4.622754 0.231570
8.758995 -4.551033 0.231879
8.821276 -4.454718 0.232291
8.867300 -4.381972 0.232599
8.942524 -4.259655 0.233112
8.986873 -4.185710 0.233419
9.016061 -4.136154 0.233624
9.073583 -4.036459 0.234032
9.115934 -3.961165 0.234338
9.171436 -3.860147 0.234745
9.239202 -3.732860 0.235253
9.278917 -3.655908 0.235557
9.330877 -3.552714 0.235961
9.381633 -3.448822 0.236364
9.431176 -3.344245 0.236765
9.479496 -3.238999 0.237166
9.514966 -3.159653 0.237465
9.561121 -3.053269 0.237863
9.583731 -2.999839 0.238062
9.606025 -2.946254 0.238260
9.638836 -2.865569 0.238557
9.681526 -2.757488 0.238951
9.733131 -2.621577 0.239441
9.763064 -2.539572 0.239734
9.792350 -2.457288 0.240026
9.811439 -2.402249 0.240220
9.830201 -2.347075 0.240413
9.857688 -2.264050 0.240702
9.884516 -2.180766 0.240991
9.901960 -2.125073 0.241183
9.935851 -2.013315 0.241564
9.960350 -1.929164 0.241849
9.984179 -1.844778 0.242133
9.999614 -1.788367 0.242322
10.014711 -1.731843 0.242510
10.036679 -1.646838 0.242791
10.064833 -1.533141 0.243164
10.085093 -1.447610 0.243442
10.098142 -1.390455 0.243626
10.110847 -1.333202 0.243810
10.135217 -1.218412 0.244176
10.152541 -1.132067 0.244449
10.169168 -1.045546 0.244721
10.184920 -0.958813 0.244991
10.199971 -0.871917 0.245260
10.209537 -0.813882 0.245438
10.218750 -0.755770 0.245615
10.231861 -0.668456 0.245881
10.248162 -0.551804 0.246232
10.263040 -0.434888 0.246580
10.273307 -0.347046 0.246839
10.282678 -0.259059 0.247096
10.293976 -0.141563 0.247437
10.301551 -0.053314 0.247691
10.308223 0.035051 0.247943
10.315914 0.153014 0.248276
10.320775 0.241583 0.248523
10.324729 0.330239 0.248769
10.328788 0.448551 0.249094
10.331387 0.566969 0.249416
10.332423 0.655840 0.249655
10.332463 0.774401 0.249970
10.331484 0.863360 0.250205
10.329772 0.952339 0.250437
10.327142 1.041334 0.250667
10.322407 1.160002 0.250971
10.317936 1.249000 0.251197
10.312544 1.337985 0.251420
10.304125 1.456598 0.251715
10.296889 1.545524 0.251933
10.288730 1.634406 0.252149
10.276621 1.752843 0.252434
10.266617 1.841606 0.252646
10.255689 1.930295 0.252854
10.239888 2.048433 0.253129
10.222611 2.166418 0.253400
10.208731 2.254800 0.253601
10.193929 2.343064 0.253799
10.172966 2.460579 0.254059
10.156323 2.548578 0.254252
10.138761 2.636428 0.254442
10.114120 2.753351 0.254692
10.088012 2.870001 0.254937
10.067514 2.957309 0.255118
10.046103 3.044426 0.255297
10.016338 3.160312 0.255531
9.993104 3.247016 0.255703
9.968960 3.333498 0.255873
9.935559 3.448498 0.256096
9.909603 3.534506 0.256260
9.891817 3.591711 0.256368
9.873671 3.648813 0.256475
9.845731 3.734252 0.256633
9.817073 3.819473 0.256788
9.797490 3.876137 0.256890
9.757251 3.989117 0.257090
9.736597 4.045427 0.257188
9.715588 4.101615 0.257286
9.694223 4.157678 0.257382
9.661469 4.241515 0.257523
9.616620 4.352860 0.257707
9.570366 4.463661 0.257887
9.534801 4.546412 0.258018
9.510626 4.601388 0.258104
9.486103 4.656218 0.258189
9.448626 4.738163 0.258314
9.384555 4.874022 0.258516
9.345014 4.955035 0.258633
9.304790 5.035723 0.258747
9.277520 5.089296 0.258822
9.235939 5.169319 0.258931
9.193683 5.249001 0.259038
9.150588 5.328246 0.259141
9.077207 5.459488 0.259307
9.032117 5.537649 0.259403
8.970901 5.641240 0.259526
8.924171 5.718456 0.259615
8.892585 5.769674 0.259673
8.860674 5.820696 0.259729
8.779450 5.947351 0.259863
8.729821 6.022773 0.259940
8.696311 6.072778 0.259990
8.645415 6.147367 0.260061
8.559128 6.270683 0.260174
8.524054 6.319618 0.260217
8.488670 6.368334 0.260259
8.434981 6.440962 0.260318
8.344079 6.560952 0.260411
8.307175 6.608535 0.260445
8.269969 6.655885 0.260479
8.232467 6.703001 0.260511
8.175621 6.773201 0.260556
8.118186 6.842922 0.260598
6.015688 8.718966 0.260349
5.940103 8.767992 0.260291
5.813208 8.848204 0.260189
5.762102 8.879706 0.260145
5.710804 8.910883 0.260100
5.633485 8.956995 0.260030
5.503760 9.032316 0.259907
5.451545 9.061850 0.259856
5.399154 9.091051 0.259803
5.346588 9.119920 0.259748
5.267396 9.162553 0.259665
5.134626 9.232041 0.259519
5.054439 9.272654 0.259427
4.946994 9.325670 0.259300
4.838928 9.377321 0.259168
4.757503 9.415201 0.259066
4.648396 9.464445 0.258925
4.593629 9.488549 0.258853
4.538722 9.512304 0.258779
4.456088 9.547243 0.258666
4.373186 9.581484 0.258550
4.317744 9.603846 0.258472
4.234325 9.636684 0.258351
4.094718 9.689775 0.258144
4.038661 9.710374 0.258060
3.954342 9.740567 0.257930
3.841545 9.779640 0.257753
3.756676 9.808056 0.257617
3.671547 9.835578 0.257478
3.557710 9.871083 0.257288
3.472091 9.896817 0.257144
3.414888 9.913492 0.257045
3.328906 9.937788 0.256896
3.242752 9.961363 0.256744
3.156392 9.984036 0.256589
3.040985 10.013062 0.256378
2.954244 10.033926 0.256218
2.867326 10.053885 0.256054
2.751217 10.079288 0.255832
2.663978 10.097431 0.255663
2.605741 10.109043 0.255549
2.547447 10.120291 0.255433
2.459901 10.136435 0.255258
2.343010 10.156746 0.255021
2.255227 10.171069 0.254840
2.167341 10.184482 0.254657
2.079380 10.197165 0.254471
2.020692 10.205135 0.254346
1.932599 10.216362 0.254157
1.844449 10.226858 0.253965
1.726826 10.239519 0.253705
1.638554 10.248012 0.253508
1.550249 10.255778 0.253309
1.461912 10.262634 0.253107
1.344100 10.270564 0.252834
1.255729 10.275602 0.252627
1.167356 10.279735 0.252418
1.049535 10.284035 0.252136
0.931743 10.286888 0.251850
0.843427 10.288124 0.251633
0.755150 10.288457 0.251414
0.637511 10.287701 0.251119
0.549340 10.286235 0.250895
0.461235 10.283871 0.250669
0.343866 10.279525 0.250365
0.255924 10.275371 0.250135
0.168078 10.270326 0.249902
0.051091 10.262413 0.249590
-0.065712 10.253080 0.249274
-0.153190 10.245196 0.249035
-0.240532 10.236429 0.248794
-0.356796 10.223568 0.248470
-0.443842 10.213044 0.248225
-0.501787 10.205563 0.248060
-0.559664 10.197731 0.247895
-0.646341 10.185289 0.247646
-0.790461 10.162931 0.247228
-0.847971 10.153366 0.247059
-0.934076 10.138328 0.246804
-1.048603 10.117134 0.246462
-1.134281 10.100383 0.246204
-1.191281 10.088761 0.246031
-1.248187 10.076798 0.245857
-1.333357 10.058179 0.245596
-1.446590 10.032227 0.245244
-1.531262 10.011923 0.244979
-1.587570 9.997941 0.244802
-1.671819 9.976300 0.244534
-1.755848 9.953995 0.244265
-1.839595 9.930863 0.243995
-1.978631 9.890776 0.243542
-2.061669 9.865675 0.243268
-2.171972 9.831126 0.242901
-2.254383 9.804405 0.242625
-2.336468 9.776881 0.242347
-2.445470 9.739116 0.241975
-2.526881 9.709997 0.241694
-2.549592 9.645530 0.250374
-2.688720 9.649550 0.241130
-2.769135 9.618231 0.240847
-2.849255 9.586289 0.240562
-2.928998 9.553576 0.240276
-3.008436 9.520247 0.239989
-3.043172 9.455902 0.252438
-3.131581 9.444143 0.245900
-3.244546 9.415999 0.239124
-3.351634 9.341674 0.248596
-3.451666 9.318265 0.238347
-3.560168 9.248702 0.248107
-3.656063 9.215814 0.237565
-3.754569 9.158785 0.244142
-3.829039 9.117839 0.250965
-3.850506 9.056577 0.243356
-3.944024 9.060607 0.247147
-4.032952 9.016253 0.250570
-4.051211 8.951345 0.242868
-4.145189 8.954044 0.246652
-4.276150 8.866210 0.235090
-4.343599 8.842889 0.246156
-4.436373 8.743439 0.239419
-4.549587 8.654124 0.244206
-4.643334 8.652345 0.241461
-4.740820 8.551546 0.237112
-4.849025 8.469715 0.240831
-4.919027 8.422296 0.240645
-4.976441 8.379977 0.243321
-5.046692 8.336060 0.237470
-5.146291 8.262673 0.242995
-5.241255 8.237463 0.245453
-5.272235 8.167690 0.236716
-5.342626 8.118197 0.242532
-5.378544 8.078026 0.230245
-5.448810 8.028504 0.236112
-5.550479 7.952053 0.238937
-5.592262 7.895958 0.229228
-5.655215 7.840185 0.228922
-5.738365 7.765067 0.228515
-5.800134 7.708169 0.228210
-5.861305 7.650719 0.227904
-5.921993 7.592832 0.227599
-7.559981 5.543745 0.228255
-7.649254 5.435222 0.238190
-7.652870 5.346675 0.217309
-7.763182 5.247962 0.237815
-7.742091 5.136831 0.224275
-7.767857 5.048550 0.231867
-7.852558 5.063992 0.232107
-7.845642 4.945727 0.223699
-7.873620 4.859373 0.231478
-7.916822 4.838731 0.215299
-7.934514 4.758078 0.227194
-7.974957 4.667950 0.231092
-8.009073 4.641836 0.214546
-8.031332 4.564258 0.226718
-8.078048 4.466599 0.226481
-8.123629 4.368458 0.226245
-8.164641 4.277387 0.221732
-8.199744 4.192759 0.212875
-8.223262 4.147717 0.232230
-8.264658 4.046658 0.225518
-8.371528 3.759098 0.220336
-8.432756 3.630256 0.229106
-8.456620 3.542343 0.224368
-8.457247 3.454173 0.210268
-8.449255 3.355908 0.222470
-8.548959 3.260849 0.223717
-8.545761 3.144116 0.209223
-8.555596 3.037680 0.217462
-8.560849 2.958301 0.225907
-8.656357 2.947548 0.227862
-8.623664 2.831980 0.208198
-8.635946 2.727258 0.216679
-8.644533 2.649552 0.225361
-8.670064 2.546084 0.225180
-8.691065 2.459852 0.225054
-8.706135 2.439422 0.206948
-8.717142 2.350526 0.220311
-8.736581 2.251744 0.224694
-8.758195 2.141488 0.219880
-8.773519 2.048099 0.215031
-8.790235 1.942985 0.214784
-8.796993 1.860181 0.205181
-8.821600 1.747603 0.219059
-8.832455 1.668621 0.218903
-8.846518 1.563266 0.218720
-8.858697 1.457726 0.218513
-8.877975 1.341295 0.223144
-8.853823 1.252226 0.203421
-8.859747 1.146417 0.203125
-8.864501 1.040617 0.202832
-8.868835 0.908397 0.202469
-8.870502 0.829092 0.202254
-8.871584 0.749810 0.202040
-8.871939 0.670561 0.201828
-8.871442 0.564950 0.201549
-8.869225 0.433041 0.201203
-8.866967 0.353966 0.200999
-8.862994 0.248616 0.200728
-8.857866 0.143376 0.200461
-8.849871 0.011996 0.200131
-8.846156 -0.040496 0.200001
-8.842154 -0.092952 0.199871
-8.834460 -0.171518 0.199853
-14.349571 -0.432664 0.389989
-14.338511 -0.538093 0.389515
-14.327960 -0.622249 0.389235
-14.311260 -0.748293 0.388819
-14.293686 -0.874143 0.388408
-14.281389 -0.957910 0.388136
-14.268659 -1.041575 0.387867
-14.255493 -1.125137 0.387599
-14.234880 -1.250266 0.387202
-14.213404 -1.375179 0.386809
-14.198512 -1.458306 0.386550
-14.183190 -1.541320 0.386293
-14.167440 -1.624219 0.386038
-14.142960 -1.748331 0.385660
-14.117626 -1.872205 0.385286
-14.100170 -1.954624 0.385039
-14.082289 -2.036918 0.384794
-14.063984 -2.119087 0.384552
-14.035683 -2.242082 0.384193
-14.006537 -2.364815 0.383837
-13.986547 -2.446459 0.383603
-13.966139 -2.527968 0.383371
-13.934690 -2.649956 0.383028
-13.902406 -2.771664 0.382688
-13.880329 -2.852613 0.382465
-13.857839 -2.933418 0.382244
-13.823275 -3.054332 0.381916
-13.787887 -3.174948 0.381593
-13.763746 -3.255157 0.381380
-13.739197 -3.335213 0.381170
-13.714237 -3.415114 0.380962
-13.688869 -3.494859 0.380755
-13.663095 -3.574445 0.380551
-13.636915 -3.653870 0.380350
-13.610331 -3.733134 0.380150
-13.569643 -3.851701 0.379855
-13.528152 -3.969937 0.379564
-13.499954 -4.048535 0.379373
-13.471357 -4.126964 0.379184
-13.427663 -4.244261 0.378905
-13.383173 -4.361209 0.378631
-13.352984 -4.438939 0.378451
-13.322400 -4.516490 0.378273
-13.291421 -4.593861 0.378097
-13.260050 -4.671049 0.377924
-13.228285 -4.748053 0.377752
-13.196128 -4.824872 0.377583
-13.147113 -4.939725 0.377334
-13.097321 -5.054199 0.377089
-13.063609 -5.130260 0.376929
-13.029511 -5.206127 0.376771
-12.995027 -5.281798 0.376615
-12.960159 -5.357272 0.376462
-12.924908 -5.432549 0.376311
-12.871266 -5.545062 0.376088
-12.816864 -5.657170 0.375870
-12.780089 -5.731636 0.375727
-12.724173 -5.842921 0.375518
-12.667502 -5.953788 0.375314
-12.629222 -6.027419 0.375180
-12.571054 -6.137439 0.374984
-12.512143 -6.247027 0.374793
-12.452303 -6.356073 0.374608
-12.391726 -6.464679 0.374426
-12.350851 -6.536787 0.374309
-12.309609 -6.608671 0.374193
-12.268003 -6.680330 0.374080
-12.226032 -6.751763 0.373969
-12.162349 -6.858454 0.373807
-12.097944 -6.964684 0.373650
-12.054526 -7.035194 0.373548
-12.010752 -7.105470 0.373448
-11.966618 -7.175510 0.373351
-11.922128 -7.245313 0.373255
-11.854683 -7.349538 0.373117
-11.786531 -7.453281 0.372984
-11.740626 -7.522119 0.372898
-11.694371 -7.590713 0.372814
-11.647766 -7.659059 0.372732
-11.600812 -7.727159 0.372653
-11.553511 -7.795009 0.372576
-11.505862 -7.862607 0.372501
-11.457870 -7.929955 0.372429
-1.260858 -14.367933 0.386991
-1.176550 -14.382917 0.387257
-1.092120 -14.397462 0.387525
-1.007570 -14.411567 0.387795
-0.922903 -14.425229 0.388067
-0.838119 -14.438449 0.388342
-0.753222 -14.451224 0.388618
-0.668213 -14.463556 0.388897
-0.583095 -14.475442 0.389178
-0.455203 -14.492377 0.389603
-0.327101 -14.508416 0.390033
-0.241564 -14.518510 0.390322
-0.155927 -14.528153 0.390613
-0.070193 -14.537345 0.390906
0.015637 -14.546085 0.391202
0.144567 -14.558289 0.391649
0.273677 -14.569582 0.392101
0.359867 -14.576503 0.392404
0.446142 -14.582968 0.392710
0.532500 -14.588975 0.393018
0.618938 -14.594524 0.393328
0.705455 -14.599613 0.393640
0.792048 -14.604242 0.393954
0.878715 -14.608410 0.394270
0.965453 -14.612115 0.394588
1.052262 -14.615357 0.394908
1.139138 -14.618136 0.395230
1.226079 -14.620450 0.395554
1.313084 -14.622298 0.395880
1.443711 -14.624139 0.396374
1.574453 -14.625044 0.396871
1.661687 -14.625023 0.397205
1.748974 -14.624533 0.397541
1.836309 -14.623570 0.397879
1.923692 -14.622139 0.398220
2.054856 -14.619047 0.398734
-14.176885 4.433657 0.409045
-14.192895 4.347625 0.408656
-14.208433 4.261561 0.408269
-14.223497 4.175468 0.407884
-14.245148 4.046277 0.407310
-14.265856 3.917038 0.406739
-14.279031 3.830852 0.406361
-14.291736 3.744649 0.405984
-14.303970 3.658431 0.405609
-14.315734 3.572199 0.405236
-14.327029 3.485958 0.404865
-14.343032 3.356580 0.404312
-14.358099 3.227194 0.403762
-14.367520 3.140934 0.403398
-14.376473 3.054676 0.403035
-14.384960 2.968420 0.402675
-14.392981 2.882171 0.402316
-14.404081 2.752813 0.401781
-14.414252 2.623479 0.401250
-14.420414 2.537274 0.400899
-14.426111 2.451087 0.400549
-14.431347 2.364919 0.400201
-14.436120 2.278773 0.399855
-14.442357 2.149601 0.399340
-14.447673 2.020483 0.398829
-14.450603 1.934444 0.398490
-14.453074 1.848437 0.398154
-14.455087 1.762465 0.397819
-14.456641 1.676529 0.397486
-14.458058 1.547705 0.396991
-14.458562 1.418965 0.396499
-14.458291 1.333197 0.396174
-14.457565 1.247477 0.395850
-14.456386 1.161807 0.395529
-14.454753 1.076188 0.395210
-14.451396 0.947868 0.394734
-14.447139 0.819662 0.394263
-14.443699 0.734271 0.393951
-14.439809 0.648941 0.393642
-14.435471 0.563676 0.393334
-14.430682 0.478477 0.393028
-14.422606 0.350815 0.392574
-14.413636 0.223296 0.392123
-14.407062 0.138382 0.391825
-14.400043 0.053544 0.391529
-14.392580 -0.031215 0.391235
-14.384674 -0.115895 0.390944
-14.371930 -0.242748 0.390510
-2.913950 0.062540 -0.004235
-2.903053 -0.058878 -0.004601
-2.893275 -0.139517 -0.004811
-2.878256 -0.237604 -0.005061
-2.855425 -0.358683 -0.005360
-2.837294 -0.440815 -0.005558
-2.812846 -0.536834 -0.005783
-2.780202 -0.649228 -0.006038
-2.752419 -0.734827 -0.006226
-2.717781 -0.830713 -0.006430
-2.671986 -0.944744 -0.006663
-2.639504 -1.018833 -0.006809
-2.601186 -1.100113 -0.006964
-2.577065 -1.148319 -0.007052
-2.523338 -1.248590 -0.007230
-2.459948 -1.357119 -0.007412
-2.405630 -1.443121 -0.007548
-2.385759 -1.473016 -0.007593
-2.344839 -1.531989 -0.007679
-2.259422 -1.647316 -0.007836
-2.162838 -1.765249 -0.007978
-2.073298 -1.865584 -0.008084
-2.036257 -1.904589 -0.008120
-1.972908 -1.968009 -0.008173
-1.907970 -2.029792 -0.008219
-1.868084 -2.065865 -0.008241
-1.814036 -2.112980 -0.008267
-1.754119 -2.162406 -0.008287
-1.659801 -2.235757 -0.008306
-1.550593 -2.314135 -0.008309
-1.458140 -2.374716 -0.008296
-1.361248 -2.433879 -0.008269
-1.283166 -2.477907 -0.008237
-1.235761 -2.503324 -0.008214
-1.155703 -2.543678 -0.008168
-1.050080 -2.592978 -0.008096
-0.948105 -2.635816 -0.008012
-0.841934 -2.676265 -0.007914
-0.765685 -2.702842 -0.007836
-0.642732 -2.740629 -0.007695
-0.541621 -2.767918 -0.007569
-0.445480 -2.790580 -0.007440
-0.357410 -2.808256 -0.007313
-0.268921 -2.823818 -0.007179
-0.171028 -2.837678 -0.007021
-0.054808 -2.850134 -0.006822
0.061832 -2.858447 -0.006611
0.160758 -2.862133 -0.006422
0.241787 -2.862622 -0.006260
0.367843 -2.859416 -0.005996
0.448815 -2.854802 -0.005820
0.547603 -2.846070 -0.005595
0.663990 -2.831782 -0.005320
0.753198 -2.818114 -0.005101
0.824255 -2.805120 -0.004921
0.877377 -2.794392 -0.004783
0.930313 -2.782696 -0.004643
1.026820 -2.758769 -0.004380
1.139927 -2.726673 -0.004060
1.260372 -2.687337 -0.003705
1.345528 -2.656510 -0.003445
1.438064 -2.619440 -0.003153
1.540464 -2.574478 -0.002818
1.644055 -2.524676 -0.002467
1.692470 -2.499694 -0.002298
1.764289 -2.460631 -0.002041
1.819471 -2.428973 -0.001840
1.881758 -2.391405 -0.001607
1.958298 -2.342233 -0.001312
2.063325 -2.270044 -0.000894
2.107446 -2.237783 -0.000713
2.165375 -2.193509 -0.000470
2.229325 -2.142075 -0.000194
2.278164 -2.100925 0.000022
2.346325 -2.040208 0.000333
2.399896 -1.990530 0.000583
2.452160 -1.939414 0.000834
2.540624 -1.846878 0.001276
2.625641 -1.751023 0.001721
2.678134 -1.687460 0.002009
2.783469 -1.548750 0.002617
2.851170 -1.450520 0.003034
2.895857 -1.380987 0.003323
3.310219 -0.341415 0.007125
2.878072 1.981001 0.012882
2.670009 2.269263 0.013285
2.585259 2.369276 0.013400
2.470374 2.492635 0.013520
2.278886 2.671794 0.013645
2.148123 2.778258 0.013685
1.996447 2.888240 0.013693
1.870541 2.969562 0.013671
1.674806 3.080061 0.013592
1.463080 3.179859 0.013450
1.164604 3.289903 0.013162
0.841486 3.372249 0.012745
0.737250 3.391133 0.012589
-0.265923 3.394209 0.010574
-0.348450 3.379935 0.010367
-2.199060 2.291590 0.003528
-2.370030 2.064671 0.002535
-2.563080 1.743425 0.001229
-2.742620 1.331275 -0.000309
-2.773575 1.239239 -0.000635
-2.794799 1.169617 -0.000876
-2.809741 1.117135 -0.001056
-2.823715 1.064409 -0.001235
-2.846827 0.967174 -0.001559
-2.871890 0.842564 -0.001965
-2.885447 0.762035 -0.002222
-2.896774 0.681206 -0.002476
-2.902179 0.636202 -0.002615
-2.910806 0.546007 -0.002890
-2.918492 0.428543 -0.003241
-2.921601 0.329046 -0.003531
-2.921591 0.247645 -0.003763
-2.918983 0.148237 -0.004042
-3.474976 0.040767 0.019195
-3.473766 -0.053541 0.021490
-3.472709 -0.163402 0.025144
-3.444340 -0.252163 0.018495
-3.444619 -0.341743 0.023525
-3.428709 -0.432856 0.023373
-3.350848 -0.454779 0.021277
-3.352920 -0.544449 0.016840
-3.363013 -0.655051 0.017643
-3.347128 -0.743957 0.020153
-3.247799 -0.863225 0.019689
-3.252433 -0.954898 0.011614
-3.151524 -1.151883 0.016535
-2.549303 -2.152387 0.015752
-2.428664 -2.260366 0.012932
-2.339861 -2.349739 0.012857
-2.244415 -2.439433 0.012794
-2.150226 -2.517208 0.013908
-2.038272 -2.656586 0.014883
-1.754912 -2.854466 0.014857
-1.249295 -3.146931 0.020550
-0.052797 -3.357436 0.019564
0.545285 -3.350480 0.020384
0.635851 -3.364027 0.016541
1.922243 -3.025677 0.024528
2.037314 -2.961355 0.024006
2.250750 -2.828130 0.023361
2.351685 -2.757974 0.022542
2.546020 -2.613367 0.024287
2.634015 -2.539746 0.024569
2.739394 -2.444577 0.023871
2.844092 -2.344178 0.026303
2.894306 -2.292850 0.025473
2.943602 -2.240571 0.024670
3.032630 -2.140779 0.025048
3.073575 -2.091578 0.026187
3.121099 -2.032857 0.026385
3.176787 -1.955569 0.028919
3.260676 -1.946322 0.027616
3.262831 -1.842140 0.027033
3.336580 -1.739562 0.025182
3.377947 -1.655208 0.029715
3.439115 -1.566308 0.027060
3.521650 -1.437304 0.024284
3.650210 -1.239106 0.028088
3.756278 -1.046838 0.031497
3.857013 -0.352255 0.032685
3.979658 0.040644 0.033782
3.976404 0.148865 0.032955
3.973855 0.262243 0.032596
3.977018 0.359112 0.033417
3.973398 0.447690 0.033600
3.968278 0.536067 0.033797
3.960064 0.629909 0.033990
3.946916 0.745483 0.034234
3.925961 0.858515 0.033598
3.921252 0.939351 0.035490
3.865998 1.056715 0.034588
3.867833 1.156960 0.034564
3.851533 1.242549 0.036028
3.833023 1.356071 0.036638
3.780728 1.451383 0.034447
3.749852 1.552219 0.035796
3.747935 1.650094 0.038795
3.654222 1.657302 0.035415
3.671767 1.748271 0.036143
3.640607 1.855504 0.037513
3.579123 1.945541 0.035765
3.529597 2.041840 0.036214
3.464737 2.158000 0.036824
3.440267 2.253669 0.039737
3.349527 2.251604 0.036320
3.346942 2.346741 0.036696
3.269686 2.457692 0.037272
3.221970 2.559345 0.039379
3.179572 2.577806 0.037439
3.135646 2.667185 0.039529
3.044366 2.741897 0.037239
2.940064 2.745383 0.037553
2.951871 2.858801 0.038439
2.851276 2.956867 0.038764
2.758486 3.034338 0.037558
2.661967 3.150950 0.040104
2.543117 3.246861 0.040207
2.474073 3.268348 0.038196
2.439503 3.344763 0.041644
2.369708 3.353602 0.039680
2.244168 3.444257 0.039891
2.141424 3.490891 0.038326
2.055863 3.549245 0.039270
1.937263 3.633028 0.042070
1.842375 3.650606 0.038365
1.746416 3.665412 0.039083
1.734652 3.747578 0.042718
1.660719 3.744058 0.040704
1.561610 3.770988 0.038309
1.442091 3.844964 0.041282
1.355138 3.841162 0.038850
1.258397 3.876684 0.036710
1.141821 3.932109 0.041760
1.044820 3.949079 0.040442
0.954094 3.945875 0.038046
0.846868 3.962986 0.039097
0.762731 3.981125 0.036763
0.649822 3.972042 0.039338
0.650965 4.033684 0.041715
0.537134 4.036543 0.039770
0.453561 4.030034 0.040248
0.356660 4.032770 0.039262
0.241665 4.037318 0.040107
0.131280 4.046691 0.041391
0.051205 4.025847 0.038860
-0.053838 4.031578 0.041285
-0.135791 4.023108 0.036923
-0.149990 3.955700 0.037326
-0.241046 3.971594 0.036999
-0.362850 3.971401 0.037586
-0.468708 3.953413 0.038099
-0.556597 3.935611 0.034790
-0.656658 3.936113 0.039241
-0.748326 3.857019 0.037504
-0.855350 3.858365 0.034180
-0.963180 3.840340 0.037598
-1.059659 3.764433 0.035927
-1.138445 3.762038 0.035374
-1.253468 3.731596 0.037122
-1.275705 3.648624 0.034081
-1.361389 3.663725 0.032963
-1.432611 3.634790 0.035953
-1.545055 3.559916 0.033773
-1.664340 3.533318 0.038846
-1.680511 3.440763 0.033180
-1.753026 3.455813 0.034052
-1.836964 3.431834 0.038141
-1.849233 3.358238 0.033179
-1.963826 3.344520 0.038375
-1.969681 3.250226 0.032453
-2.032163 3.239421 0.032075
-2.073299 3.172066 0.032173
-2.146247 3.149925 0.030589
-2.253027 3.058468 0.032258
-2.347865 2.951515 0.028183
-2.437412 2.862386 0.027811
-2.553764 2.758456 0.029094
-2.633138 2.647572 0.026117
-2.691594 2.564705 0.028471
-2.738751 2.547315 0.026979
-2.773899 2.446126 0.030785
-2.842565 2.361633 0.026648
-2.942476 2.247781 0.029784
-2.974213 2.151212 0.027123
-3.030608 2.057796 0.023878
-3.075656 1.967586 0.026565
-3.132767 1.851924 0.026229
-3.177327 1.754149 0.025945
-3.251650 1.725293 0.031728
-3.236559 1.649105 0.028695
-3.261357 1.544961 0.025370
-3.291625 1.458927 0.025121
-3.323101 1.362033 0.024875
-3.358912 1.238490 0.024549
-3.383071 1.145134 0.024307
-3.365352 1.055120 0.020879
-3.430993 1.049401 0.028952
-3.425604 0.946210 0.023804
-3.443130 0.863651 0.025929
-3.453391 0.759221 0.021928
-3.465279 0.641017 0.020657
-3.480274 0.566493 0.025293
-3.485926 0.459142 0.024100
-3.472536 0.335832 0.014947
-3.472218 0.239992 0.014666
-3.470019 0.165522 0.014452
-4.179642 0.054555 0.043971
-4.169387 -0.048783 0.045059
-4.158641 -0.168712 0.044803
-4.148485 -0.256914 0.044606
-4.135678 -0.351034 0.044412
-4.124014 -0.452528 0.041853
-4.152618 -0.575747 0.047496
-4.156693 -0.629051 0.050951
-4.060588 -0.650276 0.051248
-4.054267 -0.767050 0.043578
-4.032196 -0.864708 0.040962
-4.011426 -0.937788 0.040811
-3.959908 -1.048475 0.047798
-3.945884 -1.137027 0.042888
-3.916352 -1.226186 0.040237
-3.873665 -1.270378 0.050735
-3.845258 -1.344277 0.050670
-3.823384 -1.455278 0.042335
-3.849488 -1.538449 0.045695
-3.762881 -1.559083 0.047136
-3.730933 -1.655933 0.042007
-3.663109 -1.735481 0.053539
-3.637106 -1.837224 0.040187
-3.558050 -1.942064 0.047820
-3.512806 -2.048969 0.038831
-3.463043 -2.063494 0.056987
-3.448926 -2.148333 0.042846
-3.436407 -2.238197 0.046039
-3.345590 -2.249775 0.053023
-3.311468 -2.344292 0.041039
-3.245534 -2.377532 0.056960
-3.238141 -2.441504 0.043548
-3.158057 -2.475107 0.059017
-3.144550 -2.555012 0.040800
-3.055221 -2.646732 0.044576
-2.953798 -2.753934 0.043834
-2.848773 -2.853541 0.049488
-2.747603 -2.945655 0.049664
-2.649435 -3.057198 0.041955
-2.548652 -3.143559 0.044278
-2.461500 -3.182073 0.049951
-2.427020 -3.235617 0.040287
-2.365639 -3.254335 0.049960
-2.304854 -3.324611 0.040260
-2.242767 -3.346473 0.049693
-2.157561 -3.424820 0.041818
-2.055102 -3.465099 0.047138
-1.930632 -3.549144 0.043730
-1.849421 -3.574336 0.054596
-1.752027 -3.641021 0.042954
-1.159248 -3.858136 0.057370
-0.855250 -3.951035 0.058196
-0.352431 -4.069985 0.046801
0.844450 -4.087580 0.041043
1.349343 -3.978699 0.046058
1.752551 -3.857157 0.044971
1.955628 -3.765990 0.048126
2.041207 -3.748285 0.043952
2.248460 -3.635062 0.047224
2.446524 -3.548241 0.044352
2.554453 -3.468205 0.047074
2.675144 -3.427531 0.042875
2.742009 -3.332660 0.049103
2.849859 -3.260522 0.048831
2.957692 -3.231245 0.044089
3.043003 -3.165507 0.044476
3.155870 -3.137141 0.052592
3.161254 -3.034891 0.047693
3.242962 -3.039290 0.050338
3.250561 -2.954697 0.048046
3.347140 -2.928472 0.049087
3.446385 -2.855656 0.052503
3.457233 -2.793570 0.046513
3.529950 -2.755086 0.051289
3.573295 -2.670947 0.047141
3.642850 -2.646105 0.053833
3.684810 -2.543907 0.047772
3.779634 -2.453553 0.051467
3.856230 -2.347525 0.051280
3.847821 -2.249434 0.051774
3.941810 -2.242141 0.053634
3.968267 -2.170272 0.049530
4.012779 -2.138638 0.054427
4.058060 -2.061628 0.054131
4.088434 -1.983502 0.050363
4.130116 -1.939877 0.054482
4.179134 -1.840330 0.053064
4.149926 -1.754042 0.053385
4.236158 -1.737519 0.054381
4.268596 -1.664987 0.053171
4.326470 -1.548014 0.054915
4.365736 -1.457708 0.055172
4.410587 -1.349148 0.056702
4.447904 -1.249177 0.054565
4.480201 -1.156826 0.055993
4.509080 -1.069398 0.056225
4.539625 -0.968651 0.056488
4.571795 -0.857022 0.056394
4.650372 -0.753826 0.059055
4.622092 -0.653889 0.056719
4.640906 -0.546026 0.057577
4.657682 -0.448627 0.057786
4.677753 -0.351103 0.057582
4.680475 -0.254695 0.058699
4.739347 -0.234873 0.060362
4.747011 -0.154906 0.060534
4.755747 -0.048439 0.060791
4.752926 0.070829 0.060073
4.775091 0.152459 0.062270
4.766918 0.251887 0.061506
4.757909 0.364100 0.060834
4.771424 0.447235 0.062877
4.751830 0.541863 0.061290
4.758189 0.643462 0.063269
4.733643 0.736185 0.061336
4.730235 0.845638 0.062848
4.720128 0.954028 0.063886
4.638865 1.060820 0.061312
4.682002 1.143032 0.063488
4.656842 1.247624 0.062969
4.642062 1.326340 0.063869
4.616941 1.434999 0.064799
4.567437 1.554118 0.064323
4.543656 1.670014 0.063882
4.519062 1.751263 0.065389
4.464933 1.846789 0.064444
4.449704 1.935685 0.065714
4.432851 2.030991 0.066039
4.355437 2.155518 0.065470
4.344917 2.250527 0.067988
4.269603 2.330637 0.066145
4.232243 2.451738 0.067116
4.154081 2.552402 0.065277
4.130161 2.633090 0.067884
4.024506 2.754379 0.066490
3.943511 2.933836 0.069100
3.848577 3.041267 0.068472
3.756954 3.153920 0.068158
3.656930 3.260234 0.067706
3.551924 3.355964 0.067351
3.535155 3.445036 0.069960
3.454340 3.452395 0.067826
3.432262 3.547804 0.070087
3.364560 3.554569 0.066984
3.327798 3.626931 0.068006
3.242756 3.648696 0.068305
3.155938 3.738201 0.067400
3.148527 3.844311 0.073358
3.038807 3.854604 0.068067
2.936732 3.941521 0.069499
2.855117 3.965079 0.067974
2.846177 4.033166 0.071189
2.745578 4.057074 0.066786
2.647551 4.148310 0.068811
2.529556 4.233456 0.071404
2.347213 4.329985 0.070867
2.146184 4.422039 0.069605
2.031854 4.459230 0.070867
1.935680 4.518672 0.070957
1.846131 4.547248 0.069580
1.620223 4.631733 0.070988
1.537900 4.650959 0.069527
1.243567 4.727678 0.069377
1.150737 4.747663 0.069357
0.541703 4.829927 0.068948
0.460802 4.834714 0.068882
0.366481 4.838225 0.068785
0.253316 4.844993 0.069857
0.150539 4.839383 0.068584
0.069622 4.837081 0.068503
-0.051769 4.831157 0.068394
-0.560756 4.741829 0.069305
-0.647397 4.742805 0.068287
-0.731506 4.736785 0.067545
-0.952698 4.636999 0.065202
-1.052800 4.631566 0.066028
-1.361155 4.551068 0.069586
-1.552288 4.427142 0.064030
-1.745913 4.337395 0.062270
-1.952585 4.229417 0.061746
-2.152428 4.116910 0.064995
-2.272937 4.042713 0.065978
-2.446129 3.920470 0.064369
-2.537548 3.837967 0.058940
-2.642541 3.733126 0.060040
-2.752111 3.629053 0.059298
-2.855170 3.558347 0.056394
-2.939398 3.461449 0.057623
-2.976896 3.384442 0.059837
-3.049865 3.349528 0.059786
-3.153353 3.244429 0.055055
-3.169868 3.172825 0.059262
-3.250318 3.171427 0.062200
-3.259588 3.067399 0.058088
-3.337635 3.045642 0.058821
-3.341223 2.956923 0.059861
-3.434442 2.843513 0.051674
-3.479631 2.766344 0.058221
-3.544383 2.725251 0.059574
-3.557913 2.649670 0.053916
-3.617364 2.549957 0.055122
-3.723204 2.359052 0.054559
-3.819303 2.165664 0.054049
-3.918572 1.933688 0.053378
-3.949207 1.863573 0.056041
-4.023191 1.641661 0.052617
-4.052476 1.561866 0.055349
-4.076006 1.451906 0.050332
-4.129076 1.249269 0.051609
-4.152675 1.156161 0.053240
-4.171374 1.034213 0.051091
-4.135263 0.933143 0.047367
-4.236339 0.548453 0.053201
-5.240686 -0.044947 0.080318
-5.158166 -0.252885 0.084080
-5.157065 -0.347231 0.080889
-5.142704 -0.455592 0.080651
-5.133672 -0.565432 0.077334
-5.131726 -0.661547 0.070929
-5.067717 -0.837557 0.082954
-5.050034 -0.945998 0.079610
-5.028842 -1.054127 0.076208
-4.969649 -1.247104 0.079000
-4.941060 -1.353552 0.075555
-4.872328 -1.542921 0.078424
-4.778584 -1.777796 0.081269
-4.662159 -2.045081 0.077497
-4.593180 -2.189923 0.067213
-4.564577 -2.238486 0.079172
-4.490003 -2.375990 0.076932
-4.383293 -2.555812 0.073266
-4.182874 -2.850807 0.066016
-1.359556 -4.889599 0.065929
-0.984504 -4.993685 0.066459
1.149360 -5.083670 0.075370
1.658959 -4.976116 0.078410
2.550366 -4.654241 0.081176
2.740950 -4.559108 0.082152
2.955983 -4.450914 0.081242
3.131435 -4.362204 0.079855
3.292523 -4.277734 0.078681
3.452283 -4.172065 0.079394
4.954405 -2.647186 0.090771
4.987363 -2.586574 0.088094
5.014993 -2.547245 0.090606
5.076241 -2.442135 0.090925
5.124273 -2.354713 0.091876
5.173126 -2.259911 0.092435
5.255719 -2.253196 0.095953
5.232831 -2.148428 0.091858
5.273171 -2.059960 0.092428
5.325513 -1.949605 0.092424
5.372168 -1.854047 0.092271
5.436231 -1.753510 0.094353
5.450966 -1.643507 0.093326
5.482637 -1.556864 0.093569
5.555366 -1.535064 0.097407
5.531457 -1.438080 0.093641
5.550223 -1.356057 0.094158
5.561954 -1.271122 0.094682
5.607056 -1.260739 0.093833
5.641789 -1.145628 0.094287
5.640388 -1.034174 0.095041
5.661557 -0.946887 0.095287
5.704240 -0.913148 0.095186
5.719399 -0.849195 0.095429
5.740962 -0.752951 0.095791
5.760635 -0.656235 0.096151
5.753280 -0.539642 0.096412
5.738478 -0.444665 0.096502
5.800185 -0.429153 0.096980
5.809635 -0.363909 0.097213
5.826410 -0.233063 0.097677
5.836956 -0.134620 0.098021
5.844478 -0.052417 0.098305
5.852783 0.062921 0.098699
5.858835 0.178470 0.099088
5.861655 0.261118 0.099363
5.863286 0.360392 0.099689
5.851764 0.466357 0.100939
5.848199 0.557310 0.101125
5.843332 0.648242 0.101327
5.829734 0.754820 0.101741
5.849670 0.853678 0.103325
5.853957 0.953638 0.103943
5.858534 1.050579 0.106490
5.835773 1.151099 0.105513
5.830874 1.227112 0.106775
5.760409 1.268928 0.102639
5.755095 1.346509 0.102752
5.760657 1.437625 0.104501
5.755992 1.546085 0.105285
5.743243 1.642323 0.107455
5.717566 1.739676 0.107592
5.649485 1.753476 0.103452
5.661152 1.842025 0.105272
5.650881 1.965256 0.107607
5.619236 2.051517 0.106347
5.583356 2.164505 0.107421
5.548924 2.257988 0.107091
5.550656 2.349463 0.112598
5.478952 2.439187 0.107433
5.427000 2.562100 0.108112
5.385913 2.653928 0.108265
5.343513 2.745687 0.107981
5.348900 2.848127 0.114826
5.279703 2.872654 0.108625
5.238609 2.955891 0.108063
5.253657 3.027792 0.115028
5.186496 3.041118 0.109562
5.152034 3.142366 0.110273
5.061151 3.259794 0.109214
5.053981 3.345318 0.113389
4.954703 3.450387 0.107620
4.879775 3.561645 0.107808
4.821866 3.643939 0.107941
4.782390 3.698195 0.108026
3.208941 5.150875 0.114664
3.148087 5.154350 0.113039
2.924651 5.315465 0.116515
2.057846 5.642167 0.114176
1.944390 5.671341 0.112153
1.753434 5.754905 0.113212
1.660007 5.770501 0.109846
1.445827 5.854038 0.115951
1.339970 5.858783 0.113841
1.255195 5.859341 0.112624
1.162817 5.856886 0.111941
0.945323 5.933083 0.113273
0.845791 5.949827 0.115523
0.743525 5.948203 0.110693
0.648874 5.942077 0.113533
0.539392 5.956288 0.113201
0.447518 5.952874 0.113396
0.341555 5.947808 0.111955
0.244338 5.966376 0.114947
0.151136 5.955631 0.113160
0.040216 5.944487 0.111676
-0.044295 5.949078 0.112992
-0.133512 5.943679 0.112902
-0.250499 5.934641 0.112793
-0.354261 5.950064 0.114347
-0.429768 5.931888 0.111485
-0.446483 5.888665 0.110957
-0.545768 5.875840 0.110903
-0.637281 5.866139 0.106687
-0.736628 5.846936 0.108595
-0.849396 5.843381 0.112884
-0.940195 5.844540 0.113981
-0.976438 5.799623 0.101524
-1.037954 5.784098 0.108158
-1.134120 5.760805 0.110334
-1.247344 5.730346 0.107849
-1.349899 5.646648 0.104601
-1.446598 5.674006 0.111254
-1.484813 5.651571 0.099867
-1.562738 5.624108 0.099597
-1.609292 5.607118 0.099434
-1.671091 5.583796 0.099215
-1.763189 5.547397 0.098884
-1.854624 5.509504 0.098549
-1.945245 5.469863 0.098211
-2.064939 5.414694 0.097755
-2.153758 5.371471 0.097409
-2.241726 5.326675 0.097060
-2.357691 5.264611 0.096590
-2.443672 5.216387 0.096235
-2.528626 5.166513 0.095876
-2.612737 5.115335 0.095515
-2.654389 5.089141 0.095334
-2.750620 5.026642 0.094908
-2.858969 4.952947 0.094418
-2.912431 4.915145 0.094172
-2.952203 4.886373 0.093986
-3.017931 4.837715 0.093676
-3.082870 4.788085 0.093365
-3.147068 4.737569 0.093052
-3.197850 4.696486 0.092801
-4.554568 3.059881 0.084348
-4.607551 2.960600 0.083903
-4.635957 2.846850 0.093351
-4.713922 2.744548 0.082955
-4.733884 2.645633 0.093941
-4.772604 2.576111 0.090905
-4.804671 2.539314 0.082079
-4.835341 2.447272 0.086103
-4.868771 2.342590 0.091975
-4.913881 2.225400 0.092905
-4.947748 2.148336 0.085062
-4.974495 2.055040 0.094031
-4.998620 1.997796 0.079872
-5.015017 1.934434 0.092195
-5.042705 1.843786 0.085626
-5.069654 1.751343 0.091761
-5.091722 1.659140 0.085055
-5.119518 1.550938 0.088015
-5.146520 1.442564 0.091044
-5.157388 1.348169 0.082440
-5.186115 1.255721 0.092312
-5.181441 1.159377 0.076727
-5.195619 1.049291 0.076336
-5.217503 1.046308 0.090121
-5.230315 0.934814 0.088496
-5.243062 0.846676 0.089706
-5.237532 0.750764 0.082400
-5.259960 0.656893 0.089292
-5.248725 0.560999 0.081876
-5.261207 0.450598 0.085199
-5.269501 0.333450 0.087126
-5.274098 0.244662 0.088413
-5.250634 0.149708 0.080777
-5.270135 0.049102 0.088010
-6.765107 -0.162590 0.133673
-6.744477 -0.248193 0.142157
-6.748884 -0.337295 0.133217
-6.731118 -0.446826 0.137353
-6.713716 -0.555977 0.141592
-6.718315 -0.640443 0.123483
-6.705019 -0.720383 0.123233
-6.677671 -0.837196 0.133804
-6.657118 -0.945780 0.136322
-6.634010 -1.064563 0.136078
-6.610820 -1.174006 0.131183
-6.586449 -1.281157 0.135639
-6.566898 -1.357022 0.130769
-6.544820 -1.447314 0.135300
-6.525023 -1.531110 0.139918
-6.499440 -1.584927 0.120684
-6.487604 -1.623481 0.120577
-6.463575 -1.741621 0.137638
-6.428953 -1.843472 0.134542
-6.384503 -1.961074 0.129444
-6.356922 -2.052789 0.134135
-6.299745 -2.154979 0.119166
-6.271005 -2.262274 0.128816
-6.229932 -2.361324 0.128604
-6.182377 -2.432709 0.118478
-6.163171 -2.548021 0.136257
-6.089119 -2.632958 0.118004
-6.058194 -2.739404 0.127875
-5.989802 -2.830076 0.117556
-5.941908 -2.953694 0.124919
-5.864807 -3.058792 0.117062
-5.844573 -3.164975 0.132209
-5.742291 -3.265641 0.116639
-5.732437 -3.355331 0.131915
-5.646011 -3.417969 0.116342
-5.546111 -3.525996 0.122661
-5.536008 -3.658591 0.131455
-5.455936 -3.657487 0.122439
-5.418715 -3.747247 0.115751
-5.161044 -4.078567 0.115230
-3.356281 -5.632801 0.123119
-3.237289 -5.704564 0.123081
-3.151599 -5.755779 0.121338
-3.029552 -5.821985 0.123078
-2.953133 -5.860169 0.125951
-2.836411 -5.930882 0.114565
-2.757228 -5.960753 0.124796
-2.647858 -6.014528 0.123108
-2.539259 -6.064113 0.123131
-2.431422 -6.112673 0.121512
-2.347167 -6.146505 0.123192
-2.254846 -6.183733 0.123225
-2.215791 -6.206552 0.115165
-2.136284 -6.227710 0.124881
-2.055202 -6.261613 0.120666
-1.933978 -6.309374 0.115517
-1.842380 -6.331815 0.123432
-1.752533 -6.363099 0.120909
-1.628718 -6.406118 0.115950
-1.551182 -6.416319 0.126109
-1.440568 -6.448984 0.123672
-1.358448 -6.466538 0.126189
-1.268119 -6.487884 0.126199
-1.221678 -6.512473 0.116609
-1.139601 -6.519982 0.123897
-1.032008 -6.542149 0.123998
-0.953522 -6.557016 0.124068
-0.851066 -6.570986 0.126435
-0.776428 -6.587430 0.124215
-0.749127 -6.604787 0.117484
-0.649859 -6.620023 0.117682
-0.542628 -6.625450 0.122294
-0.455685 -6.625935 0.126733
-0.350033 -6.641769 0.124674
-0.243773 -6.645556 0.126862
-0.157255 -6.663341 0.122828
-0.050677 -6.664205 0.125030
0.056578 -6.675693 0.123210
0.142264 -6.665411 0.127240
0.249643 -6.673844 0.125420
0.355393 -6.666691 0.127409
0.444558 -6.680721 0.123840
0.550387 -6.670630 0.125844
0.659169 -6.674928 0.124279
0.742376 -6.653313 0.127866
0.851020 -6.654535 0.126301
0.955150 -6.636160 0.128072
1.047026 -6.646857 0.125003
1.140841 -6.637360 0.125242
1.260767 -6.644429 0.122459
1.355039 -6.656004 0.129300
1.442266 -6.654844 0.132753
1.532431 -6.639574 0.132878
1.564451 -6.551745 0.128891
1.657818 -6.546681 0.127681
1.741949 -6.569734 0.123949
1.821755 -6.554243 0.124208
1.940809 -6.556039 0.133532
2.051462 -6.534335 0.135497
2.159127 -6.477809 0.125338
2.264343 -6.467731 0.132435
2.373600 -6.440207 0.134339
2.440454 -6.428577 0.138506
2.459104 -6.342786 0.129344
2.532183 -6.373189 0.126660
2.635582 -6.355443 0.134860
2.733414 -6.324888 0.137564
2.825958 -6.282599 0.132723
2.942358 -6.242870 0.136901
3.052951 -6.189800 0.128637
3.158737 -6.151092 0.135930
3.252183 -6.109517 0.136137
3.353948 -6.061931 0.137647
3.442966 -6.020797 0.133403
3.563796 -5.960949 0.134836
3.638384 -5.920320 0.137067
3.755169 -5.856400 0.137298
3.846736 -5.837091 0.139371
3.877212 -5.782381 0.139424
3.941897 -5.749148 0.137749
4.053692 -5.747506 0.141756
4.052227 -5.675780 0.139755
4.134254 -5.630828 0.138251
4.223634 -5.654411 0.145062
4.246557 -5.548506 0.140106
4.331427 -5.529964 0.134236
4.383353 -5.495948 0.134489
4.452103 -5.449777 0.134828
4.571319 -5.367187 0.135425
4.638730 -5.318862 0.135769
6.267813 -3.723397 0.153926
6.234601 -3.649563 0.150226
6.338064 -3.632586 0.156962
6.377247 -3.524122 0.146572
6.450601 -3.453587 0.157393
6.481924 -3.365362 0.147403
6.558653 -3.265946 0.156813
6.557391 -3.148941 0.150631
6.646058 -3.148281 0.161232
6.676760 -3.047288 0.152539
6.742836 -2.969578 0.161171
6.771595 -2.867058 0.156532
6.840347 -2.845992 0.162760
6.833795 -2.746502 0.153718
6.872910 -2.656906 0.157177
6.947451 -2.539634 0.158967
6.957062 -2.448255 0.160675
7.041890 -2.345856 0.158070
7.053197 -2.258621 0.162483
7.068703 -2.186524 0.158461
7.138713 -2.136652 0.164232
7.155928 -2.043985 0.163422
7.157002 -1.956841 0.158121
7.241420 -1.863694 0.163365
7.256079 -1.765183 0.161007
7.267827 -1.638557 0.163316
7.334348 -1.545687 0.165334
7.348991 -1.441459 0.160996
7.369139 -1.364321 0.163491
7.390425 -1.272679 0.165923
7.446307 -1.237229 0.176168
7.453824 -1.139580 0.170496
7.456304 -1.046921 0.166402
7.459855 -0.944569 0.164519
7.485506 -0.826529 0.162883
7.553878 -0.733896 0.180456
7.552852 -0.654367 0.174644
7.557163 -0.545253 0.172785
7.552685 -0.443346 0.173376
7.556140 -0.370052 0.168977
7.568681 -0.254228 0.168056
7.569385 -0.155051 0.168177
7.567741 -0.069195 0.166559
7.614522 0.051605 0.173808
7.616904 0.162570 0.175766
7.621358 0.241777 0.178529
7.623753 0.353008 0.176213
7.619129 0.451920 0.171992
7.618748 0.550881 0.176381
7.622514 0.666325 0.181078
7.618689 0.757863 0.173046
7.613374 0.849825 0.177296
7.605736 0.958489 0.177477
7.604862 1.051827 0.165958
7.576570 1.158661 0.177140
7.562619 1.274852 0.180264
7.554486 1.338184 0.174963
7.536596 1.461066 0.177493
7.536772 1.543146 0.178440
7.522145 1.629262 0.178534
7.517687 1.765570 0.168272
7.506247 1.830078 0.168472
7.448461 1.932634 0.178010
7.435451 2.057471 0.179153
7.444929 2.129836 0.169382
7.419902 2.236313 0.169696
7.350090 2.351033 0.178884
7.341752 2.417255 0.179637
7.341295 2.532557 0.170549
7.310186 2.637608 0.170843
7.248909 2.645486 0.181288
7.252632 2.741395 0.177063
7.250058 2.825545 0.171358
7.214468 2.929297 0.171636
7.139300 2.944275 0.182932
7.161899 3.073657 0.172015
7.130487 3.155676 0.172226
7.106299 3.216963 0.172383
7.089839 3.257698 0.172486
7.047565 3.359101 0.172738
7.003796 3.459910 0.172985
6.967519 3.540030 0.173177
6.930503 3.619832 0.173367
6.857513 3.661498 0.181069
6.863123 3.758315 0.173687
6.823300 3.836828 0.173865
6.756633 3.856477 0.181246
6.761756 3.953706 0.174124
6.719529 4.031013 0.174291
6.687264 4.088678 0.174414
6.654407 4.146023 0.174534
6.621078 4.203107 0.174652
6.587164 4.259858 0.174767
6.529476 4.353764 0.174954
6.470439 4.446859 0.175135
6.434329 4.502289 0.175240
6.385347 4.575665 0.175376
6.335387 4.648398 0.175507
6.258882 4.756437 0.175696
6.206843 4.827742 0.175817
6.167155 4.880748 0.175904
6.127031 4.933433 0.175989
6.099994 4.968339 0.176045
4.331527 6.587927 0.177298
4.256984 6.635512 0.177277
4.163016 6.693726 0.177245
4.125176 6.716595 0.177230
4.068139 6.750430 0.177205
3.953185 6.816572 0.177147
3.856499 6.870091 0.177092
3.758983 6.922055 0.177028
3.640962 6.982457 0.176942
3.521869 7.040669 0.176846
3.421849 7.087523 0.176758
3.341270 7.123744 0.176681
3.260369 7.159219 0.176601
3.178998 7.193571 0.176516
3.138160 7.210370 0.176472
3.035624 7.251234 0.176356
2.932517 7.290578 0.176234
2.849567 7.320756 0.176130
2.745476 7.357294 0.175995
2.661800 7.385293 0.175881
2.535688 7.425355 0.175702
2.430084 7.456993 0.175546
2.366493 7.475142 0.175449
2.238871 7.509745 0.175247
2.153469 7.531505 0.175107
2.046359 7.557128 0.174925
1.938942 7.581304 0.174737
1.831187 7.603764 0.174543
1.744748 7.620426 0.174382
1.636482 7.639929 0.174176
1.527962 7.657749 0.173963
1.462735 7.667591 0.173832
1.340189 7.659324 0.176967
1.239649 7.648556 0.180230
1.157474 7.705748 0.173190
1.026298 7.718100 0.172900
0.916874 7.726592 0.172652
0.851181 7.730832 0.172500
0.741652 7.736655 0.172242
0.675916 7.739295 0.172084
0.544437 7.742841 0.171762
0.434885 7.743998 0.171487
0.348926 7.729345 0.175165
0.246737 7.728210 0.174925
0.160670 7.714351 0.178750
0.071633 7.723964 0.174561
-0.068093 7.727755 0.170149
-0.155288 7.721365 0.169904
-0.242366 7.713923 0.169656
-0.307595 7.707685 0.169468
-0.363249 7.660359 0.175701
-0.465244 7.662930 0.174888
-0.544786 7.654171 0.174747
-0.662315 7.647764 0.174832
-0.755019 7.646737 0.172711
-0.856615 7.630497 0.177149
-0.956011 7.613608 0.172238
-1.060257 7.567513 0.170090
-1.152777 7.558204 0.175184
-1.254258 7.541853 0.171850
-1.351340 7.536400 0.175301
-1.449211 7.475771 0.170454
-1.558419 7.462649 0.171519
-1.637149 7.448212 0.174564
-1.742868 7.433069 0.172930
-1.770544 7.389497 0.169913
-1.867575 7.360686 0.169763
-1.946795 7.354750 0.170352
-2.028658 7.336269 0.172293
-2.139196 7.274027 0.166280
-2.254236 7.243673 0.170134
-2.332879 7.246309 0.174546
-2.450552 7.153542 0.167075
-2.556438 7.127183 0.168916
-2.659026 7.065688 0.167631
-2.753447 7.049106 0.170936
-2.854526 6.969268 0.164155
-2.942446 6.930558 0.165860
-2.952812 6.853708 0.167023
-3.057796 6.871745 0.165562
-3.135464 6.824185 0.163288
-3.143852 6.736641 0.169091
-3.257806 6.751656 0.161784
-3.363415 6.644715 0.163326
-3.458711 6.655584 0.166727
-3.540681 6.563471 0.157171
-3.652650 6.462409 0.162338
-3.760645 6.453448 0.163596
-3.828701 6.341794 0.161711
-3.943813 6.258370 0.161273
-4.057552 6.259750 0.165444
-4.076781 6.140714 0.167183
-4.160740 6.108786 0.153977
-4.242646 6.040671 0.153527
-4.355477 5.943348 0.152894
-5.830321 4.132117 0.150051
-5.870987 4.056257 0.153498
-5.935560 3.951705 0.149385
-5.985428 3.854531 0.156745
-6.040982 3.756940 0.152618
-6.089068 3.664463 0.152311
-6.117577 3.608830 0.152149
-6.151748 3.542784 0.154407
-6.159190 3.453663 0.154846
-6.203421 3.415480 0.139207
-6.239329 3.355494 0.151405
-6.252892 3.253395 0.154371
-6.268264 3.165195 0.149411
-6.337664 3.146073 0.155147
-6.367400 3.059661 0.150596
-6.343844 2.962900 0.151172
-6.438344 2.855749 0.145591
-6.444449 2.733832 0.144187
-6.462096 2.633985 0.152030
-6.543849 2.541233 0.144575
-6.535599 2.429073 0.147421
-6.558871 2.350094 0.147214
-6.587365 2.251276 0.146989
-6.620209 2.145775 0.140180
-6.638489 2.052020 0.146444
-6.661627 1.951859 0.146158
-6.684312 1.851699 0.145936
-6.696961 1.791390 0.145785
-6.710770 1.722571 0.150166
-6.724535 1.645118 0.140826
-6.740654 1.559397 0.145223
-6.754601 1.455947 0.140242
-6.773009 1.346476 0.144659
-6.781638 1.252716 0.139652
-6.783560 1.146044 0.129665
-6.791876 1.044026 0.129281
-6.736525 0.935597 0.144378
-6.841432 0.660924 0.146117
-6.829998 0.558948 0.137714
-6.841509 0.448965 0.142557
-6.853512 0.338752 0.147521
-6.770314 0.051915 0.138478
-6.763740 -0.069309 0.138238
-9.516248 -0.239246 0.216731
-9.506481 -0.337802 0.216243
-9.488863 -0.448161 0.233949
-9.477124 -0.560221 0.233739
-9.455482 -0.737985 0.227213
-9.442260 -0.839543 0.233227
-9.426114 -0.950904 0.233027
-9.413650 -1.052184 0.239283
-9.393918 -1.091591 0.213471
-9.390682 -1.172979 0.232686
-9.374374 -1.238022 0.226022
-9.359769 -1.338769 0.232351
-9.346118 -1.439528 0.238847
-9.324006 -1.549605 0.238728
-9.288102 -1.586851 0.211745
-9.268074 -1.668722 0.211468
-9.271881 -1.750563 0.231669
-9.245525 -1.823088 0.224664
-9.236836 -1.932516 0.238330
-9.189114 -1.967197 0.210472
-9.173794 -2.021151 0.210296
-9.153511 -2.166062 0.223975
-9.150114 -2.257472 0.238013
-9.051091 -2.248206 0.225200
-9.067086 -2.369349 0.209178
-9.040769 -2.449080 0.208928
-9.037370 -2.540459 0.223212
-8.967347 -2.660423 0.208276
-8.938604 -2.739185 0.208036
-8.962765 -2.844175 0.237491
-8.851608 -2.854313 0.224213
-8.858943 -2.947936 0.207413
-8.817430 -3.051570 0.207110
-8.774802 -3.154696 0.206812
-8.731068 -3.257302 0.206519
-8.657415 -3.343723 0.223444
-8.628680 -3.486228 0.205880
-8.605169 -3.536720 0.205742
-8.555617 -3.549615 0.228943
-8.533244 -3.643689 0.217134
-8.508429 -3.737274 0.205203
-8.462694 -3.750114 0.228738
-8.436231 -3.843083 0.216771
-8.407405 -3.935506 0.204687
-8.375436 -3.945122 0.222550
-8.334874 -4.040159 0.216424
-8.302155 -4.131331 0.204193
-8.263517 -4.144344 0.228358
-8.234218 -4.252445 0.203896
-8.148912 -4.353980 0.228217
-8.122218 -4.444187 0.203439
-8.041104 -4.549292 0.221830
-8.020901 -4.609838 0.203058
-7.971231 -4.654910 0.227938
-7.928172 -4.743690 0.212165
-7.843479 -4.856936 0.227757
-7.808992 -4.934879 0.202349
-7.774180 -4.968513 0.221329
-7.649269 -5.150369 0.221162
-7.314878 -5.601797 0.201070
-7.209727 -5.730078 0.200854
-7.120508 -5.835601 0.200685
-5.178367 -7.585714 0.199249
-5.132889 -7.616941 0.199256
-5.087241 -7.647922 0.199264
-4.949236 -7.739292 0.199298
-4.809856 -7.828577 0.199345
-4.739573 -7.872295 0.199374
-4.621693 -7.943974 0.199429
-4.574257 -7.972185 0.199454
-4.526668 -8.000140 0.199480
-4.454977 -8.041557 0.199523
-4.382982 -8.082458 0.199568
-4.334785 -8.109379 0.199601
-4.262193 -8.149238 0.199652
-4.189308 -8.188574 0.199707
-4.140524 -8.214448 0.199745
-4.067063 -8.252731 0.199806
-3.943969 -8.315301 0.199914
-3.894481 -8.339849 0.199960
-3.844135 -8.351820 0.230361
-3.752949 -8.359278 0.229890
-3.654865 -8.442628 0.224392
-3.561767 -8.464799 0.229851
-3.541027 -8.506484 0.220868
-3.465137 -8.539331 0.220928
-3.356256 -8.559438 0.224055
-3.261449 -8.623916 0.221100
-3.150962 -8.641227 0.232329
-3.053649 -8.672401 0.230058
-3.030050 -8.713675 0.221309
-2.944836 -8.746239 0.214620
-2.856083 -8.775029 0.228221
-2.744139 -8.815403 0.221588
-2.649170 -8.849412 0.214979
-2.542864 -8.859314 0.227491
-2.438486 -8.916511 0.215245
-2.365967 -8.932043 0.228659
-2.259530 -8.952422 0.225456
-2.158595 -8.964442 0.232848
-2.139216 -9.010998 0.202415
-2.064482 -9.014363 0.228930
-1.949266 -9.048020 0.222480
-1.842933 -9.059986 0.225872
-1.736040 -9.114857 0.203186
-1.627749 -9.139790 0.203406
-1.463354 -9.155465 0.223105
-1.353013 -9.143089 0.233381
-1.328413 -9.202316 0.204038
-1.246396 -9.217769 0.204219
-1.136819 -9.237381 0.204464
-1.054314 -9.226332 0.223675
-0.972114 -9.238402 0.223795
-0.862345 -9.253474 0.223957
-0.761926 -9.256321 0.230353
-0.744867 -9.336071 0.232372
-0.645456 -9.334616 0.223562
-0.550675 -9.356459 0.232700
-0.455619 -9.375744 0.241766
-0.391162 -9.338448 0.206265
-0.252102 -9.351078 0.206627
-0.140681 -9.359842 0.206922
-0.029116 -9.367388 0.207222
0.054640 -9.372283 0.207451
1.431637 -9.346129 0.236468
1.543137 -9.333766 0.236706
1.663245 -9.322924 0.228762
1.765203 -9.320470 0.212752
1.849268 -9.310507 0.213043
1.905283 -9.303448 0.213239
1.941487 -9.272934 0.245666
2.043336 -9.262528 0.237808
2.154064 -9.243235 0.238059
2.264906 -9.223357 0.238351
2.352460 -9.235733 0.214848
2.436071 -9.220771 0.215158
2.519606 -9.205183 0.215471
2.643747 -9.155456 0.231471
2.769617 -9.154046 0.216425
2.852751 -9.135647 0.216748
2.935759 -9.116467 0.217074
3.156525 -9.061991 0.217955
3.266554 -9.032882 0.218402
3.348917 -9.010271 0.218741
3.431115 -8.986883 0.219082
3.540481 -8.954660 0.219539
3.649558 -8.921196 0.220002
3.866791 -8.850543 0.220939
3.947930 -8.822808 0.221295
4.001909 -8.803907 0.221533
4.136463 -8.755263 0.222134
4.243705 -8.714992 0.222619
4.323901 -8.684019 0.222985
4.457040 -8.630759 0.223600
4.563104 -8.586801 0.224097
4.668749 -8.541621 0.224597
4.747712 -8.506972 0.224975
4.826397 -8.471563 0.225355
4.930929 -8.423337 0.225864
5.034993 -8.373899 0.226377
5.138573 -8.323253 0.226894
5.241656 -8.271399 0.227414
5.344228 -8.218345 0.227938
5.446275 -8.164092 0.228465
5.522474 -8.122656 0.228863
5.573091 -8.094634 0.229129
5.648737 -8.052008 0.229529
5.774148 -7.979583 0.230201
5.848930 -7.935183 0.230606
5.948141 -7.875004 0.231149
6.022169 -7.829137 0.231558
6.144721 -7.751137 0.232244
6.217808 -7.703523 0.232658
6.266316 -7.671394 0.232934
6.314662 -7.638977 0.233212
6.434777 -7.556641 0.233908
6.506373 -7.506436 0.234328
6.553874 -7.472587 0.234609
6.601201 -7.438453 0.234890
8.597512 -5.529739 0.248692
8.652827 -5.459593 0.249146
8.725721 -5.365287 0.249751
8.779741 -5.293980 0.250206
8.815406 -5.246137 0.250509
8.868372 -5.173918 0.250964
8.920805 -5.101248 0.251419
8.972565 -5.028020 0.251875
9.040673 -4.929648 0.252483
9.091068 -4.855321 0.252939
9.124297 -4.805482 0.253243
9.173584 -4.730295 0.253700
9.238363 -4.629338 0.254308
9.286239 -4.553096 0.254765
9.317776 -4.501991 0.255069
9.349026 -4.450682 0.255374
9.410659 -4.347451 0.255982
9.456082 -4.269474 0.256439
9.515666 -4.164846 0.257047
9.588514 -4.032988 0.257807
9.631265 -3.953259 0.258263
9.673410 -3.873152 0.258718
9.701103 -3.819499 0.259022
9.742030 -3.738652 0.259477
9.808803 -3.603058 0.260234
9.834952 -3.548499 0.260536
9.873553 -3.466310 0.260990
9.923973 -3.356148 0.261594
9.973125 -3.245306 0.262197
10.032805 -3.105841 0.262949
10.056099 -3.049762 0.263249
10.079068 -2.993524 0.263549
10.101712 -2.937127 0.263849
10.135026 -2.852221 0.264298
10.178348 -2.738503 0.264895
10.210014 -2.652840 0.265343
10.240850 -2.566810 0.265789
10.280850 -2.451626 0.266382
10.310010 -2.364887 0.266826
10.347650 -2.248733 0.267417
10.374946 -2.161251 0.267859
10.410199 -2.044178 0.268446
10.435780 -1.956057 0.268885
10.460495 -1.867628 0.269323
10.484518 -1.778960 0.269760
10.500069 -1.719692 0.270050
10.522696 -1.630561 0.270485
10.544621 -1.541207 0.270918
10.565664 -1.451582 0.271350
10.592542 -1.331733 0.271924
10.611812 -1.241592 0.272353
10.630189 -1.151207 0.272780
10.653497 -1.030381 0.273347
10.670078 -0.939535 0.273771
10.685757 -0.848471 0.274192
10.700710 -0.757240 0.274613
10.714755 -0.665809 0.275031
10.732265 -0.543646 0.275587
10.744481 -0.451841 0.276001
10.755779 -0.359864 0.276414
10.769615 -0.237011 0.276961
10.779068 -0.144717 0.277370
10.787594 -0.052278 0.277776
10.795378 0.040268 0.278181
10.802229 0.132942 0.278583
10.810120 0.256662 0.279116
10.815103 0.349559 0.279514
10.819146 0.442555 0.279909
10.823285 0.566665 0.280433
10.825447 0.659826 0.280823
10.826664 0.753055 0.281211
10.827126 0.846331 0.281596
10.826640 0.939657 0.281980
10.824728 1.064145 0.282487
10.822343 1.157541 0.282865
10.819006 1.250957 0.283240
10.814909 1.344381 0.283612
10.809857 1.437807 0.283982
10.804043 1.531227 0.284350
10.799657 1.593499 0.284594
10.794888 1.655761 0.284836
10.786972 1.749130 0.285197
10.778289 1.842469 0.285556
10.768649 1.935760 0.285912
10.754519 2.060070 0.286382
10.742965 2.153235 0.286731
10.730451 2.246321 0.287078
10.717172 2.339337 0.287421
10.707808 2.401296 0.287649
10.698060 2.463214 0.287875
10.682673 2.556002 0.288212
10.666518 2.648694 0.288546
10.649408 2.741258 0.288876
10.625319 2.864489 0.289312
10.606295 2.956764 0.289636
10.586316 3.048879 0.289956
10.565574 3.140858 0.290273
10.543878 3.232658 0.290587
10.513680 3.354805 0.291001
10.490081 3.446216 0.291307
10.465531 3.537416 0.291610
10.431535 3.658721 0.292009
10.405090 3.749469 0.292304
10.377701 3.839975 0.292595
10.339926 3.960312 0.292979
10.310654 4.050303 0.293263
10.280442 4.140020 0.293542
10.238911 4.259264 0.293910
10.206829 4.348403 0.294182
10.173815 4.437238 0.294450
10.128559 4.555263 0.294802
10.093690 4.643457 0.295061
10.057898 4.731315 0.295317
10.021371 4.818898 0.295569
9.996529 4.877098 0.295735
9.958535 4.964108 0.295981
9.919810 5.050822 0.296223
9.880177 5.137158 0.296461
9.826124 5.251752 0.296772
9.770629 5.365705 0.297077
9.728110 5.450759 0.297301
9.684698 5.535391 0.297520
9.625630 5.647658 0.297807
9.565147 5.759216 0.298087
9.518905 5.842432 0.298292
9.487609 5.897662 0.298427
9.455965 5.952705 0.298560
9.423973 6.007557 0.298690
9.391634 6.062217 0.298820
9.325921 6.170949 0.299072
9.275692 6.251951 0.299257
9.224782 6.332545 0.299437
9.190389 6.386000 0.299555
9.138123 6.465764 0.299728
9.085184 6.545104 0.299898
9.049447 6.597710 0.300008
9.013376 6.650097 0.300117
8.958607 6.728237 0.300276
8.903181 6.805930 0.300431
8.865792 6.857423 0.300532
8.828078 6.908688 0.300631
8.790039 6.959720 0.300728
8.732337 7.035800 0.300870
8.673993 7.111407 0.301008
8.575058 7.236133 0.301228
6.353786 9.279343 0.303041
6.300822 9.314917 0.303030
6.247638 9.350156 0.303017
6.194235 9.385059 0.303002
6.140615 9.419626 0.302985
6.059758 9.470799 0.302955
5.951247 9.537895 0.302909
5.869346 9.587358 0.302869
5.814475 9.619875 0.302840
5.731767 9.667956 0.302792
5.648666 9.715340 0.302740
5.565081 9.761848 0.302684
5.453003 9.822684 0.302601
5.340184 9.882102 0.302510
5.255117 9.925774 0.302437
5.169609 9.968550 0.302359
5.055022 10.024381 0.302248
4.939762 10.078763 0.302130
4.852907 10.118640 0.302036
4.765653 10.157601 0.301937
4.678087 10.195827 0.301834
4.619505 10.220820 0.301762
4.531335 10.257568 0.301652
4.442872 10.293575 0.301537
4.354053 10.328650 0.301417
4.235168 10.374169 0.301251
4.145670 10.407372 0.301122
4.055847 10.439632 0.300988
3.935665 10.481386 0.300802
3.845226 10.511754 0.300658
3.754493 10.541173 0.300510
3.633142 10.579125 0.300305
3.541856 10.606634 0.300147
3.480860 10.624462 0.300039
3.419761 10.641907 0.299929
3.358564 10.658967 0.299818
3.266576 10.683787 0.299646
3.143619 10.715595 0.299412
3.051182 10.738484 0.299231
2.958535 10.760405 0.299046
2.834743 10.788340 0.298793
2.741711 10.808320 0.298598
2.648502 10.827327 0.298400
2.555160 10.845554 0.298197
2.461661 10.862807 0.297990
2.336802 10.884509 0.297708
2.243021 10.899809 0.297492
2.149116 10.914131 0.297272
2.055120 10.927670 0.297048
1.961017 10.940229 0.296820
1.835423 10.955671 0.296510
1.741143 10.966272 0.296274
1.646791 10.975894 0.296033
1.552388 10.984732 0.295788
1.457931 10.992590 0.295540
1.363440 10.999665 0.295288
1.300427 11.003860 0.295118
1.237402 11.007662 0.294946
1.142850 11.012583 0.294685
1.048289 11.016723 0.294421
0.953726 11.019884 0.294153
0.859168 11.022264 0.293881
0.764628 11.023668 0.293606
0.638613 11.024241 0.293233
0.544139 11.023698 0.292950
0.449713 11.022182 0.292663
0.355335 11.019889 0.292373
0.261024 11.016626 0.292079
0.135381 11.010985 0.291682
0.041237 11.005789 0.291381
-0.021473 11.001810 0.291178
-0.084142 10.997446 0.290973
-0.146766 10.992698 0.290768
-0.240607 10.984807 0.290456
-0.365557 10.973008 0.290036
-0.459132 10.963202 0.289717
-0.552560 10.952444 0.289395
-0.645861 10.940924 0.289070
-0.738996 10.928455 0.288741
-0.862940 10.910570 0.288299
-0.955713 10.896212 0.287964
-1.048289 10.880915 0.287626
-1.140701 10.864867 0.287285
-1.232899 10.847886 0.286941
-1.355531 10.824003 0.286477
-1.447272 10.805163 0.286127
-1.538770 10.785399 0.285773
-1.660430 10.757821 0.285298
-1.751413 10.736218 0.284938
-1.842125 10.713705 0.284576
-1.962698 10.682475 0.284088
-2.052838 10.658147 0.283720
-2.142679 10.632919 0.283349
-2.232273 10.606973 0.282976
-2.291834 10.589199 0.282725
-2.351267 10.571070 0.282474
-2.440153 10.543165 0.282094
-2.528771 10.514554 0.281713
-2.587668 10.495010 0.281457
-2.646425 10.475116 0.281201
-2.734276 10.444576 0.280813
-2.821838 10.413341 0.280424
-2.880017 10.392056 0.280164
-2.966983 10.359438 0.279771
-3.053643 10.326135 0.279376
-3.111209 10.303478 0.279111
-3.168617 10.280480 0.278845
-3.254408 10.245307 0.278445
-3.339872 10.209461 0.278044
-3.396627 10.185117 0.277774
-3.453214 10.160439 0.277504
-3.537753 10.122758 0.277098
-3.649894 10.071416 0.276553
-3.761327 10.018764 0.276004
-3.872037 9.964814 0.275453
-3.954609 9.923545 0.275037
-4.036713 9.881474 0.274620
-4.118437 9.838770 0.274201
-4.253612 9.765913 0.273498
-4.334166 9.721324 0.273075
-4.387603 9.691184 0.272792
-4.467353 9.645359 0.272366
-4.573004 9.583239 0.271796
-4.651724 9.535891 0.271366
-4.703924 9.503923 0.271080
-4.833465 9.422663 0.270359
-4.936147 9.356354 0.269781
-5.012611 9.305891 0.269345
-5.063292 9.271862 0.269054
-5.113748 9.237545 0.268763
-5.238873 9.150467 0.268032
-5.337965 9.079561 0.267445
-5.411705 9.025681 0.267004
-5.460553 8.989392 0.266709
-5.533353 8.934411 0.266266
-5.629623 8.860193 0.265674
-5.701224 8.803856 0.265229
-5.795800 8.727763 0.264634
-5.866056 8.669968 0.264187
-5.935815 8.611652 0.263739
-6.027910 8.532952 0.263141
-6.073578 8.493219 0.262841
-6.141572 8.433116 0.262391
-6.231376 8.352144 0.261791
-6.298082 8.290797 0.261339
-6.342206 8.249574 0.261038
-6.429667 8.166402 0.260436
-8.192001 5.917573 0.245928
-8.236041 5.840651 0.245480
-8.350179 5.633985 0.244289
-8.391740 5.555923 0.243844
-8.419031 5.503699 0.243547
-8.446010 5.451343 0.243251
-8.485853 5.372544 0.242808
-8.537930 5.267050 0.242218
-8.576202 5.187615 0.241777
-8.601298 5.134494 0.241484
-8.638309 5.054573 0.241044
-8.686603 4.947620 0.240460
-8.733629 4.840211 0.239878
-8.779383 4.732361 0.239297
-8.812903 4.651206 0.238863
-8.845627 4.569793 0.238430
-8.898673 4.433636 0.237711
-8.929477 4.351633 0.237282
-8.969480 4.241987 0.236711
-8.998680 4.159527 0.236284
-9.017717 4.104438 0.236001
-9.036434 4.049264 0.235718
-9.054828 3.994007 0.235435
-9.090650 3.883252 0.234872
-9.108078 3.827758 0.234592
-9.133574 3.744366 0.234173
-9.166492 3.632937 0.233616
-9.190373 3.549192 0.233199
-9.213445 3.465282 0.232785
-9.243130 3.353191 0.232235
-9.292004 3.156474 0.231279
-9.318127 3.043762 0.230737
-9.336829 2.959092 0.230332
-9.360684 2.846043 0.229795
-9.383245 2.732822 0.229262
-9.399355 2.647805 0.228864
-9.414655 2.562697 0.228467
-9.429308 2.477520 0.228073
-9.452003 2.335395 0.227420
-9.464714 2.250042 0.227030
-9.476617 2.164628 0.226643
-9.491411 2.050673 0.226129
-9.504911 1.936646 0.225619
-9.514231 1.851088 0.225239
-9.522745 1.765500 0.224861
-9.533022 1.651353 0.224360
-9.542013 1.537184 0.223863
-9.547953 1.451550 0.223492
-9.569034 0.852459 0.220961
-9.535235 0.736029 0.236325
-9.536646 0.651176 0.236145
-9.546811 0.576186 0.230577
-9.536993 0.453267 0.235732
-9.527946 0.349632 0.241076
-9.533489 0.255529 0.235326
-9.530730 0.170859 0.235156
-9.525751 0.051008 0.234947
-9.519964 -0.054690 0.234707
-9.509818 -0.157375 0.240389
-2.867153 -0.961042 0.015052
-2.778005 -1.164461 0.014717
-2.732878 -1.255388 0.014576
-2.669376 -1.372473 0.014403
-2.630782 -1.438057 0.014312
-2.556585 -1.556160 0.014155
-2.517823 -1.614128 0.014082
-2.445808 -1.714579 0.013964
-2.340048 -1.849070 0.013821
-2.242307 -1.961381 0.013717
-2.168636 -2.039936 0.013654
-2.060341 -2.146620 0.013582
-1.954656 -2.242225 0.013532
-1.852179 -2.327018 0.013502
-1.731084 -2.418890 0.013487
-1.661101 -2.468017 0.013487
-1.544563 -2.544398 0.013501
-1.452353 -2.600011 0.013524
-1.352683 -2.655392 0.013560
-1.234208 -2.715906 0.013615
-1.153770 -2.753291 0.013661
-1.025644 -2.808199 0.013746
-0.948742 -2.837756 0.013805
-0.720287 -2.913940 0.014009
-0.656201 -2.931974 0.014074
-0.564015 -2.955409 0.014173
-0.265091 -3.012824 0.014540
-0.142305 -3.028243 0.014710
-0.047502 -3.037141 0.014849
0.038046 -3.042563 0.014980
0.155469 -3.046601 0.015168
0.257116 -3.046784 0.015339
0.342870 -3.044316 0.015490
0.675209 -3.014222 0.016122
0.731834 -3.005681 0.016238
1.058676 -2.936294 0.016954
1.132375 -2.915947 0.017127
2.151676 -2.418002 0.020034
2.258986 -2.336966 0.020409
2.406489 -2.213706 0.020952
2.918894 -1.640406 0.023184
3.112965 -1.329149 0.024254
3.201122 -1.157049 0.024814
3.307386 -0.907806 0.025588
3.327496 -0.853279 0.025752
3.443172 -0.453011 0.026903
3.521194 0.347904 0.028947
3.516679 0.454896 0.029195
3.510645 0.542332 0.029393
3.505251 0.600529 0.029523
3.453352 0.937560 0.030240
3.427480 1.051705 0.030469
3.405641 1.136751 0.030636
3.342281 1.341880 0.031019
3.312833 1.424671 0.031167
3.223001 1.641151 0.031532
3.122914 1.842356 0.031844
3.024821 2.011467 0.032082
2.811634 2.315675 0.032449
2.613251 2.544984 0.032662
2.551808 2.608083 0.032709
2.431229 2.722696 0.032780
2.305057 2.831137 0.032826
2.037030 3.028132 0.032844
1.921333 3.101520 0.032824
0.955178 3.492851 0.032130
0.336298 3.575173 0.031283
0.248473 3.577478 0.031141
0.160641 3.577195 0.030992
0.043628 3.573368 0.030786
-0.043988 3.567916 0.030625
-0.553771 3.488216 0.029575
-0.880602 3.392875 0.028797
-0.944636 3.369783 0.028634
-1.186693 3.268659 0.027984
-1.368806 3.177014 0.027458
-2.008213 2.724977 0.025301
-2.127501 2.611882 0.024830
-2.304881 2.420713 0.024075
-2.402612 2.301152 0.023624
-2.532987 2.121747 0.022976
-2.611381 2.000324 0.022554
-2.976281 1.169718 0.019956
-2.999655 1.083292 0.019710
-3.100867 0.363998 0.017822
-3.102222 0.258839 0.017569
-3.101073 0.172827 0.017365
-3.668203 -0.170220 0.037685
-3.657544 -0.271597 0.037668
-3.643589 -0.343644 0.036873
-3.629143 -0.441475 0.036941
-3.615668 -0.530324 0.037219
-3.556294 -0.770347 0.036352
-3.523491 -0.870329 0.035715
-3.464796 -1.065125 0.035847
-3.442382 -1.141907 0.036195
-3.339816 -1.360241 0.034884
-3.254385 -1.542695 0.034792
-3.145880 -1.762377 0.035237
-3.039027 -1.939612 0.035217
-2.953356 -2.056651 0.034812
-2.546017 -2.534709 0.034181
-2.348862 -2.718326 0.033969
-2.051727 -2.939196 0.033380
2.852206 -2.557756 0.036875
2.951411 -2.442117 0.035551
3.048554 -2.338901 0.035805
3.138568 -2.257418 0.037711
3.258525 -2.161089 0.038263
3.359172 -1.947993 0.036681
3.458283 -1.858641 0.038016
3.558775 -1.660440 0.039270
3.772119 -1.345773 0.042655
3.882945 -1.065090 0.042413
3.982870 -0.737536 0.043153
4.056888 -0.347655 0.042288
4.077409 -0.238117 0.044238
3.775785 1.843152 0.046717
3.650342 2.054073 0.045519
3.249644 2.663128 0.047111
3.242739 2.840175 0.054973
3.049615 3.048160 0.055158
2.838504 3.235487 0.055386
2.456994 3.538929 0.055553
1.945969 3.840158 0.056215
1.654766 3.943740 0.055165
1.367225 4.052699 0.055708
1.036312 4.145098 0.055818
0.947497 4.153772 0.055120
0.855088 4.150521 0.054106
-0.344757 4.148365 0.051827
-0.461233 4.147827 0.053144
-0.541413 4.133499 0.053063
-0.634394 4.148501 0.055289
-0.860193 4.030736 0.050724
-0.944319 4.045294 0.053308
-1.145525 3.961348 0.051936
-1.243155 3.943770 0.053144
-1.364295 3.856153 0.050431
-1.429044 3.843138 0.051254
-1.547794 3.755713 0.049180
-1.644516 3.737760 0.051072
-1.765662 3.641566 0.048858
-1.953535 3.540459 0.049621
-2.055425 3.455778 0.048244
-2.242753 3.351552 0.050171
-2.341208 3.249965 0.048617
-2.448726 3.165829 0.049334
-2.551789 3.042236 0.047280
-2.641080 2.946873 0.046325
-2.743244 2.862294 0.048175
-2.839653 2.732071 0.047097
-2.954946 2.557121 0.045101
-3.045784 2.452272 0.045917
-3.114960 2.356612 0.046436
-3.152737 2.259063 0.044344
-3.239944 2.155546 0.046532
-3.339817 1.943434 0.044806
-3.334731 1.857534 0.041773
-3.441360 1.736397 0.045393
-3.445583 1.647475 0.042727
-3.535601 1.350090 0.041732
-3.560278 1.226214 0.040318
-4.342513 -0.544020 0.062059
-4.349784 -0.629151 0.061629
-4.259862 -0.968657 0.061151
-4.230769 -1.071466 0.060969
-3.953622 -1.760714 0.060136
-3.435301 -2.621115 0.058376
-3.339634 -2.738508 0.058235
-3.240070 -2.852744 0.058108
-3.152812 -2.942748 0.058180
-3.056755 -3.041499 0.058066
-3.039522 -3.150993 0.063813
-2.947152 -3.149329 0.057869
-2.849135 -3.236163 0.057868
-2.754953 -3.321095 0.057615
-2.696272 -3.365346 0.057751
-2.625602 -3.419018 0.057802
-2.559329 -3.471808 0.057664
-2.458207 -3.546475 0.057564
-2.385556 -3.595749 0.057570
-2.330185 -3.634187 0.057496
-2.262581 -3.674771 0.057573
-2.149057 -3.745064 0.057498
-2.041996 -3.836961 0.059579
-1.930513 -3.868853 0.057482
-1.891797 -3.888001 0.057447
-1.820142 -3.923867 0.057442
-1.753954 -3.955523 0.057429
-1.673778 -3.993090 0.057510
-1.646534 -4.006440 0.057696
-1.551356 -4.045375 0.057513
-1.434367 -4.091571 0.057461
-1.359190 -4.119462 0.057475
-1.243043 -4.159576 0.057396
-1.150124 -4.189761 0.057533
-1.047614 -4.220101 0.057559
-0.773813 -4.288667 0.057390
-0.738954 -4.348141 0.061800
-0.660427 -4.311992 0.057417
-0.552064 -4.332120 0.057788
-0.442857 -4.349808 0.058232
-0.348556 -4.362334 0.058170
-0.260180 -4.372183 0.058003
-0.153480 -4.382027 0.058083
-0.046563 -4.389485 0.058169
0.060519 -4.394553 0.058260
0.132952 -4.395882 0.058004
0.160550 -4.446606 0.062309
0.244384 -4.462167 0.063100
0.343917 -4.460338 0.063130
0.368574 -4.393785 0.057948
0.449490 -4.393177 0.059235
0.546833 -4.384468 0.058073
0.658320 -4.377827 0.059250
0.763278 -4.365692 0.058953
0.848938 -4.353004 0.058342
0.939690 -4.343801 0.059934
1.042361 -4.324479 0.059325
1.156048 -4.327555 0.061350
1.252885 -4.281621 0.059587
1.361799 -4.258568 0.060640
1.453754 -4.229415 0.059346
1.549923 -4.250611 0.062715
1.644187 -4.172291 0.059597
1.749831 -4.141646 0.060973
1.861689 -4.149890 0.064080
1.861269 -4.094649 0.059516
1.939826 -4.068507 0.060690
2.035172 -4.034441 0.061983
2.134320 -4.049991 0.064481
2.156248 -3.967695 0.059336
2.252461 -3.947901 0.062373
2.335047 -3.942593 0.064805
2.367997 -3.868758 0.060756
2.457110 -3.831704 0.062937
2.554939 -3.758714 0.059923
2.649399 -3.752719 0.063901
2.725854 -3.731284 0.065221
2.749217 -3.645422 0.061478
2.853616 -3.643300 0.065542
2.948553 -3.542542 0.064914
3.040614 -3.455564 0.064478
3.154543 -3.366680 0.064803
3.245449 -3.335147 0.066882
3.349922 -3.261189 0.065903
3.348043 -3.169963 0.061403
3.457629 -3.142463 0.067718
3.459975 -3.058524 0.061158
3.554880 -3.050213 0.067743
3.658151 -2.946405 0.067574
3.740764 -2.855114 0.067806
3.748148 -2.759840 0.063257
3.828586 -2.755583 0.067539
3.870923 -2.664821 0.066810
3.942695 -2.647696 0.068460
3.973580 -2.565015 0.069448
4.038854 -2.551228 0.070143
4.063787 -2.445933 0.068174
4.129117 -2.348149 0.069000
4.183900 -2.263856 0.069193
4.472418 -1.732888 0.069565
4.544098 -1.641164 0.070499
4.556295 -1.549850 0.071618
4.591854 -1.456443 0.070957
4.640618 -1.364343 0.071468
4.665438 -1.254000 0.071393
4.745467 -1.147835 0.074267
4.749765 -1.047531 0.073285
4.757632 -0.946590 0.072017
4.776226 -0.873237 0.072157
4.838167 -0.749083 0.076074
4.853093 -0.646556 0.073938
4.861755 -0.552857 0.073010
4.858122 -0.461387 0.072970
4.864289 -0.353993 0.071339
4.937904 -0.342325 0.076924
4.929347 -0.239436 0.075463
4.929962 -0.155412 0.077384
4.941525 -0.044934 0.076688
4.949598 0.066013 0.075928
4.947415 0.149633 0.078018
4.950685 0.246902 0.077219
4.948035 0.362721 0.078457
4.947480 0.446448 0.076515
4.940784 0.552849 0.077748
4.955479 0.657088 0.079458
4.937801 0.743228 0.078967
4.932612 0.860948 0.079749
4.932008 0.952397 0.082364
4.863222 1.043264 0.077110
4.863901 1.137557 0.077490
4.846608 1.239126 0.079605
4.839853 1.345559 0.080741
4.837508 1.419995 0.083050
4.754888 1.458210 0.074645
4.765866 1.544017 0.078068
4.749031 1.650373 0.080268
4.735326 1.737145 0.081936
4.664120 1.876509 0.080655
4.642690 1.951550 0.079846
4.630822 2.055160 0.083837
4.587222 2.066042 0.080137
4.553211 2.152138 0.079287
4.546746 2.239724 0.084127
4.472698 2.344084 0.081764
4.429463 2.454051 0.082797
4.349101 2.556637 0.079749
4.332574 2.654376 0.084483
4.264008 2.743393 0.083482
4.218122 2.836371 0.084794
4.152086 2.855997 0.079066
4.144822 2.948588 0.084763
4.057712 3.048610 0.083425
4.049982 3.124923 0.086066
3.961486 3.154739 0.082119
3.930322 3.237622 0.084779
3.839823 3.340253 0.085659
3.741845 3.440711 0.084226
3.654278 3.548720 0.084987
3.546437 3.655865 0.085479
3.443089 3.743053 0.084693
3.347150 3.839320 0.085152
3.268371 3.864961 0.081858
3.253691 3.953196 0.086613
3.149986 4.035448 0.086652
3.071891 4.040893 0.083623
3.032333 4.141295 0.087610
2.963301 4.140721 0.085695
2.839736 4.243699 0.086320
2.751073 4.266313 0.084291
2.664039 4.336153 0.085868
2.554523 4.367058 0.082784
2.458585 4.452278 0.085847
2.371876 4.458646 0.082298
2.346881 4.552636 0.087294
2.236757 4.542263 0.083838
2.164631 4.564506 0.082890
2.131649 4.668569 0.088053
2.056727 4.640816 0.085486
1.950765 4.670151 0.084299
1.848895 4.724180 0.085632
1.732778 4.763768 0.085475
1.641426 4.764017 0.082938
1.558294 4.820151 0.085502
1.443758 4.850545 0.085320
1.342321 4.856983 0.083256
1.248313 4.930806 0.085820
1.153686 4.935901 0.085443
1.061730 4.936258 0.084584
0.948223 4.958157 0.084180
0.841500 4.957990 0.083391
0.745872 4.965272 0.083300
0.658166 4.951930 0.081561
-0.162463 4.981740 0.082838
-0.242559 4.965193 0.081627
-0.350411 4.957892 0.082059
-0.446853 4.953897 0.082356
-0.543004 4.951792 0.082792
-0.847110 4.867377 0.081055
-0.939362 4.859536 0.081521
-1.143525 4.772449 0.079908
-1.265174 4.751620 0.081058
-1.458903 4.666582 0.079631
-1.550721 4.650103 0.079924
-1.741876 4.566612 0.079962
-1.964645 4.466492 0.079533
-2.257326 4.274765 0.078992
-2.438419 4.163247 0.078140
-2.564867 4.077000 0.077427
-2.751095 3.948028 0.077154
-2.857704 3.846365 0.076804
-2.962968 3.751991 0.077575
-3.057078 3.665851 0.076298
-3.144351 3.642732 0.080633
-3.168427 3.555800 0.074295
-3.257301 3.461845 0.075068
-3.343271 3.436554 0.079068
-3.356938 3.353033 0.076797
-3.444161 3.249519 0.076078
-3.537511 3.148852 0.075527
-3.573107 3.047699 0.073437
-3.669232 2.950040 0.074554
-3.738589 2.847532 0.074318
-3.726642 2.769136 0.072103
-3.851761 2.554431 0.072079
-3.958915 2.357767 0.071773
-4.069927 2.152953 0.070064
-4.184037 1.856111 0.070488
-4.278635 1.573061 0.069985
-4.369162 1.248423 0.066879
-4.383948 1.152426 0.069282
-4.472210 0.427236 0.068112
-4.472860 0.343005 0.064890
-4.476485 0.255882 0.067848
-4.472218 0.153506 0.064498
-5.558486 -0.034867 0.097729
-5.552424 -0.118275 0.097513
-5.541898 -0.234837 0.097216
-5.531180 -0.334546 0.096965
-5.520843 -0.417447 0.096760
-5.509371 -0.500175 0.096557
-5.496675 -0.582701 0.096357
-5.482759 -0.665005 0.096159
-5.464597 -0.763482 0.095927
-5.444851 -0.861624 0.095698
-5.423278 -0.959347 0.095473
-5.400164 -1.056689 0.095253
-5.392070 -1.089034 0.095180
-5.375332 -1.153575 0.095037
-5.348763 -1.249966 0.094826
-5.320737 -1.345919 0.094619
-5.301086 -1.409580 0.094484
-5.285853 -1.457162 0.094384
-5.259537 -1.536144 0.094220
-5.215247 -1.661727 0.093963
-5.180203 -1.755221 0.093777
-5.143431 -1.848019 0.093595
-5.105261 -1.940228 0.093418
-5.092162 -1.970800 0.093360
-5.065359 -2.031672 0.093246
-5.024081 -2.122481 0.093079
-4.995651 -2.182585 0.092970
-4.966544 -2.242352 0.092864
-4.921536 -2.331312 0.092709
-4.890835 -2.390251 0.092608
-4.859303 -2.448738 0.092509
-4.819127 -2.521418 0.092389
-4.777887 -2.593486 0.092273
-4.752623 -2.636417 0.092205
-4.709764 -2.707510 0.092094
-4.674741 -2.763925 0.092008
-4.620939 -2.847726 0.091884
-4.559547 -2.939760 0.091752
-4.509346 -3.012638 0.091651
-4.461161 -3.080161 0.091560
-4.431824 -3.120362 0.091508
-4.392155 -3.173548 0.091440
-2.823830 -4.609026 0.090565
-2.767409 -4.643809 0.090579
-2.665268 -4.665890 0.096451
-2.639046 -4.719740 0.090621
-2.552019 -4.743729 0.094475
-2.464881 -4.815734 0.090696
-2.355837 -4.848059 0.094460
-2.257760 -4.920351 0.090812
-2.156135 -4.944722 0.094433
-2.046522 -5.016505 0.090959
-1.931664 -5.034864 0.095567
-1.860626 -5.063384 0.095551
-1.831647 -5.104384 0.091135
-1.738465 -5.139328 0.091220
-1.655290 -5.139888 0.095549
-1.551852 -5.175063 0.095520
-1.518841 -5.214869 0.091440
-1.439667 -5.239684 0.091525
-1.370604 -5.238728 0.094546
-1.258687 -5.265898 0.095153
-1.135709 -5.323703 0.091884
-1.035848 -5.325910 0.094666
-0.939238 -5.347005 0.094709
-0.831933 -5.375907 0.093943
-0.762162 -5.403471 0.092389
-0.647448 -5.422799 0.092559
-0.548834 -5.437701 0.092709
-0.459613 -5.426836 0.094958
-0.353433 -5.434317 0.095436
-0.254443 -5.448447 0.095101
-0.164006 -5.455484 0.095156
-0.055337 -5.470177 0.094674
0.029451 -5.457884 0.095857
0.141191 -5.468948 0.095399
0.256680 -5.469720 0.095478
0.369600 -5.459690 0.095988
0.452330 -5.474685 0.095265
0.553989 -5.461210 0.095747
0.652994 -5.455041 0.095843
0.743729 -5.447783 0.095944
0.850655 -5.437281 0.096045
0.946054 -5.455892 0.095550
1.045437 -5.443337 0.095777
1.144634 -5.429168 0.096007
1.243620 -5.413391 0.096242
1.309463 -5.401863 0.096400
1.352200 -5.350368 0.096672
1.439517 -5.354405 0.096724
1.538902 -5.355575 0.096970
1.636666 -5.332822 0.097221
1.750296 -5.304328 0.097519
1.858842 -5.249589 0.097462
1.959811 -5.245247 0.098085
2.055763 -5.215234 0.098352
2.144304 -5.158669 0.098007
2.230443 -5.156144 0.098851
2.340624 -5.115548 0.099174
2.444829 -5.074830 0.099487
2.558659 -5.027917 0.099834
2.634325 -5.034286 0.105117
2.666858 -4.984435 0.102484
2.753665 -4.942107 0.102029
2.857821 -4.943918 0.106288
2.870654 -4.884304 0.101794
2.955700 -4.840011 0.102425
3.055181 -4.857031 0.108444
3.063801 -4.780082 0.102990
3.137464 -4.739677 0.102549
3.232504 -4.681664 0.103103
3.328710 -4.625581 0.102895
3.448851 -4.554071 0.102846
3.547296 -4.488879 0.103214
3.616812 -4.441058 0.103478
5.156816 -2.860747 0.111938
5.229542 -2.749659 0.113591
5.259227 -2.660803 0.110871
5.341383 -2.553077 0.112617
5.358991 -2.457466 0.110830
5.456407 -2.436369 0.117847
5.447496 -2.351280 0.113744
5.460189 -2.254988 0.111187
5.528132 -2.240563 0.115304
5.553000 -2.158988 0.115314
5.582329 -2.055130 0.114610
5.643233 -2.042734 0.118135
5.657076 -1.950534 0.116650
5.667456 -1.850626 0.114957
5.740633 -1.740599 0.117142
5.743735 -1.651760 0.115349
5.766673 -1.565175 0.115500
5.851892 -1.549079 0.121102
5.841811 -1.452470 0.117605
5.851479 -1.366313 0.117622
5.869092 -1.259721 0.116236
5.956018 -1.146099 0.120941
5.946346 -1.066372 0.118241
6.040933 -0.762711 0.123650
6.058189 -0.348033 0.119452
6.133560 0.142529 0.124929
6.137265 0.239882 0.126070
6.144977 0.337298 0.128408
6.146454 0.442213 0.127806
6.138840 0.544387 0.125765
6.135920 0.652495 0.128744
6.026770 1.444704 0.126998
5.764868 2.252591 0.124305
5.363437 3.164586 0.126816
5.173040 3.451639 0.125022
5.087401 3.655721 0.128365
4.996874 3.783892 0.128539
3.373839 5.298885 0.129524
3.251420 5.363219 0.128423
3.060847 5.476345 0.129536
2.944787 5.534017 0.128276
2.861973 5.573663 0.127522
2.748025 5.635649 0.129349
2.655016 5.673789 0.127706
2.451875 5.766157 0.129136
2.250277 5.844084 0.128968
2.163602 5.874718 0.128949
1.960729 5.938073 0.127846
1.853398 5.971056 0.128072
1.745566 5.968842 0.125398
1.553332 6.051899 0.128535
1.452329 6.070077 0.127430
1.354660 6.084093 0.125921
0.956632 6.160673 0.128704
0.852138 6.172925 0.128587
0.758411 6.168005 0.125314
0.655899 6.176026 0.124731
0.540752 6.183500 0.125088
0.443240 6.187586 0.125403
0.353533 6.190472 0.124444
0.243680 6.161323 0.124733
0.135038 6.145779 0.124668
0.061360 6.188783 0.124503
-0.051885 6.184459 0.124364
-0.159946 6.176674 0.124494
-0.250729 6.173889 0.123704
-0.850580 6.066954 0.123635
-1.249590 5.952985 0.123455
-1.561004 5.850966 0.123415
-2.643069 5.452319 0.120633
-2.843392 5.336577 0.120322
-2.939343 5.264763 0.119389
-3.112232 5.150125 0.119001
-3.323023 4.952105 0.115628
-4.781647 3.278135 0.108250
-4.807018 3.234011 0.108081
-4.850735 3.149086 0.113462
-4.949712 3.036907 0.118386
-4.940202 2.961395 0.109311
-4.977272 2.842232 0.113621
-5.038540 2.838526 0.114240
-5.051430 2.742367 0.113193
-5.066816 2.663322 0.112517
-5.138005 2.655242 0.117794
-5.143578 2.552269 0.110821
-5.164881 2.436425 0.112088
-5.238813 2.346275 0.113652
-5.244323 2.240102 0.109922
-5.275256 2.152765 0.109743
-5.349439 2.053921 0.114492
-5.331930 1.971702 0.111266
-5.366942 1.857558 0.110302
-5.345314 1.740108 0.110758
-5.443856 1.733129 0.111968
-5.423247 1.647832 0.110746
-5.444319 1.558156 0.106449
-5.468464 1.447007 0.108275
-5.476127 1.341763 0.109743
-5.441940 1.254384 0.109002
-5.534549 1.250454 0.112176
-5.523636 1.140952 0.107684
-5.539629 1.042182 0.108851
-5.550682 0.941146 0.107302
-5.561462 0.840939 0.107114
-5.557750 0.735188 0.099826
-5.563695 0.634726 0.099541
-5.567717 0.534212 0.099260
-5.570103 0.433683 0.098982
-5.570855 0.333163 0.098707
-5.570332 0.266171 0.098525
-5.568574 0.182471 0.098301
-5.563436 0.057049 0.098018
-7.267067 -0.051537 0.165340
-7.259912 -0.175760 0.165148
-7.253330 -0.262037 0.165002
-7.246279 -0.348270 0.164918
-7.234431 -0.466603 0.164749
-7.159544 -0.580019 0.159903
-7.151309 -0.643847 0.159807
-7.152669 -0.752879 0.156055
-7.147748 -0.883491 0.152132
-7.155967 -0.954921 0.160101
-7.146260 -1.064945 0.164013
-7.074115 -1.160656 0.156523
-7.046302 -1.245436 0.158948
-7.046248 -1.368910 0.150923
-7.025394 -1.452534 0.150722
-7.055423 -1.532996 0.167838
-6.955800 -1.647188 0.155672
-6.922916 -1.733304 0.158261
-6.950951 -1.860776 0.163178
-6.753113 -2.251265 0.157649
-6.726829 -2.321374 0.157557
-6.670191 -2.450129 0.160393
-6.631693 -2.559381 0.157302
-6.619066 -2.630378 0.148123
-6.580882 -2.677177 0.157154
-6.540318 -2.749051 0.161679
-6.457959 -2.952414 0.153738
-6.407135 -3.043869 0.156754
-6.362087 -3.144995 0.151901
-6.253515 -3.336194 0.154556
-6.169128 -3.467652 0.161273
-6.064062 -3.646234 0.158209
-5.967472 -3.756934 0.161152
-5.859125 -3.957778 0.155966
-5.797337 -4.044634 0.155903
-3.853800 -5.871570 0.154670
-2.270616 -6.663319 0.158250
-1.656037 -6.880442 0.162463
-1.255426 -6.964753 0.162151
-0.726271 -7.060801 0.159925
-0.660324 -7.062965 0.162469
0.045192 -7.151980 0.153599
0.156126 -7.143164 0.160472
0.252719 -7.147170 0.158660
0.345571 -7.156207 0.154101
0.459658 -7.135644 0.163634
0.552384 -7.141990 0.159062
0.646100 -7.148460 0.154630
0.758310 -7.121040 0.163929
0.858390 -7.147829 0.163239
0.950896 -7.163472 0.167147
1.063787 -7.159314 0.172763
1.334391 -7.038521 0.163924
1.448108 -7.054701 0.160405
1.568885 -7.046676 0.165300
1.660459 -7.067646 0.173608
1.751474 -7.047219 0.171622
1.876133 -7.014089 0.163472
1.954123 -6.956643 0.161258
2.047178 -6.962426 0.169054
2.170505 -6.944060 0.164100
2.262209 -6.924121 0.174500
2.327435 -6.903313 0.169507
2.360449 -6.838263 0.164485
2.451925 -6.866681 0.169765
2.551560 -6.836130 0.174952
2.616643 -6.813937 0.170061
2.677860 -6.751116 0.162536
2.749433 -6.768514 0.173288
2.852091 -6.732216 0.167604
2.953668 -6.657342 0.173328
3.061699 -6.652771 0.166144
3.123957 -6.625773 0.171103
3.251667 -6.576236 0.164266
3.351074 -6.525081 0.174382
3.460869 -6.476851 0.171815
3.548972 -6.426934 0.178912
3.617156 -6.417105 0.158395
3.643520 -6.358742 0.175208
3.744605 -6.328790 0.176922
3.812259 -6.319996 0.159086
3.858880 -6.266823 0.177127
3.947226 -6.248626 0.159576
4.055436 -6.162997 0.173120
4.175388 -6.119954 0.160429
4.259693 -6.039002 0.173601
4.325113 -6.029752 0.161005
4.353744 -5.967841 0.178070
4.454453 -5.947917 0.161515
4.527710 -5.900062 0.161807
4.564119 -5.875776 0.161954
4.636491 -5.826493 0.162250
4.744091 -5.751084 0.162695
4.815174 -5.699828 0.162993
6.537906 -3.947941 0.171713
6.588676 -3.875282 0.172032
6.626132 -3.820326 0.172271
6.687578 -3.728025 0.172669
6.735691 -3.653447 0.172988
6.806433 -3.540606 0.173465
6.863811 -3.445528 0.173863
6.919876 -3.349609 0.174261
6.974504 -3.252799 0.174658
7.038249 -3.135546 0.175134
7.089846 -3.036955 0.175530
7.129961 -2.957436 0.175847
7.169387 -2.877544 0.176163
7.217196 -2.776904 0.176557
7.272676 -2.655180 0.177029
7.326035 -2.532428 0.177500
7.368896 -2.429389 0.177890
7.385611 -2.387980 0.178047
7.418316 -2.304847 0.178358
7.434308 -2.263126 0.178513
7.473191 -2.158372 0.178901
7.517871 -2.031878 0.179364
7.546428 -1.947080 0.179672
7.573995 -1.861920 0.179979
7.613479 -1.733527 0.180437
7.644691 -1.625968 0.180817
7.662613 -1.561177 0.181044
7.691301 -1.452834 0.181421
7.702320 -1.409362 0.181571
7.723591 -1.322205 0.181870
7.738842 -1.256646 0.182094
7.767674 -1.125100 0.182539
7.789960 -1.015056 0.182908
7.798408 -0.970931 0.183054
7.806597 -0.926750 0.183201
7.822195 -0.838223 0.183492
7.836662 -0.749470 0.183782
7.853437 -0.638285 0.184143
7.862715 -0.571436 0.184357
7.876775 -0.459794 0.184714
7.889163 -0.347907 0.185067
7.898015 -0.258256 0.185348
7.901999 -0.213376 0.185487
7.909171 -0.123527 0.185765
7.912358 -0.078561 0.185903
7.919125 0.033965 0.186247
7.924157 0.146628 0.186587
7.927719 0.259386 0.186924
7.929539 0.372234 0.187258
7.929773 0.439974 0.187457
7.928776 0.552905 0.187785
7.926300 0.665851 0.188111
7.922076 0.778791 0.188433
7.918681 0.846540 0.188624
7.911765 0.959415 0.188940
7.906754 1.027103 0.189127
7.894983 1.162380 0.189498
7.885789 1.252471 0.189743
7.875520 1.342472 0.189985
7.861068 1.454813 0.190283
7.845139 1.566990 0.190579
7.827466 1.678946 0.190869
7.816004 1.745999 0.191042
7.804006 1.812970 0.191212
7.795650 1.857561 0.191326
7.782584 1.924356 0.191494
7.754715 2.057632 0.191826
7.734803 2.146224 0.192043
7.713829 2.234594 0.192258
7.686020 2.344699 0.192522
7.662795 2.432552 0.192731
7.632082 2.541946 0.192987
7.612917 2.607387 0.193139
7.586403 2.694375 0.193338
7.565799 2.759406 0.193485
7.530240 2.867424 0.193727
7.515549 2.910484 0.193822
7.485389 2.996350 0.194011
7.462057 3.060509 0.194150
7.421971 3.167020 0.194378
7.405474 3.209457 0.194468
7.388721 3.251799 0.194557
7.345692 3.357213 0.194775
7.310152 3.441101 0.194947
7.264210 3.545333 0.195156
7.216887 3.648971 0.195360
7.167857 3.751844 0.195559
7.117380 3.854041 0.195753
7.065261 3.955440 0.195941
7.011716 4.056118 0.196124
6.956552 4.155946 0.196301
6.888511 4.274733 0.196507
6.841784 4.353149 0.196639
6.794347 4.431149 0.196768
6.733552 4.527747 0.196924
6.645949 4.661420 0.197132
6.594788 4.737089 0.197247
6.529382 4.830698 0.197384
6.489505 4.886425 0.197464
6.435440 4.960091 0.197567
6.366748 5.051363 0.197691
4.518748 6.774304 0.198878
4.480484 6.799382 0.198871
4.422788 6.836535 0.198859
4.325940 6.897367 0.198835
4.247727 6.944835 0.198811
4.169090 6.991592 0.198784
4.129528 7.014555 0.198769
4.049950 7.059680 0.198735
3.949812 7.114880 0.198687
3.828541 7.179054 0.198622
3.747065 7.220611 0.198574
3.644488 7.271075 0.198507
3.561986 7.310526 0.198451
3.458124 7.358246 0.198374
3.332590 7.413469 0.198274
3.227255 7.457776 0.198183
3.184935 7.475039 0.198146
3.057341 7.525207 0.198026
2.928945 7.573226 0.197899
2.885951 7.588686 0.197855
2.756406 7.633417 0.197715
2.626154 7.675970 0.197568
2.582564 7.689600 0.197517
2.451308 7.728819 0.197358
2.319440 7.765834 0.197191
2.275336 7.777611 0.197134
2.164780 7.805856 0.196986
2.053819 7.832365 0.196832
1.942536 7.857399 0.196673
1.830897 7.880687 0.196508
1.763752 7.893798 0.196406
1.629157 7.918266 0.196197
1.561718 7.929620 0.196090
1.449108 7.947101 0.195906
1.381440 7.956830 0.195793
1.245866 7.974296 0.195562
1.110055 7.989496 0.195323
1.042061 7.996098 0.195200
0.928643 8.005830 0.194992
0.860538 8.010797 0.194865
0.724243 8.018960 0.194604
0.656062 8.022155 0.194471
0.542397 8.026027 0.194246
0.474190 8.027587 0.194108
0.360515 8.028735 0.193874
0.246871 8.028114 0.193635
0.133274 8.025996 0.193392
0.019758 8.022113 0.193144
-0.048299 8.018916 0.192993
-0.161634 8.012321 0.192737
-0.229561 8.007499 0.192581
-0.365241 7.996100 0.192265
-0.432983 7.989525 0.192104
-0.545706 7.977132 0.191833
-0.613237 7.968945 0.191668
-0.747998 7.950607 0.191333
-0.860015 7.933622 0.191050
-0.949402 7.918792 0.190820
-1.060848 7.898797 0.190529
-1.127539 7.885954 0.190352
-1.260533 7.858558 0.189994
-1.326828 7.844007 0.189814
-1.436967 7.818362 0.189509
-1.502858 7.802247 0.189324
-1.568569 7.785482 0.189138
-1.655936 7.762268 0.188888
-1.764718 7.731833 0.188572
-1.829730 7.712753 0.188380
-1.959206 7.672934 0.187994
-2.045086 7.645120 0.187733
-2.130602 7.616297 0.187471
-2.194506 7.594052 0.187272
-2.258169 7.571182 0.187072
-2.363813 7.531904 0.186737
-2.405889 7.515748 0.186602
-2.447861 7.499344 0.186466
-2.552315 7.457232 0.186125
-2.656118 7.413655 0.185781
-2.697439 7.395788 0.185643
-2.779739 7.359330 0.185364
-2.841144 7.331327 0.185154
-2.963180 7.273773 0.184731
-3.064051 7.224216 0.184376
-3.104174 7.203970 0.184233
-3.184036 7.162781 0.183946
-3.223773 7.141839 0.183802
-3.322519 7.088446 0.183440
-3.439922 7.022526 0.183002
-3.556076 6.954574 0.182561
-3.670947 6.884615 0.182116
-3.765686 6.824828 0.181744
-3.859454 6.763625 0.181369
-3.952306 6.701130 0.180992
-3.989168 6.675749 0.180841
-4.062419 6.624351 0.180538
-4.098807 6.598337 0.180386
-4.153067 6.558898 0.180157
-4.260528 6.478679 0.179698
-4.331342 6.424178 0.179391
-4.384033 6.382796 0.179160
-4.436300 6.340915 0.178929
-4.488225 6.298635 0.178697
-4.539716 6.255864 0.178464
-6.164328 4.361186 0.169531
-6.231831 4.247355 0.169057
-6.297418 4.132493 0.168584
-6.339817 4.055234 0.168269
-6.348925 3.953506 0.172524
-6.432210 3.879919 0.167563
-6.436199 3.749423 0.174546
-6.546086 3.552239 0.172678
-6.722219 3.239573 0.165085
-6.830010 2.952174 0.164019
-6.848257 2.848040 0.168849
-6.867852 2.750230 0.173306
-6.918072 2.648056 0.167508
-6.947652 2.550465 0.167207
-6.968282 2.464309 0.169388
-7.015506 2.345528 0.161857
-7.032784 2.233677 0.168990
-7.053998 2.149158 0.168801
-7.079053 2.052874 0.167083
-7.107245 1.931724 0.165793
-7.126208 1.830990 0.168264
-7.140754 1.756262 0.168116
-7.162644 1.638743 0.167929
-7.180765 1.531602 0.167747
-7.192273 1.456415 0.167603
-7.209384 1.338200 0.167422
-7.223155 1.230501 0.167245
-7.231616 1.154976 0.167106
-7.243930 1.036257 0.166932
-7.253338 0.928177 0.166761
-7.260780 0.870530 0.169890
-7.263532 0.746356 0.164533
-7.271295 0.625118 0.166293
-7.277731 0.567545 0.169576
-7.273359 0.443008 0.163987
-7.276712 0.343466 0.165844
-7.276631 0.256836 0.165751
-7.268152 0.133886 0.161997
-7.278021 0.055055 0.169051
-10.204241 -0.170956 0.253632
-10.198915 -0.246452 0.253315
-10.191113 -0.336898 0.253035
-10.179580 -0.457347 0.252664
-10.170086 -0.547567 0.252389
-10.159746 -0.637661 0.252116
-10.144839 -0.757610 0.251755
-10.132818 -0.847432 0.251486
-10.119959 -0.937106 0.251221
-10.106430 -1.026657 0.250957
-10.096967 -1.086272 0.250782
-10.087169 -1.145821 0.250609
-10.071806 -1.235007 0.250350
-10.050217 -1.353686 0.250009
-10.033196 -1.442510 0.249756
-10.015349 -1.531142 0.249506
-9.990457 -1.649052 0.249175
-9.964250 -1.766629 0.248849
-9.943777 -1.854598 0.248607
-9.922488 -1.942343 0.248367
-9.900548 -2.029905 0.248130
-9.885488 -2.088155 0.247973
-9.870105 -2.146308 0.247817
-9.846384 -2.233342 0.247586
-9.779696 -2.464347 0.246981
-9.621099 -2.949430 0.245754
-9.600939 -3.005941 0.245615
-9.549130 -3.146661 0.245273
-9.517174 -3.230740 0.245071
-9.495457 -3.286620 0.244937
-9.462264 -3.370179 0.244740
-9.428455 -3.453470 0.244545
-9.405508 -3.508817 0.244416
-9.382254 -3.564027 0.244289
-9.346765 -3.646563 0.244100
-9.286200 -3.783460 0.243791
-9.248894 -3.865135 0.243610
-9.210990 -3.946515 0.243431
-9.172338 -4.027520 0.243255
-9.119811 -4.135017 0.243024
-9.066101 -4.241893 0.242798
-9.025083 -4.321655 0.242632
-8.955161 -4.453732 0.242361
-8.912395 -4.532519 0.242202
-8.883498 -4.584821 0.242097
-8.839578 -4.662938 0.241943
-8.780065 -4.766525 0.241742
-8.719413 -4.869417 0.241546
-8.657633 -4.971604 0.241354
-8.610595 -5.047797 0.241214
-8.578865 -5.098351 0.241122
-8.530714 -5.173815 0.240987
-8.465592 -5.273816 0.240811
-8.416065 -5.348348 0.240682
-8.382683 -5.397783 0.240597
-8.349030 -5.447026 0.240514
-8.263680 -5.569264 0.240313
-8.211719 -5.642059 0.240195
-8.176723 -5.690324 0.240119
-8.141462 -5.738390 0.240043
-8.052125 -5.857647 0.239861
-7.979505 -5.952153 0.239721
-7.887307 -6.069145 0.239552
-7.831167 -6.138668 0.239456
-7.755466 -6.230656 0.239331
-5.658921 -8.157609 0.237928
-5.536469 -8.241960 0.237940
-5.487153 -8.275209 0.237946
-5.437651 -8.308185 0.237955
-5.387966 -8.340886 0.237964
-5.262939 -8.421393 0.237994
-5.187423 -8.468920 0.238016
-5.136844 -8.500231 0.238032
-5.035162 -8.562010 0.238069
-4.984064 -8.592476 0.238089
-4.932795 -8.622660 0.238111
-4.855556 -8.667363 0.238146
-4.752016 -8.726017 0.238197
-4.647823 -8.783520 0.238254
-4.542988 -8.839865 0.238316
-4.463968 -8.881397 0.238366
-4.411080 -8.908696 0.238401
-4.331443 -8.949058 0.238456
-4.251503 -8.988830 0.238514
-4.171191 -9.027864 0.238575
-4.063621 -9.078919 0.238661
-3.982583 -9.116464 0.238729
-3.846771 -9.177441 0.238849
-3.737516 -9.224895 0.238951
-3.627725 -9.271138 0.239058
-3.545054 -9.305059 0.239142
-3.462061 -9.338217 0.239229
-3.350985 -9.381403 0.239349
-3.239418 -9.423357 0.239474
-3.155442 -9.454050 0.239572
-3.071173 -9.483966 0.239672
-2.958433 -9.522816 0.239811
-2.845247 -9.560414 0.239955
-2.760086 -9.587829 0.240066
-2.703170 -9.605684 0.240142
-2.646150 -9.623224 0.240219
-2.560416 -9.648902 0.240337
-2.445772 -9.682082 0.240498
-2.330742 -9.713989 0.240665
-2.244235 -9.737122 0.240794
-2.157501 -9.759453 0.240925
-2.041562 -9.788156 0.241105
-1.954395 -9.808880 0.241243
-1.867022 -9.828795 0.241384
-1.750260 -9.854271 0.241576
-1.633193 -9.878448 0.241773
-1.545208 -9.895766 0.241924
-1.457048 -9.912270 0.242079
-1.339277 -9.933183 0.242288
-1.250786 -9.948050 0.242449
-1.132573 -9.966666 0.242667
-1.043752 -9.979723 0.242834
-0.954820 -9.992122 0.243004
-0.895461 -9.999947 0.243118
-0.836050 -10.007440 0.243234
-0.746836 -10.018018 0.243411
-0.657528 -10.027933 0.243589
-0.568110 -10.037017 0.243771
-0.448748 -10.048021 0.244017
-0.359130 -10.055441 0.244205
-0.269424 -10.062026 0.244395
-0.149707 -10.069691 0.244653
-0.059846 -10.074605 0.244850
0.030081 -10.078680 0.245049
0.150062 -10.082994 0.245319
0.240099 -10.085392 0.245524
0.330180 -10.086948 0.245732
0.450337 -10.087902 0.246014
0.540483 -10.087774 0.246227
0.630650 -10.086804 0.246444
0.750891 -10.084386 0.246737
0.841078 -10.081729 0.246959
0.931263 -10.078227 0.247184
1.051498 -10.072431 0.247488
1.141658 -10.067239 0.247718
1.231793 -10.061201 0.247952
1.351930 -10.052022 0.248266
1.441994 -10.044292 0.248505
1.532010 -10.035716 0.248747
1.651958 -10.023152 0.249072
1.741856 -10.012883 0.249319
1.801752 -10.005586 0.249485
1.861617 -9.997951 0.249652
1.951351 -9.985820 0.249904
2.041015 -9.973012 0.250159
2.130586 -9.959359 0.250416
2.249878 -9.940028 0.250762
2.368994 -9.919344 0.251112
2.458213 -9.902987 0.251378
2.547306 -9.885787 0.251645
2.665918 -9.861728 0.252006
2.754736 -9.842841 0.252278
2.843404 -9.823112 0.252553
2.931948 -9.802711 0.252830
2.990890 -9.788662 0.253016
3.049765 -9.774276 0.253203
3.137938 -9.752027 0.253485
3.255261 -9.721243 0.253865
3.343066 -9.697318 0.254152
3.430674 -9.672557 0.254441
3.547213 -9.638429 0.254830
3.634405 -9.612000 0.255123
3.692417 -9.593936 0.255320
3.750340 -9.575540 0.255518
3.837039 -9.547282 0.255817
3.923549 -9.518360 0.256117
3.981093 -9.498636 0.256318
4.067211 -9.468392 0.256622
4.153125 -9.437486 0.256928
4.210262 -9.416443 0.257132
4.267293 -9.395071 0.257338
4.352621 -9.362355 0.257648
4.466019 -9.317642 0.258064
4.550781 -9.283289 0.258378
4.635249 -9.248121 0.258694
4.719476 -9.212302 0.259012
4.775463 -9.187989 0.259225
4.859193 -9.150872 0.259546
4.942666 -9.113109 0.259868
4.998141 -9.087502 0.260084
5.053483 -9.061574 0.260301
5.136226 -9.022040 0.260627
5.246091 -8.968260 0.261065
5.328138 -8.927126 0.261395
5.382646 -8.899279 0.261616
5.437006 -8.871114 0.261838
5.545285 -8.813835 0.262283
5.599198 -8.784721 0.262507
5.652958 -8.755294 0.262732
5.706563 -8.725551 0.262957
5.760011 -8.695496 0.263183
5.839865 -8.649786 0.263523
5.919396 -8.603454 0.263864
5.972199 -8.572151 0.264092
6.024836 -8.540539 0.264321
6.155668 -8.460120 0.264897
6.233687 -8.411008 0.265244
6.285467 -8.377858 0.265476
6.362782 -8.327526 0.265825
6.465267 -8.259404 0.266293
6.541675 -8.207558 0.266645
6.592366 -8.172591 0.266880
6.668026 -8.119545 0.267235
6.768270 -8.047821 0.267709
6.867738 -7.974912 0.268185
8.966968 -5.916660 0.279954
9.005049 -5.867089 0.280208
9.080375 -5.767243 0.280716
9.117616 -5.716972 0.280970
9.172911 -5.641106 0.281352
9.227634 -5.564783 0.281733
9.299545 -5.462193 0.282243
9.335065 -5.410564 0.282497
9.370293 -5.358714 0.282752
9.405228 -5.306645 0.283007
9.457040 -5.228106 0.283389
9.508257 -5.149137 0.283771
9.558727 -5.069636 0.284153
9.625014 -4.962935 0.284662
9.673969 -4.882390 0.285044
9.706200 -4.828421 0.285299
9.753928 -4.747063 0.285681
9.816533 -4.637919 0.286189
9.877889 -4.527988 0.286698
9.923120 -4.445056 0.287079
9.967556 -4.361648 0.287460
10.011357 -4.277864 0.287840
10.082644 -4.137239 0.288473
10.124511 -4.052356 0.288853
10.165563 -3.967029 0.289232
10.219205 -3.852677 0.289737
10.271528 -3.737640 0.290240
10.309938 -3.650942 0.290618
10.347515 -3.563831 0.290995
10.384418 -3.476398 0.291371
10.408570 -3.417895 0.291621
10.444121 -3.329829 0.291996
10.478992 -3.241455 0.292371
10.524228 -3.123069 0.292869
10.557210 -3.033874 0.293242
10.589500 -2.944390 0.293614
10.620922 -2.854553 0.293985
10.661653 -2.734312 0.294478
10.691323 -2.643795 0.294848
10.720114 -2.552950 0.295216
10.757319 -2.431398 0.295706
10.784335 -2.339924 0.296072
10.810457 -2.248147 0.296437
10.835862 -2.156137 0.296801
10.860368 -2.063839 0.297164
10.891837 -1.940408 0.297646
10.914531 -1.847566 0.298006
10.936316 -1.754464 0.298365
10.957370 -1.661162 0.298724
10.977506 -1.567617 0.299080
10.996908 -1.473884 0.299436
11.009351 -1.411274 0.299672
11.021424 -1.348575 0.299908
11.038794 -1.254356 0.300260
11.055420 -1.159972 0.300611
11.071115 -1.065388 0.300961
11.090798 -0.939025 0.301425
11.104624 -0.844072 0.301771
11.117510 -0.748948 0.302116
11.129644 -0.653694 0.302460
11.140835 -0.558287 0.302801
11.151270 -0.462763 0.303142
11.160757 -0.367104 0.303480
11.172140 -0.239388 0.303929
11.179727 -0.143484 0.304264
11.186360 -0.047473 0.304596
11.192229 0.048618 0.304928
11.197142 0.144799 0.305257
11.201288 0.241045 0.305585
11.204475 0.337364 0.305911
11.207444 0.465872 0.306342
11.208709 0.562307 0.306664
11.209009 0.658784 0.306983
11.208539 0.755289 0.307301
11.207104 0.851819 0.307616
11.204895 0.948363 0.307930
11.201720 1.044913 0.308241
11.197771 1.141463 0.308551
11.192854 1.238001 0.308858
11.185006 1.366691 0.309265
11.178152 1.463179 0.309567
11.170328 1.559626 0.309867
11.161729 1.656033 0.310166
11.152159 1.752381 0.310461
11.141814 1.848674 0.310755
11.130500 1.944891 0.311046
11.118411 2.041039 0.311335
11.105351 2.137092 0.311621
10.983333 2.838115 0.313648
10.956129 2.964778 0.314002
10.934764 3.059593 0.314265
10.912438 3.154216 0.314525
10.889344 3.248677 0.314782
10.865294 3.342928 0.315036
10.831951 3.468300 0.315372
10.805988 3.562099 0.315620
10.779075 3.655656 0.315865
10.751400 3.749014 0.316108
10.722776 3.842111 0.316348
10.683350 3.965882 0.316664
10.652836 4.058431 0.316897
10.621380 4.150690 0.317127
10.589173 4.242711 0.317355
10.556029 4.334424 0.317580
10.522138 4.425884 0.317802
10.499045 4.486684 0.317948
10.475583 4.547352 0.318093
10.439645 4.638083 0.318307
10.402967 4.728536 0.318519
10.378024 4.788650 0.318659
10.352711 4.848619 0.318797
10.314009 4.938278 0.319001
10.261186 5.057320 0.319270
10.220656 5.146215 0.319467
10.179221 5.234714 0.319662
10.122768 5.352171 0.319916
10.064876 5.468961 0.320165
10.020561 5.556126 0.320348
9.975357 5.642854 0.320527
9.929442 5.729225 0.320704
9.898361 5.786565 0.320820
9.866927 5.843720 0.320934
9.819077 5.929081 0.321103
9.754113 6.042260 0.321323
9.704521 6.126660 0.321485
9.670999 6.182665 0.321590
9.620028 6.266271 0.321746
9.568373 6.349472 0.321898
9.533482 6.404664 0.321998
9.498251 6.459648 0.322096
9.444730 6.541701 0.322241
9.353963 6.677454 0.322474
9.317055 6.731362 0.322565
9.279816 6.785048 0.322654
9.223299 6.865130 0.322785
9.146850 6.971148 0.322954
9.088699 7.050084 0.323077
9.029742 7.128434 0.323196
8.950062 7.232109 0.323350
8.869112 7.334817 0.323498
6.606350 9.451314 0.325133
6.552441 9.488488 0.325128
6.443949 9.561845 0.325114
6.389370 9.598023 0.325104
6.334571 9.633866 0.325093
6.279555 9.669374 0.325080
6.224324 9.704542 0.325065
6.141052 9.756617 0.325040
6.029326 9.824911 0.325001
5.945017 9.875273 0.324968
5.860203 9.924770 0.324931
5.774992 9.973573 0.324890
5.717923 10.005642 0.324861
5.631936 10.053044 0.324814
5.545568 10.099741 0.324764
5.458735 10.145554 0.324710
5.371537 10.190653 0.324652
5.313165 10.220243 0.324612
5.254616 10.249475 0.324570
5.195891 10.278346 0.324526
5.136995 10.306856 0.324481
5.048311 10.348898 0.324410
4.959294 10.390213 0.324336
4.869869 10.430616 0.324258
4.750106 10.483263 0.324148
4.659894 10.521829 0.324062
4.569305 10.559469 0.323972
4.478420 10.596367 0.323878
4.417637 10.620470 0.323814
4.356712 10.644199 0.323748
4.265047 10.679045 0.323647
4.142377 10.724254 0.323506
4.050045 10.757218 0.323396
3.957395 10.789238 0.323282
3.833452 10.830667 0.323126
3.740196 10.860786 0.323004
3.646652 10.889953 0.322879
3.552885 10.918354 0.322751
3.458848 10.945796 0.322619
3.333122 10.981105 0.322438
3.238577 11.006622 0.322299
3.143794 11.031174 0.322156
3.048828 11.054952 0.322009
2.953641 11.077759 0.321859
2.858286 11.099791 0.321706
2.762730 11.120849 0.321550
2.635067 11.147626 0.321336
2.539138 11.166734 0.321172
2.443040 11.184863 0.321004
2.346812 11.202209 0.320834
2.250433 11.218576 0.320660
2.153940 11.234158 0.320483
2.057315 11.248758 0.320302
1.960590 11.262571 0.320119
1.863751 11.275401 0.319932
1.734496 11.291195 0.319678
1.637460 11.302056 0.319485
1.540341 11.311933 0.319287
1.443164 11.321019 0.319087
1.345922 11.329121 0.318884
1.248637 11.336434 0.318678
1.151306 11.342762 0.318468
1.053946 11.348300 0.318256
0.956559 11.352851 0.318041
0.859158 11.356617 0.317822
0.761750 11.359396 0.317601
0.664341 11.361387 0.317377
0.566944 11.362394 0.317150
0.437109 11.362427 0.316842
0.339763 11.361468 0.316609
0.242458 11.359528 0.316372
0.145193 11.356803 0.316133
0.047988 11.353099 0.315890
-0.049161 11.348611 0.315646
-0.146233 11.343147 0.315398
-0.243235 11.336901 0.315148
-0.340141 11.329681 0.314894
-0.436963 11.321682 0.314639
-0.533670 11.312712 0.314380
-0.630279 11.302966 0.314119
-0.694615 11.295951 0.313944
-0.758895 11.288551 0.313767
-0.855200 11.276678 0.313500
-0.951381 11.264032 0.313231
-1.047400 11.250426 0.312958
-1.143283 11.236053 0.312684
-1.238985 11.220722 0.312407
-1.334537 11.204627 0.312127
-1.398133 11.193388 0.311940
-1.461648 11.181769 0.311751
-1.556752 11.163581 0.311466
-1.651681 11.144636 0.311178
-1.746384 11.124747 0.310888
-1.840899 11.104105 0.310596
-1.935170 11.082524 0.310302
-2.060526 11.052503 0.309906
-2.154280 11.029055 0.309607
-2.216639 11.012927 0.309406
-2.278886 10.996429 0.309204
-2.341020 10.979562 0.309001
-2.433989 10.953523 0.308695
-2.557549 10.917580 0.308284
-2.649912 10.889708 0.307973
-2.741958 10.860925 0.307660
-2.864251 10.821339 0.307240
-2.955637 10.790747 0.306923
-3.046678 10.759256 0.306603
-3.167596 10.716077 0.306174
-3.257924 10.682803 0.305850
-3.347881 10.648643 0.305525
-3.437535 10.613777 0.305197
-3.497099 10.590066 0.304978
-3.556507 10.566005 0.304758
-3.645300 10.529216 0.304426
-3.763150 10.479010 0.303981
-3.851125 10.440493 0.303646
-3.909551 10.414357 0.303421
-3.967805 10.387880 0.303196
-4.054841 10.347485 0.302856
-4.141524 10.306412 0.302515
-4.199076 10.278581 0.302287
-4.256446 10.250415 0.302058
-4.313635 10.221914 0.301829
-4.370638 10.193081 0.301599
-4.455770 10.149169 0.301252
-4.540522 10.104598 0.300904
-4.596768 10.074447 0.300671
-4.652820 10.043969 0.300438
-4.708675 10.013166 0.300204
-4.764333 9.982040 0.299969
-4.847420 9.934709 0.299616
-4.957525 9.870534 0.299144
-5.039589 9.821609 0.298788
-5.094021 9.788571 0.298550
-5.148242 9.755220 0.298311
-5.202250 9.721557 0.298072
-5.256045 9.687583 0.297833
-5.336303 9.636004 0.297472
-5.442584 9.566211 0.296990
-5.521741 9.513103 0.296627
-5.574213 9.477296 0.296385
-5.652468 9.422985 0.296020
-5.756043 9.349578 0.295533
-5.858689 9.274992 0.295043
-5.935086 9.218321 0.294675
-5.985701 9.180155 0.294429
-6.061143 9.122330 0.294060
-6.160925 9.044280 0.293565
-6.259727 8.965101 0.293070
-6.333209 8.905019 0.292698
-6.430265 8.823895 0.292200
-6.478415 8.782923 0.291951
-6.550128 8.720923 0.291576
-6.644887 8.637360 0.291076
-6.715307 8.574023 0.290700
-8.599804 6.319310 0.278790
-8.648974 6.239855 0.278411
-8.697512 6.160051 0.278033
-8.729445 6.106620 0.277781
-8.761059 6.053020 0.277529
-8.792354 5.999253 0.277277
-8.823328 5.945321 0.277026
-8.869147 5.864097 0.276649
-8.973365 5.673249 0.275772
-9.002399 5.618366 0.275522
-9.045300 5.535741 0.275147
-9.087548 5.452817 0.274773
-9.115276 5.397340 0.274524
-9.183118 5.258006 0.273904
-9.235940 5.145927 0.273408
-9.274730 5.061530 0.273038
-9.300145 5.005089 0.272791
-9.325231 4.948518 0.272545
-9.362190 4.863406 0.272176
-9.398481 4.778044 0.271808
-9.422230 4.720973 0.271563
-9.457181 4.635128 0.271197
-9.491462 4.549048 0.270832
-9.524899 4.462684 0.270467
-9.568358 4.347162 0.269983
-9.709786 3.939567 0.268301
-9.809237 3.616084 0.266997
-9.826199 3.556990 0.266762
-9.850956 3.468189 0.266410
-9.882819 3.349530 0.265943
-9.913308 3.230579 0.265477
-9.935313 3.141190 0.265130
-9.956457 3.051634 0.264784
-9.983499 2.932017 0.264325
-10.002916 2.842154 0.263982
-10.021471 2.752149 0.263641
-10.061882 2.541701 0.262850
-10.077842 2.451320 0.262514
-10.093110 2.360852 0.262179
-10.102827 2.300483 0.261956
-10.112197 2.240077 0.261735
-10.125560 2.149393 0.261403
-10.138229 2.058641 0.261074
-10.150033 1.967811 0.260746
-10.164617 1.846612 0.260311
-10.174687 1.755650 0.259986
-10.183893 1.664635 0.259664
-10.195013 1.543220 0.259236
-10.202488 1.452121 0.258918
-10.209097 1.360992 0.258601
-10.216757 1.239458 0.258182
-10.221639 1.148293 0.257869
-10.225656 1.057123 0.257558
-10.229862 0.935566 0.257147
-10.232155 0.844409 0.256840
-10.233586 0.753269 0.256536
-10.234347 0.631784 0.256132
-10.234058 0.540704 0.255832
-10.232913 0.449665 0.255534
-10.231079 0.358666 0.255238
-10.228390 0.267722 0.254944
-10.223663 0.146549 0.254555
-10.219263 0.055739 0.254265
-10.214012 -0.034991 0.253978
-2.229410 -2.222310 0.019141
-2.135416 -2.311685 0.019108
-2.015123 -2.416629 0.019082
2.577071 -2.266366 0.025512
3.069535 -1.682210 0.027214
3.197053 -1.476508 0.027752
3.292115 -1.298494 0.028197
3.532184 -0.666840 0.029644
3.632385 -0.140748 0.030717
3.641096 -0.050077 0.030890
3.647682 0.040786 0.031061
3.651605 0.131821 0.031228
3.653279 0.253317 0.031447
3.651410 0.354578 0.031625
3.647325 0.445652 0.031782
3.640572 0.536583 0.031935
3.628016 0.657521 0.032133
3.615942 0.747928 0.032278
3.595963 0.867906 0.032465
3.578080 0.957374 0.032601
3.558101 1.046408 0.032733
3.535517 1.134828 0.032860
3.493052 1.280891 0.033063
3.467716 1.357976 0.033167
3.435790 1.447104 0.033283
3.380937 1.585406 0.033456
3.353775 1.647352 0.033529
3.305449 1.751693 0.033651
3.296520 1.769918 0.033671
3.254906 1.851214 0.033760
3.181129 1.984355 0.033898
3.142669 2.048074 0.033960
3.069714 2.162039 0.034066
3.016108 2.240146 0.034133
2.986428 2.281317 0.034166
2.931524 2.354335 0.034223
2.863894 2.438890 0.034283
2.848693 2.549013 0.035647
2.762104 2.556626 0.034356
2.636288 2.689107 0.034423
2.570704 2.752712 0.034449
2.442366 2.868062 0.034482
2.332282 2.957920 0.034495
2.229846 3.035604 0.034496
2.152530 3.090342 0.034489
2.042263 3.162786 0.034470
1.955729 3.215805 0.034449
1.864622 3.267720 0.034419
1.744870 3.330665 0.034371
1.049256 3.590030 0.033899
0.540657 3.679507 0.033376
0.449837 3.687512 0.033269
-0.156792 3.678650 0.032439
-0.247225 3.668011 0.032299
-1.899766 2.988419 0.028870
-3.857309 0.047240 0.046827
-3.855745 -0.051641 0.045266
-3.763566 -0.560403 0.046878
-3.770136 -0.647958 0.044428
-3.668040 -0.950891 0.046422
-2.274448 -2.959980 0.042097
-1.966948 -3.158025 0.041179
-1.657675 -3.362911 0.042503
-1.449149 -3.472576 0.041847
-1.255821 -3.559295 0.042296
-0.938112 -3.656067 0.043004
-0.859963 -3.664204 0.040450
-0.560773 -3.749019 0.042472
-0.446576 -3.757278 0.041538
0.763629 -3.765600 0.041166
0.845075 -3.770740 0.042642
0.946428 -3.753324 0.043301
1.054021 -3.748605 0.044225
1.158869 -3.749598 0.046931
1.250240 -3.655584 0.041155
1.346295 -3.660681 0.043652
1.466848 -3.636196 0.044599
1.546260 -3.562129 0.041349
1.648867 -3.560535 0.044244
1.764727 -3.542727 0.046544
1.847820 -3.452912 0.042677
1.944316 -3.444284 0.045129
2.065371 -3.362248 0.043772
2.169704 -3.327893 0.045411
2.256795 -3.262266 0.044532
2.360751 -3.233404 0.047564
2.373064 -3.145698 0.041689
2.457377 -3.151285 0.045891
2.536613 -3.143192 0.050158
2.560108 -3.051687 0.044179
2.652686 -3.037833 0.048433
2.656565 -2.964494 0.043379
2.759222 -2.941830 0.047445
2.841709 -2.858775 0.046424
2.954720 -2.856840 0.054666
2.949071 -2.761436 0.046567
3.052296 -2.665957 0.046883
3.153372 -2.558066 0.046907
3.243843 -2.552708 0.054150
3.247345 -2.456618 0.047205
3.357871 -2.349918 0.049211
3.457391 -2.248489 0.051211
3.458211 -2.157311 0.045877
3.545852 -2.140218 0.052433
3.559892 -2.061966 0.048781
3.632622 -2.033990 0.053986
3.653388 -1.936542 0.050194
3.678736 -1.854304 0.047854
3.749236 -1.841691 0.054259
3.755704 -1.748365 0.049671
3.848466 -1.645609 0.053767
3.945981 -1.437561 0.053705
4.040688 -1.241862 0.055787
4.168630 -0.638407 0.051280
4.240978 -0.252424 0.053293
4.249567 -0.140100 0.052721
4.262334 -0.033768 0.053555
4.248730 0.054894 0.051813
4.268896 0.142819 0.053779
4.257820 0.240846 0.052453
4.253874 0.347990 0.052970
4.261984 0.453140 0.054162
4.236116 0.547974 0.052368
4.261966 0.634096 0.055374
4.262456 0.748273 0.057297
4.239591 0.859544 0.056550
4.251210 0.951820 0.058947
4.262469 1.053804 0.062184
4.156582 1.070764 0.052950
4.149019 1.153104 0.054116
4.162136 1.255800 0.057794
4.133410 1.344921 0.057760
4.153607 1.453947 0.062989
4.060370 1.466656 0.054456
4.057539 1.558035 0.057721
4.042140 1.651126 0.058338
4.047306 1.757813 0.062276
3.960259 1.748807 0.055783
3.955063 1.864029 0.058211
3.961619 1.963492 0.062540
3.854381 2.143175 0.061758
3.738410 2.349064 0.061858
3.343681 2.762467 0.055335
3.342879 2.844272 0.058702
3.258004 2.944847 0.058538
3.243075 3.049753 0.064270
3.138957 3.148249 0.064233
3.049021 3.167552 0.059470
2.964441 3.250893 0.060331
2.945967 3.344716 0.065189
2.851791 3.344595 0.059994
2.734121 3.455701 0.059484
2.646232 3.534926 0.060197
2.556494 3.552379 0.059182
2.444767 3.651556 0.059348
2.356430 3.751332 0.062192
2.248153 3.755821 0.058945
2.138656 3.847920 0.060414
2.057630 3.861458 0.057972
1.969202 3.949203 0.060373
1.857027 3.971707 0.059306
1.756158 4.046757 0.060729
1.646097 4.056854 0.059632
1.558697 4.067594 0.058824
1.538053 4.153392 0.063801
1.445111 4.158093 0.060882
1.344741 4.157717 0.059565
1.246595 4.152242 0.058128
1.227936 4.235731 0.062515
1.162488 4.254587 0.061619
1.052112 4.244674 0.059682
0.933741 4.244441 0.058348
0.857200 4.266829 0.060050
0.750552 4.261885 0.057600
0.647409 4.342400 0.062519
0.559565 4.342773 0.059692
0.445008 4.349548 0.059932
0.347348 4.347103 0.058930
0.256294 4.337151 0.060291
0.148911 4.334876 0.059153
0.058603 4.333006 0.059091
-0.035571 4.351482 0.059637
-0.152385 4.343533 0.059557
-0.260206 4.339758 0.060327
-0.262176 4.274220 0.056784
-0.351007 4.263244 0.056702
-0.453561 4.263282 0.058541
-0.553975 4.248599 0.057534
-0.646204 4.251777 0.059761
-0.753745 4.234872 0.058081
-0.856573 4.170501 0.055521
-0.942580 4.159220 0.058729
-1.051845 4.141759 0.058067
-1.134039 4.140960 0.058760
-1.150989 4.064025 0.056518
-1.258230 4.042347 0.058607
-1.353639 4.043893 0.057393
-1.468055 3.957103 0.056757
-1.549298 3.947409 0.057494
-1.649029 3.925021 0.059217
-1.653857 3.857922 0.055135
-1.740605 3.847863 0.056237
-1.842348 3.756049 0.054841
-1.940176 3.737966 0.056943
-2.052368 3.640247 0.055261
-2.161436 3.552263 0.054318
-2.243671 3.534647 0.056465
-2.344830 3.445866 0.056479
-2.453817 3.340292 0.053984
-2.559518 3.247079 0.055185
-2.666330 3.157463 0.056106
-2.739546 3.057433 0.053922
-2.854722 2.945898 0.054976
-2.958816 2.842996 0.055604
-2.959743 2.758575 0.053630
-3.045553 2.743980 0.055253
-3.058971 2.664897 0.052590
-3.157753 2.550324 0.053020
-3.240048 2.443515 0.053282
-3.266665 2.347227 0.052229
-3.351529 2.264663 0.053934
-3.539108 1.846740 0.051311
-3.657284 1.547784 0.049984
-3.650521 1.466462 0.050586
-3.743399 1.238666 0.050707
-3.767439 1.151110 0.049134
-3.766035 1.055863 0.049489
-3.854207 0.636507 0.049941
-3.862583 0.552047 0.048261
-3.863331 0.451193 0.048770
-3.854263 0.335300 0.048571
-3.865196 0.253737 0.045724
-3.856027 0.159568 0.048358
-4.670010 0.037783 0.077014
-4.677811 -0.059268 0.078068
-4.634859 -0.528588 0.074544
-4.647804 -0.644345 0.080470
-4.566809 -0.852440 0.077219
-4.540318 -0.941614 0.075210
-4.531675 -1.049665 0.079298
-4.473589 -1.162391 0.070904
-4.448115 -1.249033 0.075615
-4.441579 -1.347403 0.079032
-4.375017 -1.438729 0.073178
-4.347791 -1.550866 0.075544
-4.342617 -1.656966 0.080800
-4.282533 -1.674446 0.072934
-4.257701 -1.746145 0.075654
-4.222385 -1.853944 0.074799
-4.166669 -1.958678 0.074194
-4.144195 -2.049834 0.078281
-4.060226 -2.146155 0.074151
-4.056437 -2.260796 0.080302
-3.964685 -2.242797 0.072978
-3.952180 -2.331507 0.075179
-3.872459 -2.443261 0.073351
-3.841332 -2.534598 0.077071
-3.745237 -2.653779 0.074634
-3.660365 -2.756261 0.074880
-3.537138 -2.944810 0.075420
-3.262117 -3.144608 0.072424
-3.248469 -3.244183 0.076714
-3.174962 -3.251125 0.072135
-3.156060 -3.334051 0.076667
-3.063288 -3.356686 0.072061
-3.034250 -3.445562 0.076613
-2.942844 -3.472261 0.073267
-2.868399 -3.560197 0.073432
-2.822441 -3.616778 0.075442
-2.745665 -3.666437 0.074413
-2.653694 -3.744142 0.075399
-2.559954 -3.752505 0.070786
-2.538330 -3.847045 0.078933
-2.441132 -3.851779 0.071685
-2.361451 -3.858898 0.070160
-2.325242 -3.954107 0.073837
-2.260197 -3.952031 0.071719
-2.235557 -4.023505 0.077232
-2.144637 -4.058331 0.073837
-2.065891 -4.046536 0.071735
-2.041687 -4.120411 0.075342
-1.954630 -4.157238 0.073852
-1.857009 -4.244309 0.079701
-1.758580 -4.253741 0.075559
-1.657686 -4.282983 0.073381
-1.544153 -4.343521 0.075372
-1.453722 -4.359644 0.070732
-1.350188 -4.356600 0.071589
-1.344452 -4.446510 0.079451
-1.055616 -4.455125 0.072617
-0.943711 -4.540804 0.076733
-0.855220 -4.550692 0.075555
-0.752484 -4.558111 0.073644
-0.652991 -4.560044 0.071906
-0.549382 -4.567141 0.071802
-0.450527 -4.645619 0.079291
-0.349207 -4.629170 0.074371
-0.256219 -4.648609 0.077375
-0.152097 -4.653542 0.075839
-0.047374 -4.662409 0.075691
0.047700 -4.656167 0.073566
0.155885 -4.669557 0.077521
0.254306 -4.661929 0.074196
0.347356 -4.664195 0.076133
0.449913 -4.663267 0.077654
0.547102 -4.656677 0.076081
0.655378 -4.639488 0.075050
0.763808 -4.647315 0.078975
0.859693 -4.634786 0.078408
1.138005 -4.561895 0.072416
1.241242 -4.552428 0.075829
1.354470 -4.540955 0.079316
1.437864 -4.543629 0.080910
1.643094 -4.452272 0.077932
1.742316 -4.450564 0.080184
1.956085 -4.351398 0.079109
2.047436 -4.339087 0.081744
2.237931 -4.253225 0.081870
2.447059 -4.141162 0.080168
2.647986 -4.039325 0.080751
3.129855 -3.738628 0.083299
3.158302 -3.668091 0.078857
3.245648 -3.647131 0.084888
3.271022 -3.566554 0.078890
3.348558 -3.544052 0.079994
3.444585 -3.452968 0.081333
3.554507 -3.348939 0.080108
3.657562 -3.250825 0.081078
3.744289 -3.155414 0.080609
3.849513 -3.054380 0.081123
3.941356 -2.962731 0.082813
3.981602 -2.858611 0.079448
4.054228 -2.831266 0.082538
4.054914 -2.752680 0.078853
4.142153 -2.723939 0.084526
4.161311 -2.644992 0.081499
4.242356 -2.548127 0.082300
4.260484 -2.478883 0.080573
4.563266 -1.962577 0.081959
4.767125 -1.560095 0.082587
4.856464 -1.260395 0.083609
4.976700 -0.940591 0.085190
4.958162 -0.853295 0.083567
5.070989 -0.445536 0.085730
5.082579 -0.355061 0.085823
5.082609 0.840455 0.086600
5.063612 0.949067 0.087042
4.985509 1.373011 0.087737
4.954233 1.446896 0.087343
4.870788 1.763336 0.087689
4.776691 2.044872 0.087990
4.665435 2.261892 0.087919
4.567772 2.463241 0.088039
4.353208 2.854969 0.088496
4.118410 3.238540 0.092463
4.050618 3.269682 0.090303
4.035394 3.339679 0.091582
3.956067 3.360147 0.088347
3.956747 3.438502 0.092452
3.902258 3.508753 0.088839
3.855865 3.550579 0.092448
3.764915 3.649631 0.093123
3.663230 3.750382 0.092822
3.618141 3.805972 0.094137
3.553072 3.855805 0.092357
3.447502 3.952026 0.092326
3.349826 4.037756 0.092319
3.255443 4.064607 0.088782
3.239638 4.129644 0.092966
3.158927 4.160544 0.090279
3.126576 4.214859 0.093887
3.060713 4.259280 0.092834
2.941645 4.342607 0.092152
2.860993 4.371723 0.088891
2.825446 4.420898 0.092782
2.043704 4.820974 0.092307
1.743215 4.931340 0.092092
1.528768 5.000684 0.092831
1.441919 5.020603 0.091858
1.350863 5.040601 0.090407
1.039385 5.112035 0.092376
0.959277 5.118376 0.090084
0.848991 5.137730 0.091663
0.750804 5.146422 0.089888
0.659675 5.158300 0.091313
0.542598 5.167072 0.090543
0.455572 5.172675 0.090468
0.368462 5.176574 0.090391
0.252250 5.179500 0.090287
0.130127 5.175606 0.088964
0.042157 5.175031 0.089490
-0.038233 5.174884 0.090020
-0.142698 5.171261 0.090672
-0.246335 5.156544 0.088601
-0.356719 5.150165 0.089713
-0.465850 5.130620 0.087921
-0.554845 5.134334 0.091977
-0.631689 5.118590 0.090982
-0.661712 5.057056 0.087647
-0.743751 5.060777 0.087175
-0.849309 5.066571 0.088159
-0.946201 5.052895 0.089997
-1.054883 5.019363 0.088523
-1.133391 4.955710 0.086743
-1.251149 4.960700 0.087500
-1.359331 4.934968 0.088988
-1.450667 4.854273 0.086399
-1.558439 4.861187 0.088189
-1.652156 4.835420 0.089931
-1.679732 4.760126 0.086869
-1.738701 4.775050 0.085532
-1.847652 4.743313 0.088071
-1.953529 4.660336 0.084974
-2.049480 4.638707 0.086478
-2.137908 4.558471 0.084878
-2.247840 4.539577 0.087411
-2.262150 4.456413 0.086300
-2.339494 4.444863 0.083999
-2.461894 4.355786 0.085165
-2.561928 4.345681 0.086919
-2.567767 4.263115 0.085930
-2.651839 4.255565 0.082651
-2.724919 4.247978 0.088678
-2.753149 4.152744 0.084755
-2.840054 4.137509 0.085439
-2.866777 4.060413 0.085657
-2.951055 4.057880 0.086422
-2.962696 3.954131 0.086481
-3.057563 3.943977 0.083401
-3.143437 3.862460 0.082637
-3.242087 3.751388 0.082810
-3.275206 3.673817 0.084944
-3.338162 3.656177 0.083354
-3.354804 3.558906 0.084266
-3.451432 3.546230 0.081308
-3.463616 3.473025 0.084628
-3.554106 3.441069 0.082524
-3.565667 3.354240 0.084449
-3.645763 3.340333 0.083463
-3.659926 3.251404 0.081634
-3.751061 3.155704 0.080959
-3.750794 3.049000 0.082260
-3.846242 3.053684 0.083995
-3.848344 2.979522 0.083906
-3.946257 2.928125 0.082970
-3.941376 2.850725 0.080852
-3.962303 2.757382 0.081841
-4.045249 2.738108 0.082413
-4.072124 2.630473 0.080425
-4.146449 2.532779 0.082523
-4.162267 2.449977 0.083178
-4.229151 2.359003 0.079480
-4.247462 2.271363 0.083937
-4.260202 2.155936 0.081084
-4.337362 2.137469 0.083506
-4.348583 2.052059 0.078560
-4.351742 1.949473 0.081991
-4.428585 1.870749 0.081166
-4.453985 1.754902 0.080151
-4.468034 1.656873 0.082785
-4.537813 1.639490 0.080717
-4.546014 1.540017 0.082939
-4.543433 1.448434 0.079706
-4.549619 1.348396 0.081515
-4.566362 1.251329 0.079813
-4.641436 1.132539 0.079840
-4.645229 1.052440 0.082124
-4.643411 0.955217 0.079029
-4.655340 0.870998 0.078915
-4.647383 0.759376 0.079218
-4.667127 0.646467 0.078898
-4.661361 0.553202 0.077615
-4.668556 0.460432 0.080433
-4.677312 0.362967 0.073094
-4.656876 0.258303 0.076694
-4.665495 0.155868 0.075061
-5.717108 -1.046485 0.120783
-4.853518 -2.973435 0.113431
-2.736386 -5.045606 0.117234
-2.631104 -5.050063 0.111166
-2.363375 -5.239036 0.120095
-2.247432 -5.251724 0.115186
-2.141268 -5.331719 0.115046
-2.043971 -5.374444 0.117731
-1.967605 -5.344071 0.113724
-1.847620 -5.452859 0.122250
-1.747530 -5.462662 0.112808
-1.653288 -5.456453 0.113882
-1.649576 -5.519988 0.122419
-1.549444 -5.552624 0.124686
-1.450513 -5.572997 0.113873
-1.354084 -5.557602 0.111850
-1.348455 -5.607540 0.122686
-1.247152 -5.633094 0.122776
-1.145804 -5.654121 0.118513
-1.034480 -5.656616 0.115348
-0.933504 -5.665454 0.116078
-0.837936 -5.716003 0.118812
-0.734657 -5.731227 0.114580
-0.665559 -5.743623 0.118989
-0.570408 -5.756593 0.119089
-0.449060 -5.770934 0.119216
-0.355598 -5.761384 0.122448
-0.252467 -5.756721 0.116653
-0.147444 -5.773030 0.117544
-0.045028 -5.760723 0.112921
-0.028928 -5.802049 0.123966
0.075598 -5.804813 0.124068
0.152059 -5.805601 0.119875
0.239405 -5.805649 0.119976
0.345482 -5.804482 0.115855
0.438838 -5.801817 0.115982
0.547367 -5.775445 0.123271
0.643303 -5.758396 0.117511
0.738055 -5.761053 0.123449
0.841099 -5.771691 0.120700
0.954038 -5.758655 0.120847
1.052947 -5.748578 0.114737
1.153525 -5.728109 0.125252
1.239335 -5.718660 0.117091
1.325660 -5.708783 0.108988
1.356697 -5.660039 0.123220
1.462874 -5.672920 0.121530
1.556811 -5.652131 0.121654
1.643910 -5.627558 0.125826
1.732469 -5.614822 0.115830
1.806280 -5.601577 0.109904
1.848296 -5.549360 0.121412
1.945963 -5.548945 0.122202
2.029500 -5.522995 0.122313
2.110314 -5.512198 0.110525
2.237063 -5.453117 0.122624
2.327652 -5.420086 0.122765
2.409503 -5.407045 0.111169
2.638331 -5.314511 0.111685
2.847404 -5.220272 0.112175
3.451990 -4.891005 0.113700
3.659578 -4.756179 0.114265
3.746955 -4.695930 0.114510
5.330216 -3.061690 0.119983
5.388096 -2.971965 0.120241
5.465767 -2.845581 0.120598
5.525834 -2.743190 0.120883
5.578178 -2.650017 0.121139
5.620567 -2.571670 0.121351
5.677868 -2.460866 0.121648
5.740659 -2.332828 0.121987
5.785883 -2.235870 0.122239
5.829249 -2.138036 0.122491
5.877789 -2.022973 0.122783
5.897878 -1.973353 0.122908
5.911014 -1.940165 0.122991
5.949192 -1.840108 0.123239
5.991628 -1.722561 0.123527
6.020461 -1.638055 0.123731
6.053332 -1.536050 0.123975
6.084542 -1.433501 0.124218
6.094524 -1.399186 0.124299
6.113883 -1.330374 0.124459
6.132437 -1.261330 0.124619
6.158682 -1.157329 0.124857
6.183130 -1.052868 0.125093
6.209445 -0.930472 0.125367
6.226672 -0.842701 0.125560
6.242560 -0.754662 0.125752
6.257207 -0.666392 0.125943
6.272937 -0.560156 0.126170
6.286898 -0.453652 0.126395
6.299086 -0.346910 0.126617
6.302696 -0.311274 0.126691
6.310776 -0.222084 0.126874
6.316318 -0.150644 0.127019
6.322089 -0.061249 0.127198
6.326493 0.028239 0.127376
6.330404 0.153636 0.127622
6.331768 0.261183 0.127830
6.331337 0.368758 0.128036
6.329818 0.440473 0.128171
6.326219 0.548021 0.128372
6.321654 0.637595 0.128536
6.292404 0.977233 0.129144
6.283712 1.048505 0.129267
6.266742 1.173017 0.129481
6.253017 1.261737 0.129631
6.237932 1.350248 0.129778
6.221592 1.438547 0.129923
6.203899 1.526596 0.130065
6.192701 1.579310 0.130150
6.176906 1.649413 0.130261
6.147532 1.771702 0.130451
6.124975 1.858672 0.130585
6.105984 1.928003 0.130689
6.096182 1.962586 0.130741
6.075963 2.031579 0.130843
6.044009 2.134588 0.130993
6.021861 2.203000 0.131092
5.998803 2.271118 0.131188
5.980956 2.322020 0.131259
5.937579 2.440177 0.131421
5.911786 2.507325 0.131512
5.885133 2.574143 0.131601
5.850683 2.657211 0.131709
5.815056 2.739789 0.131814
5.770571 2.838125 0.131937
5.716656 2.951929 0.132075
5.660283 3.064550 0.132207
5.610211 3.160196 0.132316
5.593122 3.191869 0.132352
5.558291 3.254860 0.132421
5.504882 3.348701 0.132522
5.459007 3.426114 0.132602
5.412035 3.502873 0.132680
5.363888 3.578904 0.132754
5.334496 3.624202 0.132797
5.294654 3.684174 0.132853
5.264286 3.728828 0.132894
5.212853 3.802689 0.132959
5.160288 3.875754 0.133022
3.500802 5.428929 0.133542
3.439759 5.467085 0.133525
3.347328 5.522896 0.133495
3.253965 5.577115 0.133461
3.143877 5.638302 0.133415
3.064434 5.680504 0.133378
2.936123 5.745681 0.133313
2.838954 5.792655 0.133260
2.806368 5.807897 0.133241
2.740889 5.837702 0.133201
2.642093 5.881097 0.133138
2.542594 5.922829 0.133070
2.442304 5.962589 0.132998
2.324516 6.006908 0.132909
2.239832 6.037037 0.132841
2.137607 6.071402 0.132756
2.069186 6.093471 0.132697
2.000484 6.114626 0.132636
1.931542 6.134968 0.132573
1.862353 6.154425 0.132508
1.758207 6.182243 0.132407
1.688506 6.199715 0.132337
1.618611 6.216362 0.132266
1.548508 6.232078 0.132192
1.425470 6.257843 0.132059
1.337280 6.274657 0.131961
1.266559 6.287148 0.131880
1.195704 6.298804 0.131798
1.142476 6.306970 0.131735
1.053616 6.319496 0.131628
0.946781 6.332891 0.131495
0.821894 6.346204 0.131336
0.732547 6.354104 0.131219
0.660995 6.359383 0.131123
0.553587 6.365896 0.130977
0.446096 6.370334 0.130826
0.338564 6.372977 0.130672
0.231022 6.373827 0.130515
0.159341 6.373163 0.130407
0.033948 6.370234 0.130216
-0.055549 6.366532 0.130077
-0.144964 6.361463 0.129935
-0.234284 6.355133 0.129790
-0.323481 6.347439 0.129644
-0.448114 6.334429 0.129434
-0.554700 6.321343 0.129252
-0.678708 6.303711 0.129034
-0.767031 6.289555 0.128877
-0.837518 6.277279 0.128749
-0.942933 6.257249 0.128554
-1.047961 6.235405 0.128357
-1.152573 6.211755 0.128157
-1.274061 6.181922 0.127920
-1.360424 6.159066 0.127749
-1.463541 6.129845 0.127540
-1.532032 6.109529 0.127400
-1.634207 6.077311 0.127187
-1.735822 6.043440 0.126972
-1.836814 6.007829 0.126754
-1.937076 5.970295 0.126534
-2.053239 5.924484 0.126274
-2.135593 5.890289 0.126087
-2.233666 5.847556 0.125860
-2.331038 5.803308 0.125631
-2.363301 5.788150 0.125555
-2.459484 5.741463 0.125323
-2.536953 5.648172 0.127398
-2.649344 5.643285 0.124854
-2.711882 5.609188 0.124696
-2.742970 5.591823 0.124617
-2.850879 5.529521 0.124338
-2.942431 5.474571 0.124097
-3.032925 5.417951 0.123855
-3.043326 5.342738 0.127440
-3.166685 5.330035 0.123488
-3.240030 5.279798 0.123284
-3.312590 5.228464 0.123078
-3.384345 5.176048 0.122871
-3.441195 5.133390 0.122706
-4.998836 3.385254 0.117052
-5.042679 3.261921 0.124048
-5.163585 3.053928 0.121896
-5.261819 2.857226 0.121589
-5.359869 2.560244 0.120613
-5.471237 2.363972 0.120895
-7.620325 -0.028226 0.169546
-7.613861 -0.152960 0.169272
-7.609471 -0.220927 0.169142
-7.602665 -0.311471 0.168970
-7.598874 -0.356706 0.168884
-7.590385 -0.447085 0.168715
-7.578578 -0.559923 0.168506
-7.565093 -0.672552 0.168300
-7.556177 -0.740015 0.168178
-7.536675 -0.874689 0.167937
-7.526091 -0.941890 0.167818
-7.507085 -1.053652 0.167622
-7.494967 -1.120575 0.167506
-7.468863 -1.254046 0.167278
-7.440645 -1.387061 0.167054
-7.425608 -1.453355 0.166944
-7.399371 -1.563558 0.166763
-7.382824 -1.629475 0.166656
-7.348104 -1.760870 0.166446
-7.329933 -1.826339 0.166343
-7.304792 -1.913364 0.166207
-7.291850 -1.956764 0.166140
-7.258382 -2.064912 0.165974
-7.237612 -2.129576 0.165877
-7.209017 -2.215493 0.165748
-7.194354 -2.258324 0.165685
-7.156597 -2.365007 0.165530
-7.133264 -2.428766 0.165438
-7.101264 -2.513440 0.165318
-7.076603 -2.576684 0.165229
-7.042923 -2.660687 0.165113
-7.017064 -2.723441 0.165027
-6.999508 -2.765142 0.164971
-6.963606 -2.848200 0.164860
-6.917548 -2.951492 0.164724
-6.860285 -3.074519 0.164567
-6.820945 -3.155975 0.164465
-6.770422 -3.257121 0.164340
-6.718559 -3.357577 0.164220
-6.665176 -3.457222 0.164103
-6.621564 -3.536440 0.164013
-6.508427 -3.732132 0.163797
-6.252939 -4.132025 0.163394
-6.162484 -4.261784 0.163276
-6.109734 -4.335177 0.163211
-6.028877 -4.443993 0.163120
-5.960183 -4.533676 0.163048
-4.153475 -6.225355 0.162498
-4.078344 -6.275638 0.162515
-3.964576 -6.349450 0.162547
-3.868824 -6.409495 0.162577
-3.772184 -6.468116 0.162613
-3.713824 -6.502671 0.162635
-3.655135 -6.536670 0.162660
-3.576451 -6.581257 0.162695
-3.517118 -6.614136 0.162722
-3.457472 -6.646450 0.162752
-3.397578 -6.678310 0.162782
-3.317274 -6.719955 0.162826
-3.276942 -6.740433 0.162848
-3.195926 -6.780699 0.162896
-3.155244 -6.800485 0.162920
-3.053030 -6.848906 0.162985
-2.950150 -6.895923 0.163053
-2.908803 -6.914308 0.163081
-2.825793 -6.950368 0.163140
-2.784131 -6.968043 0.163171
-2.700502 -7.002679 0.163233
-2.658537 -7.019639 0.163266
-2.553186 -7.060960 0.163349
-2.425998 -7.108593 0.163455
-2.362106 -7.131623 0.163510
-2.255147 -7.168707 0.163605
-2.190731 -7.190273 0.163663
-2.126107 -7.211226 0.163724
-2.039670 -7.238343 0.163806
-1.952919 -7.264471 0.163891
-1.844064 -7.295767 0.164000
-1.800390 -7.307838 0.164045
-1.756645 -7.319659 0.164091
-1.646973 -7.348086 0.164207
-1.536904 -7.375008 0.164328
-1.470661 -7.390355 0.164402
-1.337787 -7.419407 0.164554
-1.271164 -7.433109 0.164632
-1.159841 -7.454591 0.164765
-1.048191 -7.474414 0.164902
-0.958695 -7.489328 0.165014
-0.846545 -7.506336 0.165158
-0.779140 -7.515821 0.165246
-0.666597 -7.530258 0.165395
-0.553830 -7.543017 0.165548
-0.440892 -7.554354 0.165705
-0.327774 -7.564009 0.165865
-0.259826 -7.568971 0.165962
-0.123794 -7.577206 0.166162
2.068812 -7.384669 0.170030
2.135437 -7.368938 0.170167
2.268312 -7.335809 0.170445
2.334553 -7.318411 0.170585
2.444613 -7.288052 0.170821
2.554233 -7.256038 0.171060
2.663464 -7.222627 0.171301
2.728773 -7.201796 0.171446
2.772211 -7.187572 0.171544
2.837211 -7.165731 0.171691
2.966681 -7.120417 0.171988
3.074003 -7.080967 0.172238
3.138115 -7.056499 0.172389
3.244543 -7.014561 0.172643
3.286946 -6.997340 0.172745
3.371463 -6.962159 0.172950
3.434581 -6.935097 0.173105
3.560156 -6.879384 0.173417
3.664097 -6.831313 0.173679
3.705479 -6.811649 0.173784
3.787912 -6.771597 0.173996
3.849428 -6.740897 0.174156
3.971707 -6.677945 0.174477
4.072805 -6.623881 0.174746
4.113025 -6.601831 0.174855
4.193093 -6.557026 0.175072
4.232937 -6.534272 0.175181
4.331969 -6.476340 0.175456
4.430212 -6.417020 0.175731
4.469267 -6.392879 0.175842
4.546923 -6.343833 0.176064
4.643296 -6.281390 0.176343
4.700696 -6.243248 0.176512
4.776699 -6.191567 0.176737
4.852039 -6.138887 0.176962
4.945521 -6.072014 0.177246
5.001139 -6.031209 0.177417
6.791675 -4.184133 0.183989
6.869864 -4.069336 0.184345
6.945979 -3.953096 0.184700
6.995724 -3.874929 0.184937
7.080428 -3.736609 0.185351
7.127583 -3.656784 0.185587
7.185252 -3.556229 0.185881
7.252487 -3.434405 0.186234
7.274426 -3.393528 0.186352
7.317592 -3.311379 0.186586
7.338816 -3.270109 0.186703
7.380545 -3.187186 0.186937
7.411177 -3.124648 0.187112
7.461097 -3.019846 0.187402
7.480626 -2.977708 0.187519
7.528340 -2.871833 0.187808
7.583593 -2.743857 0.188154
7.627955 -2.636462 0.188442
7.653769 -2.571682 0.188613
7.695614 -2.463230 0.188899
7.711896 -2.419666 0.189013
7.743695 -2.332241 0.189240
7.766841 -2.266406 0.189409
7.811464 -2.134131 0.189747
7.832936 -2.067698 0.189916
7.867339 -1.956515 0.190195
7.887250 -1.889569 0.190362
7.912840 -1.800011 0.190583
7.925241 -1.755114 0.190694
7.955060 -1.642529 0.190968
7.972210 -1.574774 0.191132
7.994106 -1.484175 0.191350
8.004656 -1.438774 0.191459
8.024820 -1.347745 0.191674
8.048789 -1.233672 0.191943
8.071014 -1.119215 0.192209
8.083488 -1.050365 0.192368
8.095421 -0.981411 0.192526
8.113868 -0.866223 0.192788
8.130596 -0.750747 0.193048
8.145738 -0.635027 0.193306
8.159152 -0.519067 0.193561
8.166325 -0.449382 0.193713
8.174978 -0.356365 0.193915
8.182533 -0.263237 0.194115
8.190329 -0.146681 0.194363
8.196612 -0.030013 0.194609
8.201104 0.086765 0.194852
8.202917 0.156873 0.194996
8.204178 0.227000 0.195140
8.204806 0.343916 0.195377
8.204093 0.437464 0.195565
8.201680 0.554397 0.195797
8.200218 0.601165 0.195889
8.198480 0.647926 0.195981
8.192887 0.764792 0.196208
8.187197 0.858234 0.196388
8.178565 0.974954 0.196610
8.172501 1.044926 0.196741
8.161105 1.161442 0.196959
8.153386 1.231271 0.197088
8.139094 1.347501 0.197300
8.123289 1.463553 0.197509
8.109325 1.556221 0.197674
8.094263 1.648730 0.197837
8.082280 1.718005 0.197958
8.060850 1.833216 0.198157
8.037646 1.948101 0.198352
8.012943 2.062690 0.198544
7.986473 2.176903 0.198733
7.969724 2.245234 0.198844
7.940548 2.358814 0.199027
7.915878 2.449340 0.199171
7.877084 2.584645 0.199383
7.856705 2.652018 0.199486
7.828645 2.741584 0.199623
7.806935 2.808554 0.199724
7.784564 2.875311 0.199823
7.753853 2.964028 0.199953
7.646695 3.249755 0.200360
7.611669 3.336896 0.200481
7.566237 3.445160 0.200628
7.519137 3.552720 0.200770
7.470631 3.659665 0.200909
7.430608 3.744669 0.201017
7.326148 3.955073 0.201276
6.975855 4.566585 0.201956
6.937882 4.625998 0.202016
6.873341 4.724215 0.202111
6.807404 4.821507 0.202203
6.767102 4.879379 0.202256
6.726343 4.936930 0.202308
6.643160 5.050841 0.202406
6.572404 5.144708 0.202483
4.714334 6.893328 0.203067
4.655674 6.932451 0.203053
4.576953 6.983835 0.203032
4.457748 7.059144 0.202995
4.337231 7.132312 0.202951
4.256176 7.179890 0.202919
4.154052 7.237948 0.202874
4.071812 7.283418 0.202835
3.968198 7.338740 0.202782
3.863817 7.392575 0.202726
3.821839 7.413661 0.202702
3.758627 7.444788 0.202664
3.673944 7.485453 0.202612
3.610137 7.515320 0.202571
3.546043 7.544553 0.202528
3.460208 7.582680 0.202469
3.373935 7.619782 0.202407
3.243729 7.673505 0.202309
3.134535 7.716525 0.202223
3.068703 7.741503 0.202169
2.936424 7.789759 0.202056
2.869986 7.813033 0.201998
2.758788 7.850415 0.201897
2.647084 7.886206 0.201792
2.602256 7.900044 0.201749
2.557349 7.913615 0.201705
2.444739 7.946340 0.201592
2.376967 7.965224 0.201523
2.286345 7.989418 0.201428
2.240933 8.001110 0.201380
2.149881 8.023550 0.201280
2.035779 8.050347 0.201153
1.944215 8.070483 0.201049
1.852430 8.089530 0.200942
1.737416 8.111840 0.200804
1.668253 8.124352 0.200720
1.552753 8.143790 0.200576
1.437027 8.161720 0.200428
1.344266 8.174746 0.200307
1.251371 8.186672 0.200184
1.135087 8.200065 0.200027
1.065231 8.207218 0.199930
0.948687 8.217715 0.199766
0.832035 8.226694 0.199599
0.715282 8.233878 0.199429
0.645192 8.237304 0.199324
0.575085 8.240178 0.199219
0.458210 8.243494 0.199040
0.388077 8.244709 0.198931
0.247820 8.245115 0.198710
0.154337 8.244160 0.198559
0.037537 8.241263 0.198368
-0.032509 8.238754 0.198252
-0.149169 8.233103 0.198055
-0.242412 8.227373 0.197896
-0.358841 8.218700 0.197694
-0.428614 8.212619 0.197571
-0.544765 8.201205 0.197363
-0.591167 8.196148 0.197279
-0.660699 8.188015 0.197153
-0.753284 8.176265 0.196982
-0.845706 8.163426 0.196809
-0.960993 8.145885 0.196591
-1.052987 8.130517 0.196414
-1.190634 8.105666 0.196145
-1.259257 8.092255 0.196009
-1.373354 8.068651 0.195781
-1.441616 8.053633 0.195642
-1.532415 8.032722 0.195456
-1.622943 8.010747 0.195268
-1.758202 7.975802 0.194982
-1.825590 7.957473 0.194839
-1.937486 7.925525 0.194596
-2.004396 7.905624 0.194450
-2.093303 7.878136 0.194253
-2.159744 7.856806 0.194105
-2.248034 7.827506 0.193906
-2.314023 7.804888 0.193755
-2.357889 7.789467 0.193654
-2.445300 7.757774 0.193452
-2.554068 7.716887 0.193197
-2.640605 7.682996 0.192991
-2.769616 7.630276 0.192680
-2.833767 7.603105 0.192523
-2.876386 7.584659 0.192418
-2.940085 7.556496 0.192260
-3.045710 7.508408 0.191995
-3.087746 7.488731 0.191889
-3.150559 7.458730 0.191729
-3.233899 7.417919 0.191514
-3.296091 7.386708 0.191352
-3.357964 7.354897 0.191190
-3.440028 7.311687 0.190972
-3.521562 7.267529 0.190754
-3.622735 7.211038 0.190479
-3.662957 7.188021 0.190369
-3.762877 7.129434 0.190092
-3.861938 7.069466 0.189814
-3.920907 7.032755 0.189646
-3.979579 6.995592 0.189478
-4.057206 6.945141 0.189253
-4.134324 6.893946 0.189027
-4.229761 6.828587 0.188743
-4.361669 6.734749 0.188345
-4.436269 6.680093 0.188116
-4.510126 6.624476 0.187886
-4.565058 6.582182 0.187714
-4.637733 6.525091 0.187483
-4.691812 6.481753 0.187310
-6.374401 4.603210 0.180845
-6.423528 4.525668 0.180611
-6.471664 4.447534 0.180377
-6.530686 4.349200 0.180084
-6.576824 4.269921 0.179851
-6.644282 4.150049 0.179502
-6.698913 4.049319 0.179212
-6.720340 4.008809 0.179096
-6.762483 3.927435 0.178865
-6.783197 3.886573 0.178749
-6.843902 3.763305 0.178404
-6.883170 3.680572 0.178175
-6.949526 3.534748 0.177775
-6.995148 3.429836 0.177490
-7.073314 3.239416 0.176982
-7.184981 2.939548 0.176199
-7.415442 2.151101 0.174241
-7.515453 1.659773 0.173090
-7.537296 1.524855 0.172782
-7.547374 1.457277 0.172630
-7.562784 1.344474 0.172378
-7.571301 1.276708 0.172227
-7.584108 1.163622 0.171978
-7.595220 1.050384 0.171732
-7.604897 0.937037 0.171488
-7.609894 0.868977 0.171342
-7.616830 0.755471 0.171102
-7.620261 0.687337 0.170959
-7.625207 0.551017 0.170676
-7.627977 0.414668 0.170396
-7.628405 0.346493 0.170258
-7.627901 0.232886 0.170029
-7.626764 0.164742 0.169893
-7.623653 0.051213 0.169669
-10.759280 -0.128089 0.274821
-10.748187 -0.239230 0.275299
-10.739795 -0.366274 0.275033
-10.732597 -0.461476 0.274835
-10.706028 -0.842413 0.272521
-10.678402 -1.063477 0.272074
-10.665282 -1.158029 0.271885
-10.651268 -1.252437 0.271698
-10.636539 -1.346723 0.271512
-10.620918 -1.440851 0.271329
-10.604587 -1.534845 0.271147
-10.593225 -1.597416 0.271027
-10.581509 -1.659916 0.270907
-10.563225 -1.753518 0.270730
-10.544234 -1.846967 0.270554
-10.524362 -1.940218 0.270380
-10.503785 -2.033305 0.270207
-10.489598 -2.095250 0.270094
-10.475060 -2.157108 0.269981
-10.452555 -2.249716 0.269813
-10.429349 -2.342141 0.269647
-10.413414 -2.403632 0.269538
-10.397132 -2.465027 0.269429
-10.372013 -2.556920 0.269268
-10.346202 -2.648611 0.269108
-10.319526 -2.740042 0.268950
-10.282812 -2.861591 0.268743
-10.254416 -2.952476 0.268590
-10.225166 -3.043078 0.268439
-10.185029 -3.163491 0.268241
-10.154076 -3.253501 0.268094
-10.122276 -3.343204 0.267950
-10.078752 -3.462386 0.267761
-10.045267 -3.551451 0.267621
-10.022497 -3.610652 0.267529
-9.999393 -3.669719 0.267438
-9.964072 -3.758046 0.267303
-9.928084 -3.846097 0.267170
-9.903652 -3.904609 0.267082
-9.878889 -3.962979 0.266996
-9.841086 -4.050242 0.266868
-9.802628 -4.137210 0.266742
-9.776553 -4.194989 0.266659
-9.750152 -4.252616 0.266577
-9.723426 -4.310089 0.266496
-9.696376 -4.367406 0.266416
-9.655154 -4.453066 0.266298
-9.613289 -4.538406 0.266181
-9.584950 -4.595084 0.266105
-9.556293 -4.651596 0.266030
-9.527317 -4.707943 0.265955
-9.498024 -4.764122 0.265882
-9.468414 -4.820130 0.265809
-9.408246 -4.931633 0.265667
-9.377691 -4.987122 0.265598
-9.331234 -5.070003 0.265495
-9.284155 -5.152525 0.265395
-9.236300 -5.234593 0.265296
-9.171469 -5.343403 0.265169
-9.122079 -5.424542 0.265076
-9.088746 -5.478382 0.265015
-9.038140 -5.558758 0.264925
-8.969660 -5.665277 0.264810
-8.917551 -5.744675 0.264725
-8.882413 -5.797340 0.264670
-8.846979 -5.849804 0.264616
-8.811250 -5.902064 0.264563
-8.775225 -5.954120 0.264511
-8.720601 -6.031791 0.264435
-8.646799 -6.134654 0.264337
-8.571840 -6.236670 0.264243
-8.514901 -6.312645 0.264175
-8.476562 -6.363006 0.264131
-8.399034 -6.463069 0.264046
-8.340112 -6.537506 0.263985
-8.280630 -6.611494 0.263927
-6.070843 -8.682451 0.263263
-6.019099 -8.718938 0.263274
-5.941069 -8.773084 0.263293
-5.810064 -8.861950 0.263330
-5.757298 -8.896961 0.263347
-5.704333 -8.931676 0.263365
-5.651170 -8.966090 0.263383
-5.571034 -9.017110 0.263414
-5.436571 -9.100732 0.263468
-5.355285 -9.149929 0.263505
-5.273624 -9.198514 0.263543
-5.218937 -9.230493 0.263570
-5.136542 -9.277843 0.263613
-5.053785 -9.324572 0.263657
-4.970584 -9.370520 0.263704
-4.859066 -9.430737 0.263770
-4.774996 -9.475111 0.263822
-4.718724 -9.504272 0.263859
-4.633981 -9.547376 0.263915
-4.548908 -9.589841 0.263973
-4.463429 -9.631503 0.264034
-4.348927 -9.685977 0.264118
-4.233799 -9.739154 0.264207
-4.147071 -9.778224 0.264276
-4.059969 -9.816474 0.264347
-3.943343 -9.866379 0.264446
-3.855513 -9.902984 0.264522
-3.767331 -9.938758 0.264601
-3.649295 -9.985349 0.264710
-3.530722 -10.030602 0.264823
-3.441463 -10.063702 0.264909
-3.381786 -10.085320 0.264969
-3.321983 -10.106600 0.265029
-3.232030 -10.137843 0.265121
-3.141834 -10.168406 0.265216
-3.081544 -10.188328 0.265280
-3.021137 -10.207909 0.265345
-2.960615 -10.227146 0.265411
-2.869607 -10.255318 0.265512
-2.778378 -10.282802 0.265616
-2.717414 -10.300664 0.265686
-2.656345 -10.318183 0.265757
-2.564535 -10.343767 0.265865
-2.441787 -10.376721 0.266013
-2.349482 -10.400567 0.266126
-2.256942 -10.423541 0.266242
-2.133252 -10.453005 0.266399
-2.040265 -10.474225 0.266519
-1.978160 -10.487904 0.266601
-1.915972 -10.501230 0.266683
-1.853704 -10.514203 0.266767
-1.760145 -10.532955 0.266894
-1.635150 -10.556776 0.267066
-1.541222 -10.573755 0.267198
-1.447122 -10.589845 0.267332
-1.352890 -10.605221 0.267468
-1.258500 -10.619705 0.267606
-1.132449 -10.637823 0.267793
-1.037770 -10.650517 0.267936
-0.942957 -10.662311 0.268081
-0.848045 -10.673388 0.268227
-0.753014 -10.683562 0.268376
-0.657896 -10.693016 0.268527
-0.594428 -10.698837 0.268629
-0.530921 -10.704298 0.268731
-0.435587 -10.711763 0.268887
-0.340186 -10.718505 0.269044
-0.244706 -10.724341 0.269204
-0.149171 -10.729451 0.269365
-0.053573 -10.733653 0.269528
0.042068 -10.737127 0.269693
0.137757 -10.739692 0.269861
0.265393 -10.741899 0.270086
0.361151 -10.742642 0.270258
0.456931 -10.742475 0.270432
0.552722 -10.741577 0.270607
0.648519 -10.739767 0.270784
0.744316 -10.737226 0.270963
0.840103 -10.733772 0.271144
0.967796 -10.727950 0.271388
1.063540 -10.722669 0.271573
1.159249 -10.716474 0.271760
1.254925 -10.709549 0.271949
1.318683 -10.704445 0.272075
1.382418 -10.698976 0.272203
1.446130 -10.693140 0.272331
1.541644 -10.683658 0.272525
1.637099 -10.673444 0.272721
1.732474 -10.662318 0.272918
1.859520 -10.646266 0.273184
1.954706 -10.633315 0.273385
2.049787 -10.619452 0.273589
2.144775 -10.604862 0.273793
2.239641 -10.589361 0.274000
2.365955 -10.567480 0.274277
2.460550 -10.550161 0.274487
2.554998 -10.531936 0.274699
2.649321 -10.512984 0.274912
2.743481 -10.493126 0.275127
2.837503 -10.472545 0.275344
2.931347 -10.451060 0.275562
3.056220 -10.421211 0.275855
3.149680 -10.397923 0.276076
3.242934 -10.373736 0.276299
3.366988 -10.340291 0.276599
3.459807 -10.314310 0.276825
3.552395 -10.287434 0.277053
3.644793 -10.259845 0.277282
3.736944 -10.231364 0.277513
3.828893 -10.202171 0.277745
3.890053 -10.182236 0.277900
3.951107 -10.161947 0.278056
4.042469 -10.130805 0.278291
4.163911 -10.088104 0.278607
4.254704 -10.055199 0.278845
4.345200 -10.021414 0.279085
4.465453 -9.975201 0.279406
4.555328 -9.939668 0.279649
4.615075 -9.915514 0.279811
4.674689 -9.891013 0.279974
4.763844 -9.853567 0.280220
4.852727 -9.815430 0.280466
4.941262 -9.776429 0.280714
5.058833 -9.723283 0.281046
5.146647 -9.682567 0.281297
5.234088 -9.640997 0.281548
5.350167 -9.584437 0.281885
5.465621 -9.526522 0.282224
5.551813 -9.482243 0.282480
5.637597 -9.437123 0.282736
5.751420 -9.375849 0.283080
5.836363 -9.329062 0.283339
5.892762 -9.297427 0.283512
5.948986 -9.265463 0.283686
6.032968 -9.216856 0.283947
6.144341 -9.150953 0.284297
6.227414 -9.100709 0.284560
6.282547 -9.066779 0.284736
6.337492 -9.032526 0.284912
6.392247 -8.997949 0.285089
6.446809 -8.963050 0.285266
6.501177 -8.927830 0.285444
6.555348 -8.892289 0.285622
6.636209 -8.838342 0.285890
6.743351 -8.765354 0.286247
6.823197 -8.709825 0.286517
6.876152 -8.672387 0.286697
6.928896 -8.634636 0.286877
7.059803 -8.538861 0.287329
7.163580 -8.460882 0.287692
9.358008 -6.245927 0.296644
9.454896 -6.114119 0.297116
9.493106 -6.060975 0.297305
9.531010 -6.007599 0.297493
9.568606 -5.953994 0.297682
9.605894 -5.900161 0.297870
9.642872 -5.846102 0.298059
9.679538 -5.791819 0.298247
9.769793 -5.655114 0.298718
9.840606 -5.544790 0.299094
9.892920 -5.461510 0.299376
9.927366 -5.405708 0.299564
9.961492 -5.349695 0.299752
9.995293 -5.293474 0.299940
10.028769 -5.237047 0.300127
10.078329 -5.152000 0.300408
10.143314 -5.037933 0.300782
10.191226 -4.951887 0.301062
10.238306 -4.865355 0.301342
10.284716 -4.778439 0.301622
10.315207 -4.720242 0.301808
10.360269 -4.632573 0.302087
10.404650 -4.544536 0.302365
10.448178 -4.456046 0.302643
10.491020 -4.367200 0.302920
10.519122 -4.307734 0.303105
10.546878 -4.248096 0.303289
10.574286 -4.188286 0.303473
10.601346 -4.128307 0.303657
10.641237 -4.038005 0.303932
10.680426 -3.947375 0.304207
10.718732 -3.856343 0.304481
10.768628 -3.734441 0.304846
10.805158 -3.642628 0.305118
10.840794 -3.550439 0.305390
10.875711 -3.457955 0.305662
10.898508 -3.396105 0.305842
10.920943 -3.334114 0.306022
10.953871 -3.240847 0.306291
10.986071 -3.147306 0.306560
11.017356 -3.053431 0.306828
11.143596 -2.643425 0.307979
11.170445 -2.548071 0.308242
11.196547 -2.452490 0.308504
11.221713 -2.356635 0.308765
11.246126 -2.260567 0.309025
11.269598 -2.164241 0.309285
11.292314 -2.067716 0.309543
11.306952 -2.003237 0.309714
11.321212 -1.938663 0.309885
11.341838 -1.841621 0.310141
11.361703 -1.744401 0.310396
11.380612 -1.646969 0.310649
11.398755 -1.549374 0.310902
11.415937 -1.451583 0.311153
11.432350 -1.353643 0.311403
11.447799 -1.255524 0.311651
11.462475 -1.157270 0.311899
11.476182 -1.058855 0.312145
11.489114 -0.960319 0.312390
11.497217 -0.894550 0.312553
11.504930 -0.828727 0.312715
11.512256 -0.762851 0.312877
11.522462 -0.663937 0.313118
11.531889 -0.564929 0.313357
11.540338 -0.465814 0.313596
11.550297 -0.333528 0.313911
11.556786 -0.234225 0.314146
11.562293 -0.134844 0.314380
11.567014 -0.035406 0.314612
11.570752 0.064093 0.314843
11.573703 0.163633 0.315072
11.575667 0.263217 0.315300
11.576844 0.362828 0.315526
11.577034 0.462464 0.315751
11.576435 0.562114 0.315974
11.574848 0.661771 0.316195
11.572470 0.761426 0.316415
11.569104 0.861071 0.316633
11.564948 0.960700 0.316850
11.559804 1.060301 0.317065
11.553868 1.159871 0.317278
11.546945 1.259395 0.317489
11.539230 1.358874 0.317699
11.530529 1.458288 0.317907
11.521037 1.557644 0.318114
11.510557 1.656916 0.318318
11.499290 1.756116 0.318521
11.487034 1.855214 0.318722
11.473990 1.954224 0.318921
11.459963 2.053116 0.319118
11.445148 2.151905 0.319313
11.429350 2.250557 0.319507
11.412767 2.349093 0.319699
11.401189 2.414701 0.319825
11.389218 2.480245 0.319951
11.376856 2.545723 0.320076
11.357530 2.643799 0.320262
11.337422 2.741730 0.320446
11.316339 2.839469 0.320628
11.294477 2.937049 0.320808
11.271643 3.034420 0.320985
11.239903 3.163955 0.321219
11.215130 3.260878 0.321393
11.189390 3.357563 0.321564
11.162879 3.454049 0.321733
11.135406 3.550279 0.321900
11.107164 3.646297 0.322065
10.974597 4.059347 0.322754
10.941783 4.153959 0.322908
10.919403 4.216863 0.323009
10.896646 4.279636 0.323109
10.873514 4.342277 0.323208
10.838064 4.435966 0.323355
10.801866 4.529376 0.323500
10.777235 4.591461 0.323595
10.752233 4.653401 0.323689
10.713987 4.746017 0.323828
10.661761 4.869000 0.324010
10.621670 4.960852 0.324145
10.580661 5.052308 0.324276
10.538921 5.143441 0.324406
10.510610 5.203977 0.324491
10.481935 5.264345 0.324575
10.438198 5.354558 0.324699
10.393741 5.444424 0.324820
10.348386 5.533849 0.324940
10.302317 5.622915 0.325057
10.271129 5.682050 0.325133
10.223638 5.770380 0.325246
10.175442 5.858334 0.325357
10.126367 5.945808 0.325465
10.059769 6.061789 0.325606
10.008952 6.148278 0.325708
9.957272 6.234260 0.325808
9.904905 6.319832 0.325906
9.869537 6.376602 0.325970
9.833829 6.433161 0.326033
9.797783 6.489507 0.326094
9.761397 6.545638 0.326155
9.724676 6.601552 0.326214
9.687619 6.657246 0.326272
9.631367 6.740344 0.326358
9.555259 6.850391 0.326468
9.477835 6.959525 0.326573
9.418950 7.040794 0.326650
9.379261 7.094661 0.326699
9.339249 7.148290 0.326747
9.278589 7.228253 0.326818
9.217290 7.307731 0.326886
9.176003 7.360390 0.326929
9.134398 7.412801 0.326972
9.092482 7.464963 0.327014
6.771596 9.620984 0.327668
6.688921 9.677832 0.327646
6.633506 9.715286 0.327631
6.549942 9.770801 0.327604
6.437796 9.843701 0.327566
6.353150 9.897532 0.327534
6.296438 9.932965 0.327511
6.153723 10.020009 0.327449
6.067521 10.071273 0.327408
6.009786 10.104986 0.327379
5.951852 10.138352 0.327350
5.893723 10.171371 0.327319
5.835399 10.204039 0.327287
5.747531 10.252337 0.327237
5.659286 10.299932 0.327184
5.600209 10.331187 0.327148
5.540949 10.362089 0.327110
5.481508 10.392633 0.327071
5.421888 10.422821 0.327032
5.332107 10.467384 0.326969
5.241980 10.511226 0.326905
5.151429 10.554165 0.326838
5.060544 10.596375 0.326769
4.969254 10.637676 0.326696
4.877644 10.678243 0.326622
4.816361 10.704798 0.326571
4.754925 10.730986 0.326519
4.662468 10.769527 0.326438
4.538702 10.819680 0.326327
4.445516 10.856363 0.326241
4.383204 10.880322 0.326183
4.320755 10.903906 0.326123
4.258170 10.927115 0.326062
4.164028 10.961177 0.325968
4.069626 10.994485 0.325872
4.006523 11.016187 0.325807
3.943295 11.037508 0.325741
3.848212 11.068733 0.325639
3.752893 11.099197 0.325535
3.657288 11.128707 0.325429
3.561461 11.157453 0.325320
3.465365 11.185239 0.325209
3.336892 11.221007 0.325057
3.240289 11.246869 0.324941
3.143446 11.271768 0.324822
3.046420 11.295893 0.324701
2.949172 11.319047 0.324577
2.851754 11.341426 0.324451
2.754133 11.362833 0.324323
2.656356 11.383460 0.324192
2.591072 11.396692 0.324104
2.525716 11.409533 0.324015
2.460291 11.421983 0.323924
2.362020 11.439876 0.323787
2.263623 11.456985 0.323647
2.165076 11.473114 0.323506
2.033495 11.493311 0.323313
1.934679 11.507476 0.323166
1.835743 11.520658 0.323017
1.736720 11.533051 0.322866
1.637595 11.544461 0.322712
1.538395 11.555082 0.322557
1.439113 11.564717 0.322399
1.339771 11.573563 0.322239
1.240363 11.581423 0.322077
1.140911 11.588492 0.321913
1.041411 11.594575 0.321747
0.941880 11.599868 0.321579
0.842320 11.604175 0.321409
0.742743 11.607690 0.321236
0.643156 11.610220 0.321062
0.543566 11.611960 0.320886
0.443982 11.612715 0.320707
0.344411 11.612679 0.320527
0.244865 11.611660 0.320345
0.145345 11.609854 0.320161
0.045867 11.607062 0.319975
-0.053570 11.603485 0.319787
-0.119830 11.600575 0.319661
-0.186063 11.597275 0.319533
-0.252268 11.593580 0.319405
-0.351512 11.587255 0.319212
-0.450687 11.580147 0.319016
-0.549766 11.572060 0.318819
-0.648761 11.563193 0.318620
-0.747644 11.553349 0.318419
-0.846429 11.542727 0.318217
-0.945084 11.531133 0.318012
-1.043627 11.518762 0.317806
-1.142022 11.505421 0.317598
-1.240292 11.491307 0.317389
-1.338396 11.476227 0.317177
-1.436362 11.460377 0.316965
-1.534144 11.443564 0.316750
-1.664264 11.419869 0.316461
-1.761653 11.401141 0.316243
-1.858831 11.381458 0.316023
-1.955833 11.361014 0.315802
-2.052607 11.339620 0.315579
-2.149191 11.317468 0.315354
-2.213451 11.302197 0.315203
-2.277611 11.286548 0.315052
-2.341668 11.270522 0.314900
-2.437544 11.245733 0.314671
-2.565016 11.211432 0.314364
-2.660340 11.184774 0.314131
-2.755375 11.157187 0.313897
-2.850172 11.128858 0.313662
-2.913208 11.109479 0.313505
-2.976119 11.089731 0.313346
-3.038904 11.069616 0.313188
-3.132823 11.038710 0.312948
-3.226477 11.007072 0.312708
-3.288734 10.985496 0.312546
-3.350854 10.963555 0.312385
-3.443753 10.929921 0.312141
-3.567142 10.883872 0.311814
-3.659318 10.848437 0.311568
-3.720570 10.824338 0.311403
-3.781669 10.799882 0.311238
-3.842615 10.775070 0.311072
-3.933720 10.737144 0.310821
-4.054660 10.685401 0.310486
-4.144958 10.645717 0.310234
-4.204936 10.618795 0.310065
-4.264745 10.591525 0.309895
-4.354117 10.549926 0.309640
-4.443143 10.507639 0.309384
-4.531727 10.464491 0.309127
-4.619953 10.420661 0.308869
-4.678527 10.390986 0.308696
-4.766020 10.345798 0.308436
-4.853138 10.299937 0.308175
-4.939782 10.253238 0.307913
-5.026039 10.205872 0.307651
-5.083283 10.173853 0.307475
-5.168753 10.125164 0.307211
-5.253822 10.075819 0.306946
-5.338383 10.025658 0.306681
-5.450443 9.957697 0.306325
-5.533964 9.905923 0.306058
-5.589362 9.870978 0.305879
-5.644545 9.835717 0.305700
-5.754262 9.764246 0.305340
-5.808792 9.728038 0.305160
-5.863101 9.691517 0.304980
-5.944115 9.636114 0.304709
-6.051381 9.561214 0.304346
-6.131258 9.504273 0.304074
-6.184201 9.465907 0.303892
-6.236910 9.427238 0.303709
-6.289384 9.388268 0.303527
-6.367619 9.329214 0.303252
-6.471133 9.249485 0.302886
-6.573676 9.168578 0.302518
-6.649968 9.107169 0.302242
-6.750780 9.024231 0.301873
-6.825696 8.961241 0.301596
-6.900105 8.897684 0.301319
-8.913388 6.613733 0.292539
-8.966687 6.532584 0.292260
-9.019346 6.451043 0.291982
-9.071203 6.369019 0.291703
-9.139270 6.259023 0.291333
-9.189509 6.176060 0.291055
-9.222569 6.120505 0.290870
-9.271503 6.036813 0.290594
-9.319781 5.952763 0.290317
-9.367235 5.868275 0.290041
-9.475197 5.669708 0.289399
-9.505282 5.612593 0.289216
-9.535031 5.555313 0.289034
-9.578985 5.469071 0.288760
-9.636466 5.353554 0.288396
-9.678731 5.266527 0.288124
-9.706454 5.208306 0.287943
-9.733839 5.149936 0.287762
-9.774231 5.062085 0.287491
-9.826947 4.944469 0.287131
-9.865625 4.855904 0.286862
-9.890951 4.796675 0.286683
-9.915932 4.737311 0.286504
-9.952711 4.647998 0.286237
-9.988796 4.558424 0.285970
-10.024011 4.468530 0.285704
-10.069800 4.348257 0.285351
-10.103268 4.257749 0.285087
-10.135858 4.166946 0.284823
-10.178138 4.045496 0.284474
-10.208967 3.954131 0.284212
-10.238912 3.862496 0.283952
-10.277657 3.739971 0.283606
-10.305827 3.647825 0.283348
-10.333107 3.555435 0.283091
-10.368291 3.431937 0.282749
-10.393786 3.339086 0.282494
-10.418386 3.246018 0.282240
-10.442267 3.152781 0.281987
-10.465252 3.059343 0.281736
-10.487516 2.965749 0.281485
-10.501879 2.903252 0.281318
-10.515882 2.840683 0.281152
-10.536162 2.746689 0.280904
-10.555720 2.652560 0.280657
-10.574375 2.558270 0.280411
-10.592304 2.463857 0.280166
-10.603775 2.400837 0.280003
-10.614882 2.337760 0.279842
-10.630817 2.243038 0.279600
-10.646025 2.148214 0.279359
-10.660325 2.053270 0.279119
-10.673896 1.958236 0.278881
-10.686558 1.863097 0.278644
-10.698492 1.767882 0.278408
-10.705962 1.704356 0.278252
-10.713067 1.640797 0.278096
-10.722997 1.545397 0.277863
-10.732197 1.449940 0.277632
-10.740484 1.354419 0.277402
-10.748042 1.258854 0.277173
-10.754688 1.163241 0.276946
-10.762332 1.035705 0.276645
-10.767154 0.940022 0.276421
-10.771063 0.844316 0.276199
-10.774243 0.748599 0.275978
-10.776511 0.652874 0.275758
-10.778050 0.557151 0.275540
-10.778677 0.461435 0.275324
-10.778301 0.333837 0.275037
-10.777108 0.238164 0.274824
-10.775005 0.142524 0.274613
-10.772177 0.046918 0.274403
-10.769806 -0.016795 0.274264
-3.392742 0.060756 0.026361
-3.386763 -0.032520 0.026206
-3.376397 -0.146267 0.026019
-3.362266 -0.259586 0.025837
-3.348221 -0.351946 0.025692
-3.259089 -0.746477 0.025098
-2.457297 -2.181252 0.023413
-2.371730 -2.271400 0.023342
-2.275757 -2.365832 0.023274
-2.144901 -2.483616 0.023201
0.041406 -3.342955 0.023884
0.352471 -3.342084 0.024194
0.435325 -3.337231 0.024284
0.857055 -3.282566 0.024797
0.948637 -3.264033 0.024920
1.039658 -3.242851 0.025047
1.338723 -3.155654 0.025494
1.632429 -3.041391 0.025983
2.563187 -2.444645 0.027938
2.609783 -2.402971 0.028056
2.663024 -2.353106 0.028195
2.715267 -2.302182 0.028335
2.763922 -2.252564 0.028469
2.853934 -2.155941 0.028725
2.949662 -2.139324 0.029807
2.947137 -2.048121 0.029004
3.031477 -1.941929 0.029271
3.118158 -1.824345 0.029560
3.169135 -1.749616 0.029740
3.236857 -1.644225 0.029990
3.347862 -1.451084 0.030433
3.414251 -1.320758 0.030725
3.454092 -1.235559 0.030911
3.507628 -1.110665 0.031180
3.523086 -1.071806 0.031263
3.612853 -0.815198 0.031796
3.627850 -0.765085 0.031897
3.704488 -0.449941 0.032518
3.724052 -0.339991 0.032727
3.704817 0.925090 0.034895
-2.444152 2.747869 0.033090
-2.708760 2.350252 0.030997
-2.903263 2.053801 0.030291
-3.017605 1.843075 0.029814
-3.113746 1.634994 0.029359
-3.152830 1.538437 0.029153
-3.217362 1.358775 0.028779
-3.253333 1.242774 0.028542
-3.328399 0.936283 0.027938
-3.344937 0.847662 0.027768
-3.359513 0.755205 0.027594
-3.375359 0.631446 0.027365
-3.382685 0.559043 0.027232
-3.391027 0.445015 0.027027
-3.395520 0.341193 0.026843
-3.397123 0.247693 0.026680
-3.395811 0.149012 0.026527
-3.947129 -0.536762 0.053775
-3.868133 -0.855336 0.054404
-3.169235 -2.260050 0.052723
-3.049252 -2.452592 0.055515
-3.033382 -2.529944 0.056650
-2.951846 -2.539704 0.053236
-2.941545 -2.639856 0.056494
-2.851690 -2.668959 0.052441
-2.829810 -2.737387 0.054398
-2.740744 -2.761951 0.052962
-2.660538 -2.842831 0.052303
-2.635345 -2.941422 0.056526
-2.560467 -2.958836 0.052293
-2.532891 -3.049530 0.061338
-2.438756 -3.056412 0.053790
-2.353325 -3.069327 0.052526
-2.336921 -3.141263 0.053148
-2.255024 -3.149872 0.052606
-2.249726 -3.232536 0.053653
-2.152257 -3.255863 0.052985
-1.342809 -3.744054 0.062042
-1.041692 -3.839875 0.061539
2.900017 -3.003345 0.049813
3.120266 -2.823550 0.065406
3.752995 -1.954667 0.059645
3.870697 -1.775078 0.060901
4.065084 -1.360045 0.061215
4.155449 -1.145166 0.063798
4.265036 -0.840158 0.061224
4.260578 -0.754961 0.063370
4.339968 -0.455872 0.063595
4.366768 0.733799 0.064908
4.341391 0.854114 0.064064
4.341156 0.955883 0.065850
4.337659 1.035132 0.062153
4.322594 1.162687 0.058573
4.245000 1.345518 0.063848
4.230204 1.453931 0.063779
4.211110 1.569148 0.059175
4.143565 1.641314 0.066004
4.133396 1.749329 0.062875
4.054089 1.921821 0.065036
3.931191 2.142325 0.063366
3.851223 2.332725 0.064410
3.738025 2.458511 0.065973
3.746969 2.540913 0.060412
3.661657 2.633626 0.064575
3.538704 2.747433 0.065956
3.516074 2.864216 0.060747
3.442054 2.923898 0.064692
3.351098 3.060861 0.060925
3.243217 3.128070 0.064054
3.130208 3.242874 0.064072
3.061005 3.356172 0.061150
2.941264 3.441913 0.063906
2.863813 3.526980 0.061251
2.754869 3.546062 0.067729
2.638072 3.638452 0.065926
2.546448 3.742956 0.063907
2.339265 3.856010 0.066400
2.258201 3.938453 0.061361
1.946850 4.045025 0.064691
1.451503 4.244366 0.065031
1.156141 4.346338 0.064136
1.053188 4.345330 0.062977
0.442437 4.443818 0.065139
0.349542 4.448862 0.065058
0.262999 4.434808 0.063657
0.143489 4.435644 0.063567
0.048725 4.434022 0.063494
-0.645464 4.350676 0.062581
-1.915635 3.913425 0.057090
-2.225612 3.710657 0.060186
-2.503530 3.505428 0.055778
-2.615948 3.409020 0.055495
-2.712462 3.318268 0.059273
-2.830580 3.202899 0.061092
-3.007467 3.013462 0.060764
-3.138419 2.846232 0.060311
-3.234222 2.735264 0.063652
-3.312410 2.613513 0.053392
-3.344215 2.563456 0.061021
-3.432019 2.436371 0.058518
-3.454757 2.359236 0.060445
-3.540533 2.248676 0.058222
-3.617670 2.104992 0.059467
-3.856952 1.455193 0.058536
-3.857224 1.344732 0.055121
-3.937407 1.144462 0.056660
-3.957651 1.048628 0.056552
-3.947338 0.940122 0.056510
-3.957303 0.846163 0.055457
-4.806825 -0.647308 0.076048
-4.717130 -1.049066 0.075418
-4.701681 -1.105803 0.075332
-4.605097 -1.414322 0.074878
-4.516252 -1.617910 0.083795
-4.423291 -1.847683 0.080560
-4.300836 -2.114082 0.073936
-4.215414 -2.245753 0.085497
-4.125892 -2.419802 0.073568
-3.930288 -2.712612 0.073245
-3.826330 -2.838917 0.083417
-3.742875 -2.947265 0.081322
-3.656682 -3.048377 0.083399
-3.600230 -3.124628 0.072848
-3.565204 -3.152409 0.083385
-3.507881 -3.218566 0.079851
-3.449039 -3.274789 0.085529
-3.362158 -3.364509 0.083408
-3.315118 -3.420072 0.072614
-3.269265 -3.453771 0.083406
-3.207656 -3.519874 0.072546
-3.153159 -3.560830 0.081245
-3.051346 -3.648023 0.081263
-2.947336 -3.730601 0.083484
-2.839586 -3.813489 0.083514
-2.757260 -3.873637 0.083540
-2.714508 -3.912250 0.072355
-2.658267 -3.940968 0.085810
-2.542044 -4.023430 0.077976
-0.354139 -4.751923 0.087073
0.846579 -4.771324 0.086149
0.962108 -4.754538 0.086271
1.065596 -4.743988 0.082517
1.338691 -4.652943 0.086165
1.447856 -4.653519 0.086811
1.532188 -4.635604 0.084621
1.739379 -4.563290 0.089434
1.848822 -4.540086 0.083514
2.057365 -4.447419 0.089806
2.143900 -4.446439 0.076462
2.342935 -4.343768 0.082381
2.553779 -4.255658 0.077233
2.743578 -4.151677 0.077618
2.828446 -4.101865 0.077796
2.861081 -4.056548 0.085056
2.953832 -4.023905 0.078067
3.044267 -3.964314 0.078269
3.125523 -3.908681 0.078454
3.153519 -3.860106 0.085570
3.245267 -3.822126 0.078734
3.245251 -3.754504 0.094492
3.339196 -3.750316 0.078961
3.442858 -3.666918 0.079220
3.550540 -3.541270 0.086334
3.610975 -3.522225 0.079655
3.665554 -3.472304 0.079802
3.730111 -3.411367 0.079979
3.762008 -3.380491 0.080068
3.814535 -3.328368 0.080217
3.876587 -3.264829 0.080396
3.927468 -3.211065 0.080546
3.967537 -3.167448 0.080666
4.007228 -3.123479 0.080786
4.056029 -3.067779 0.080937
4.104054 -3.011394 0.081089
4.148022 -2.958037 0.081231
4.197608 -2.896505 0.081393
4.243116 -2.838024 0.081546
4.287808 -2.778905 0.081699
4.340285 -2.707084 0.081883
4.374575 -2.658691 0.082006
4.408302 -2.609896 0.082129
4.441391 -2.560657 0.082252
4.521807 -2.436009 0.082560
4.575950 -2.347371 0.082776
4.628222 -2.257591 0.082992
4.685805 -2.153728 0.083239
4.713664 -2.101276 0.083363
4.740911 -2.048496 0.083486
4.780632 -1.968727 0.083671
4.806337 -1.915158 0.083794
4.843647 -1.834203 0.083979
4.891371 -1.725330 0.084225
4.925357 -1.642883 0.084409
4.968559 -1.532083 0.084653
5.009198 -1.420287 0.084897
5.037841 -1.335772 0.085079
5.065167 -1.250808 0.085260
5.090839 -1.165311 0.085441
5.122847 -1.050649 0.085680
5.145093 -0.964161 0.085859
5.172394 -0.848239 0.086096
5.188144 -0.775475 0.086244
5.202787 -0.702469 0.086390
5.213718 -0.643904 0.086507
5.228742 -0.555800 0.086681
5.243669 -0.457606 0.086874
5.258063 -0.349283 0.087084
5.267914 -0.260401 0.087254
5.278734 -0.141640 0.087479
5.284150 -0.067289 0.087618
5.289745 0.036944 0.087812
5.293598 0.156198 0.088030
5.294740 0.245696 0.088192
5.294134 0.335213 0.088353
5.291081 0.454551 0.088565
5.286802 0.544000 0.088721
5.278765 0.663147 0.088927
5.270992 0.752388 0.089080
5.261473 0.841474 0.089230
5.246459 0.960001 0.089428
5.233461 1.048674 0.089574
5.218729 1.137088 0.089717
5.202613 1.225272 0.089859
5.190948 1.283893 0.089953
5.178596 1.342378 0.090045
5.158694 1.429814 0.090182
5.129878 1.545866 0.090360
5.106563 1.632479 0.090492
5.090117 1.689977 0.090578
5.072993 1.747283 0.090663
5.045991 1.832844 0.090789
5.017594 1.917962 0.090913
4.977272 2.030618 0.091073
4.926882 2.160823 0.091255
4.900513 2.225469 0.091344
4.877098 2.280547 0.091419
4.846897 2.348997 0.091510
4.815732 2.417019 0.091600
4.783529 2.484562 0.091688
4.750294 2.551610 0.091774
4.716194 2.618226 0.091858
4.652215 2.736783 0.092005
4.607897 2.814912 0.092099
4.585177 2.853657 0.092146
4.530901 2.943313 0.092250
4.499049 2.994035 0.092308
4.466600 3.044380 0.092365
4.416819 3.119178 0.092448
4.391417 3.156234 0.092488
4.330936 3.241862 0.092579
4.295576 3.290223 0.092629
4.268665 3.326206 0.092666
4.204702 3.409283 0.092748
4.157941 3.467787 0.092805
4.110357 3.525628 0.092859
4.081372 3.559972 0.092891
4.022529 3.627918 0.092952
3.931987 3.727822 0.093037
3.890986 3.771529 0.093073
3.838920 3.825390 0.093116
3.786098 3.878511 0.093156
3.721667 3.941205 0.093202
3.678101 3.982365 0.093230
3.633994 4.022945 0.093257
3.589530 4.063135 0.093283
3.533200 4.112533 0.093314
3.476178 4.161131 0.093341
3.406799 4.218313 0.093372
3.336420 4.274262 0.093399
3.256993 4.334850 0.093425
3.119508 4.434533 0.093461
3.057763 4.476974 0.093473
2.970268 4.534826 0.093486
2.868927 4.598856 0.093496
2.830511 4.622202 0.093498
2.766063 4.660406 0.093499
2.661752 4.719464 0.093497
2.569406 4.769190 0.093490
2.502826 4.803534 0.093482
2.435730 4.836854 0.093472
2.350017 4.877555 0.093456
2.231617 4.930835 0.093428
2.162720 4.960228 0.093409
2.093384 4.988563 0.093388
2.037615 5.010477 0.093369
1.953491 5.042113 0.093338
1.868798 5.072174 0.093304
1.755118 5.110030 0.093254
1.640587 5.145198 0.093197
1.554193 5.169883 0.093152
1.467359 5.192953 0.093103
1.409253 5.207479 0.093068
1.336385 5.224652 0.093023
1.263269 5.240707 0.092976
1.145845 5.264257 0.092896
1.057454 5.280188 0.092832
0.968776 5.294382 0.092765
0.850204 5.310986 0.092671
0.731289 5.324795 0.092572
0.656828 5.332069 0.092508
0.552417 5.340255 0.092413
0.432934 5.347053 0.092301
0.343248 5.350395 0.092213
0.253524 5.351979 0.092123
0.133890 5.351749 0.091997
0.044194 5.349820 0.091900
-0.045435 5.346136 0.091800
-0.164804 5.338886 0.091663
-0.254197 5.331699 0.091556
-0.343420 5.322764 0.091447
-0.462110 5.308529 0.091298
-0.521326 5.300455 0.091222
-0.550890 5.296114 0.091183
-0.639397 5.281968 0.091065
-0.727662 5.266441 0.090945
-0.844838 5.243129 0.090781
-0.942032 5.221634 0.090641
-1.048467 5.195988 0.090484
-1.135059 5.173119 0.090352
-1.249876 5.140382 0.090173
-1.335479 5.114156 0.090037
-1.392262 5.095784 0.089945
-1.448819 5.076749 0.089851
-1.551850 5.040015 0.089678
-1.644887 5.004955 0.089518
-1.727940 4.971692 0.089371
-1.855914 4.917086 0.089139
-1.919390 4.888641 0.089022
-2.027139 4.837617 0.088818
-2.133653 4.784122 0.088610
-2.251966 4.721080 0.088374
-2.291024 4.699380 0.088294
-2.368499 4.654875 0.088133
-2.470611 4.593561 0.087916
-2.546154 4.545917 0.087751
-2.670231 4.463754 0.087474
-2.767727 4.395482 0.087250
-2.847609 4.336726 0.087061
-2.934295 4.270550 0.086851
-3.004070 4.214959 0.086678
-3.061441 4.167697 0.086533
-3.129373 4.109914 0.086358
-3.162966 4.080599 0.086271
-3.229338 4.021068 0.086094
-3.294646 3.960395 0.085917
-3.337584 3.919322 0.085798
-3.332031 3.854059 0.089620
-3.411533 3.846245 0.085590
-3.473720 3.782444 0.085410
-3.524691 3.728476 0.085260
-3.584780 3.662735 0.085079
-3.643699 3.595966 0.084897
-3.701431 3.528190 0.084715
-3.764058 3.451644 0.084512
-3.843349 3.350475 0.084247
-3.848067 3.270147 0.088619
-3.937475 3.223378 0.083920
-3.980147 3.162776 0.083766
-4.021963 3.101592 0.083613
-4.046591 3.064577 0.083520
-4.172486 2.863751 0.083028
-4.281873 2.670449 0.082566
-4.354614 2.445079 0.087444
-4.467739 2.226484 0.085277
-4.666200 1.638674 0.086457
-6.085415 -0.039013 0.118181
-6.080122 -0.130010 0.118017
-6.073464 -0.220904 0.117855
-6.061901 -0.347945 0.117631
-6.050019 -0.456619 0.117441
-6.041158 -0.528952 0.117316
-6.026046 -0.637192 0.117131
-6.009169 -0.745153 0.116948
-5.987204 -0.870708 0.116738
-5.969938 -0.960086 0.116590
-5.951337 -1.049183 0.116444
-5.931508 -1.138003 0.116300
-5.914705 -1.208834 0.116186
-5.897089 -1.279459 0.116074
-5.878560 -1.349842 0.115963
-5.844445 -1.472536 0.115771
-5.818540 -1.559720 0.115637
-5.791336 -1.646496 0.115505
-5.762937 -1.732878 0.115375
-5.727098 -1.835923 0.115222
-5.702385 -1.904323 0.115121
-5.676790 -1.972390 0.115022
-5.650415 -2.040152 0.114924
-5.616331 -2.124401 0.114804
-5.595340 -2.174725 0.114734
-5.566552 -2.241476 0.114640
-5.522176 -2.341069 0.114503
-5.372827 -2.645497 0.114098
-5.292309 -2.794673 0.113908
-5.265516 -2.842113 0.113849
-5.182792 -2.983064 0.113676
-5.106208 -3.106490 0.113530
-4.902550 -3.407007 0.113191
-3.156540 -5.051096 0.112029
-3.079571 -5.099069 0.112024
-3.033040 -5.127285 0.112022
-2.954988 -5.173478 0.112021
-2.700842 -5.313615 0.112037
-2.636269 -5.346722 0.112045
-2.538821 -5.395218 0.112061
-2.440456 -5.441842 0.112081
-2.341385 -5.486954 0.112105
-2.308175 -5.501580 0.112114
-2.258192 -5.523137 0.112128
-2.140845 -5.571739 0.112166
-2.039558 -5.611675 0.112202
-1.954590 -5.643512 0.112235
-1.834865 -5.685989 0.112286
-1.731628 -5.720640 0.112334
-1.662420 -5.742584 0.112369
-1.540784 -5.779319 0.112433
-1.488426 -5.794306 0.112462
-1.453444 -5.804029 0.112482
-1.348147 -5.831925 0.112545
-1.224734 -5.862291 0.112623
-1.118463 -5.886304 0.112694
-1.065177 -5.897648 0.112731
-1.029595 -5.904938 0.112756
-0.958305 -5.918905 0.112807
-0.851058 -5.938248 0.112888
-0.743489 -5.955773 0.112973
-0.635642 -5.971579 0.113061
-0.563569 -5.980908 0.113122
-0.346787 -6.004330 0.113315
-0.256223 -6.011808 0.113400
-0.165556 -6.018035 0.113487
-0.074796 -6.022906 0.113577
0.034207 -6.027056 0.113688
0.161463 -6.029439 0.113822
0.234202 -6.029798 0.113901
0.343318 -6.028503 0.114022
0.452413 -6.025428 0.114147
0.579623 -6.019534 0.114296
0.670414 -6.013723 0.114406
0.742983 -6.008042 0.114496
1.463740 -5.906094 0.115472
2.980826 -5.394230 0.118080
3.176336 -5.294946 0.118478
3.556630 -5.076113 0.119300
3.846632 -4.884389 0.119974
5.487626 -3.197376 0.124908
5.527763 -3.135690 0.125067
5.577108 -3.058034 0.125265
5.644131 -2.947997 0.125544
5.690752 -2.868626 0.125742
5.753915 -2.756260 0.126021
5.789115 -2.691540 0.126180
5.806387 -2.658998 0.126259
5.856970 -2.560708 0.126498
5.889899 -2.494766 0.126656
5.913997 -2.445004 0.126775
5.953259 -2.361623 0.126974
5.983775 -2.294491 0.127132
6.013510 -2.226996 0.127290
6.042361 -2.159106 0.127448
6.077509 -2.073847 0.127646
6.124482 -1.953554 0.127921
6.162790 -1.849675 0.128157
6.199415 -1.745166 0.128391
6.228427 -1.657538 0.128586
6.256213 -1.569497 0.128781
6.282660 -1.481026 0.128975
6.317474 -1.356499 0.129245
6.345388 -1.249215 0.129475
6.371455 -1.141443 0.129705
6.391648 -1.051256 0.129895
6.410575 -0.960779 0.130084
6.428126 -0.870008 0.130272
6.450422 -0.742483 0.130534
6.462142 -0.669427 0.130683
6.475429 -0.577882 0.130869
6.491735 -0.449382 0.131126
6.503682 -0.338976 0.131345
6.513796 -0.228366 0.131562
6.519278 -0.154506 0.131706
6.527056 -0.025111 0.131955
6.530956 0.067418 0.132132
6.532968 0.141492 0.132273
6.534555 0.252647 0.132482
6.534221 0.363835 0.132688
6.532753 0.437959 0.132825
6.528362 0.567645 0.133062
6.523562 0.660225 0.133229
6.517348 0.752735 0.133395
6.508130 0.863633 0.133592
6.498982 0.955929 0.133754
6.488424 1.048089 0.133914
6.476565 1.140103 0.134073
6.463300 1.231938 0.134230
6.442454 1.360178 0.134446
6.429454 1.433285 0.134568
6.411878 1.524434 0.134719
6.333022 1.868324 0.135274
6.313862 1.940120 0.135387
6.194122 2.330934 0.135985
6.077263 2.644462 0.136442
6.034762 2.747622 0.136588
6.005348 2.815950 0.136684
5.982733 2.866958 0.136754
5.944008 2.951513 0.136870
5.887880 3.069008 0.137027
5.846279 3.152208 0.137137
5.812095 3.218317 0.137223
5.777133 3.284022 0.137308
5.732316 3.365560 0.137411
5.704888 3.414187 0.137472
5.686348 3.446462 0.137512
5.629491 3.542573 0.137629
5.580963 3.621983 0.137724
5.531219 3.700647 0.137816
5.480271 3.778544 0.137906
5.438704 3.840332 0.137976
5.364148 3.947225 0.138094
3.620116 5.605936 0.139285
3.557076 5.645687 0.139291
3.493572 5.684691 0.139294
3.461649 5.703910 0.139295
3.365171 5.760370 0.139295
3.235043 5.833027 0.139289
3.152907 5.876962 0.139281
3.053459 5.927987 0.139268
2.953128 5.977242 0.139251
2.818032 6.040135 0.139221
2.749940 6.070381 0.139203
2.560882 6.149307 0.139144
2.491568 6.176609 0.139119
2.246401 6.265247 0.139017
2.175738 6.288793 0.138984
1.962076 6.354085 0.138873
1.836472 6.388804 0.138801
1.474000 6.473387 0.138563
1.382675 6.491206 0.138497
-0.744398 6.524701 0.136241
-0.836007 6.509864 0.136113
-1.163619 6.445165 0.135635
-1.253969 6.424242 0.135498
-1.308018 6.411033 0.135414
-1.558489 6.342943 0.135014
-1.664936 6.310730 0.134838
-1.840953 6.252792 0.134539
-1.945655 6.215467 0.134355
-2.049702 6.176414 0.134169
-2.170206 6.128631 0.133948
-2.357377 6.048409 0.133595
-2.458388 6.002271 0.133398
-2.541866 5.962372 0.133233
-2.641252 5.912924 0.133032
-2.690619 5.887575 0.132931
-2.756016 5.852980 0.132796
-2.869580 5.790853 0.132556
-2.949818 5.744947 0.132383
-3.013598 5.707535 0.132244
-3.045292 5.688504 0.132174
-3.124009 5.640104 0.131998
-3.253518 5.556834 0.131701
-3.325268 5.509047 0.131534
-3.386151 5.467198 0.131389
-3.461532 5.413877 0.131208
-3.555797 5.344696 0.130976
-5.147754 3.608513 0.126004
-5.186069 3.545823 0.125845
-5.204950 3.514316 0.125766
-5.242095 3.450946 0.125607
-5.278619 3.387228 0.125449
-5.314332 3.323066 0.125290
-5.383491 3.193547 0.124973
-5.601320 2.728641 0.123869
-5.622363 2.677836 0.123751
-5.669709 2.558612 0.123477
-5.708513 2.455756 0.123243
-5.739362 2.369517 0.123049
-5.780394 2.248066 0.122778
-5.819094 2.125886 0.122508
-5.845180 2.038156 0.122316
-5.869936 1.950060 0.122125
-5.893461 1.861644 0.121934
-5.919856 1.755099 0.121707
-5.944494 1.648158 0.121480
-5.970956 1.522920 0.121218
-5.984889 1.451128 0.121069
-6.004223 1.343169 0.120847
-6.018924 1.252979 0.120663
-6.032264 1.162594 0.120479
-6.044345 1.072048 0.120297
-6.055061 0.981347 0.120117
-6.067812 0.854149 0.119866
-6.076756 0.744964 0.119652
-6.083910 0.635668 0.119441
-6.087449 0.562747 0.119301
-6.091334 0.453324 0.119093
-6.093546 0.325628 0.118852
-6.093514 0.234420 0.118682
-6.092114 0.143237 0.118514
-6.088561 0.033881 0.118369
-7.944845 -0.032259 0.181646
-7.938202 -0.162124 0.181363
-7.931983 -0.256461 0.181184
-7.922716 -0.374252 0.180963
-7.916291 -0.444843 0.180831
-7.909323 -0.515374 0.180701
-7.896271 -0.632755 0.180485
-7.881467 -0.749904 0.180271
-7.865184 -0.866836 0.180060
-7.854582 -0.936865 0.179934
-7.835485 -1.053335 0.179727
-7.823277 -1.123080 0.179604
-7.806026 -1.215886 0.179441
-7.796999 -1.262208 0.179360
-7.782931 -1.331578 0.179240
-7.758159 -1.446901 0.179041
-7.737284 -1.538913 0.178884
-7.709569 -1.653527 0.178691
-7.686242 -1.744918 0.178538
-7.655646 -1.858762 0.178349
-7.636456 -1.926829 0.178238
-7.603261 -2.039911 0.178054
-7.589518 -2.084999 0.177981
-7.575517 -2.130005 0.177908
-7.539357 -2.242139 0.177730
-7.509302 -2.331461 0.177589
-7.486123 -2.398228 0.177484
-7.462309 -2.464764 0.177381
-7.429713 -2.553160 0.177245
-7.404635 -2.619215 0.177144
-7.387581 -2.663120 0.177077
-7.352639 -2.750589 0.176946
-7.316865 -2.837712 0.176816
-7.298563 -2.881097 0.176752
-7.270617 -2.945958 0.176656
-7.222807 -3.053506 0.176500
-7.183578 -3.139091 0.176377
-7.133040 -3.245354 0.176227
-7.070436 -3.371899 0.176051
-7.038353 -3.434772 0.175964
-6.983611 -3.538887 0.175823
-6.916002 -3.662778 0.175658
-6.858076 -3.765124 0.175524
-6.822576 -3.826097 0.175445
-6.786612 -3.886794 0.175367
-6.750073 -3.947140 0.175291
-6.675509 -4.066904 0.175142
-6.611843 -4.165724 0.175022
-6.559802 -4.244046 0.174928
-6.507019 -4.321863 0.174836
-6.466768 -4.379764 0.174769
-6.426078 -4.437353 0.174703
-6.398660 -4.475536 0.174660
-6.343065 -4.551344 0.174575
-6.286823 -4.626667 0.174492
-6.215159 -4.719778 0.174393
-4.333547 -6.474575 0.173130
-4.235743 -6.539531 0.173116
-4.156821 -6.590463 0.173108
-4.117142 -6.615589 0.173105
-4.057338 -6.652824 0.173101
-3.997250 -6.689601 0.173099
-3.916622 -6.737795 0.173098
-3.876102 -6.761545 0.173098
-3.774195 -6.819875 0.173102
-3.650836 -6.887974 0.173112
-3.547126 -6.943051 0.173124
-3.463656 -6.986161 0.173137
-3.421716 -7.007318 0.173144
-3.358564 -7.038573 0.173156
-3.252758 -7.089538 0.173179
-3.210226 -7.109488 0.173189
-3.124820 -7.148655 0.173212
-3.081948 -7.167873 0.173224
-2.952643 -7.223968 0.173264
-2.844211 -7.269135 0.173302
-2.778841 -7.295490 0.173326
-2.735126 -7.312727 0.173343
-2.647370 -7.346368 0.173379
-2.537194 -7.387161 0.173428
-2.448619 -7.418617 0.173469
-2.337406 -7.456541 0.173524
-2.248009 -7.485623 0.173571
-2.135848 -7.520694 0.173633
-2.045744 -7.547553 0.173685
-1.955332 -7.573378 0.173739
-1.887337 -7.592100 0.173782
-1.841910 -7.604235 0.173811
-1.773630 -7.621918 0.173856
-1.636631 -7.655588 0.173949
-1.567922 -7.671572 0.173998
-1.476083 -7.691923 0.174065
-1.430075 -7.701704 0.174099
-1.360950 -7.715848 0.174152
-1.245485 -7.738189 0.174243
-1.176041 -7.750747 0.174299
-1.036840 -7.774138 0.174415
-0.967091 -7.784969 0.174476
-0.873939 -7.798433 0.174558
-0.827303 -7.804765 0.174600
-0.757274 -7.813728 0.174664
-0.640395 -7.827416 0.174773
-0.570165 -7.834772 0.174840
-0.429517 -7.847737 0.174979
-0.335625 -7.855036 0.175074
-0.218140 -7.862678 0.175196
-0.147590 -7.866401 0.175271
-0.029934 -7.871346 0.175399
0.040700 -7.873448 0.175477
0.111353 -7.875010 0.175556
0.252708 -7.876152 0.175719
0.346960 -7.875709 0.175830
0.464773 -7.873488 0.175972
0.535451 -7.871398 0.176058
0.653212 -7.866469 0.176205
0.747376 -7.861335 0.176325
0.865008 -7.853429 0.176478
0.935534 -7.847821 0.176571
1.052973 -7.837075 0.176730
1.170285 -7.824845 0.176891
1.287423 -7.810859 0.177055
1.334224 -7.804780 0.177121
1.380992 -7.798431 0.177188
1.451076 -7.788368 0.177290
1.544400 -7.774055 0.177427
1.614295 -7.762649 0.177531
1.730563 -7.742206 0.177707
1.846541 -7.720067 0.177886
1.939129 -7.701287 0.178031
1.985336 -7.691451 0.178104
2.031490 -7.681349 0.178178
2.146622 -7.654897 0.178364
2.238468 -7.632567 0.178516
2.352932 -7.603197 0.178707
2.398601 -7.590972 0.178784
2.444202 -7.578485 0.178862
2.557890 -7.546080 0.179059
2.648521 -7.519001 0.179218
2.738848 -7.490875 0.179379
2.851282 -7.454152 0.179582
2.963261 -7.415999 0.179788
3.074682 -7.376163 0.179996
3.141247 -7.351436 0.180123
3.251757 -7.309026 0.180335
3.295789 -7.291601 0.180421
3.339725 -7.273921 0.180507
3.449114 -7.228575 0.180724
3.514462 -7.200657 0.180855
3.557887 -7.181709 0.180943
3.644382 -7.142972 0.181121
3.773394 -7.083197 0.181389
3.837486 -7.052394 0.181524
3.901347 -7.021095 0.181661
3.964913 -6.989178 0.181798
4.070294 -6.934834 0.182028
4.112226 -6.912656 0.182120
4.195712 -6.867568 0.182306
4.257976 -6.833084 0.182447
4.340560 -6.786301 0.182636
4.443013 -6.726422 0.182873
4.524432 -6.677566 0.183064
4.625348 -6.615034 0.183305
4.745290 -6.538094 0.183597
4.863912 -6.459061 0.183891
4.922736 -6.418795 0.184039
4.961748 -6.391646 0.184138
5.039231 -6.336550 0.184337
5.116245 -6.280776 0.184537
6.947248 -4.418910 0.190342
6.974813 -4.379838 0.190451
7.029267 -4.301204 0.190669
7.069483 -4.241785 0.190833
7.135363 -4.141960 0.191107
7.187144 -4.061474 0.191326
7.212646 -4.020974 0.191435
7.262949 -3.939519 0.191655
7.287747 -3.898567 0.191764
7.324471 -3.836843 0.191929
7.372640 -3.754059 0.192148
7.419850 -3.670702 0.192367
7.477533 -3.565733 0.192641
7.500168 -3.523497 0.192751
7.544703 -3.438620 0.192970
7.566602 -3.395982 0.193080
7.609657 -3.310312 0.193299
7.641264 -3.245706 0.193463
7.682574 -3.159144 0.193682
7.732699 -3.050203 0.193955
7.781431 -2.940603 0.194228
7.828505 -2.830246 0.194500
7.855926 -2.763670 0.194663
7.909090 -2.629807 0.194989
7.943231 -2.540034 0.195206
8.008371 -2.359267 0.195638
8.105228 -2.062277 0.196336
8.290131 -1.340085 0.197975
8.344040 -1.056210 0.198597
8.355993 -0.984941 0.198752
8.374428 -0.865896 0.199008
8.384707 -0.794339 0.199161
8.397388 -0.698773 0.199364
8.416844 -0.531153 0.199717
8.426436 -0.435182 0.199917
8.434901 -0.339087 0.200116
8.443931 -0.218820 0.200364
8.448444 -0.146583 0.200511
8.452391 -0.074305 0.200658
8.457459 0.046252 0.200902
8.460266 0.142760 0.201095
8.462214 0.263452 0.201335
8.462474 0.335889 0.201478
8.461874 0.432484 0.201668
8.459559 0.553229 0.201903
8.456306 0.649806 0.202090
8.449529 0.794621 0.202367
8.445098 0.866987 0.202505
8.440099 0.939324 0.202641
8.430250 1.059789 0.202867
8.421122 1.156068 0.203046
8.408150 1.276278 0.203268
8.402452 1.324311 0.203356
8.396469 1.372313 0.203444
8.390203 1.420283 0.203531
8.373265 1.540049 0.203747
8.358471 1.635693 0.203918
8.234875 2.252693 0.204990
8.211663 2.346752 0.205148
8.181119 2.463956 0.205343
8.161907 2.534051 0.205459
8.128504 2.650504 0.205650
8.100680 2.743357 0.205800
8.086310 2.789649 0.205875
8.064208 2.858920 0.205985
8.033828 2.950997 0.206131
8.010361 3.019833 0.206240
7.994354 3.065603 0.206311
7.969802 3.134072 0.206417
7.927532 3.247706 0.206592
7.883694 3.360762 0.206764
7.838161 3.473164 0.206932
7.809991 3.540264 0.207031
7.751928 3.673743 0.207227
7.722041 3.740114 0.207323
7.670832 3.850105 0.207480
7.628719 3.937567 0.207603
7.574569 4.046169 0.207754
7.518919 4.154025 0.207901
7.484762 4.218345 0.207988
7.426481 4.324828 0.208130
7.390805 4.388333 0.208213
7.354503 4.451488 0.208295
7.317701 4.514357 0.208376
7.280278 4.576865 0.208456
7.242362 4.639078 0.208534
7.177859 4.741969 0.208662
7.125184 4.823610 0.208761
7.085073 4.884452 0.208834
7.044362 4.944898 0.208906
7.003173 5.005024 0.208976
6.975397 5.044891 0.209022
6.919135 5.124134 0.209113
6.832910 5.241687 0.209244
4.855300 7.130149 0.210658
4.794720 7.170796 0.210667
4.713363 7.224112 0.210677
4.672450 7.250406 0.210682
4.548736 7.327747 0.210690
4.465589 7.378216 0.210692
4.423768 7.403039 0.210692
4.381801 7.427613 0.210692
4.276238 7.487923 0.210687
4.212505 7.523407 0.210683
4.148426 7.558257 0.210677
4.040994 7.615156 0.210664
3.976110 7.648477 0.210654
3.845504 7.713444 0.210629
3.757804 7.755460 0.210610
3.691723 7.786320 0.210593
3.647509 7.806544 0.210582
3.536445 7.855920 0.210549
3.469486 7.884806 0.210528
3.357293 7.931532 0.210489
3.267064 7.967739 0.210455
3.199131 7.994224 0.210428
3.130941 8.020035 0.210400
3.016830 8.061793 0.210349
2.948056 8.085979 0.210316
2.833001 8.125018 0.210259
2.763681 8.147566 0.210222
2.624486 8.190876 0.210145
2.554621 8.211635 0.210105
2.437760 8.244757 0.210034
2.343940 8.270033 0.209974
2.226274 8.300096 0.209896
2.155458 8.317239 0.209847
2.037132 8.344503 0.209763
1.965940 8.359964 0.209710
1.894633 8.374861 0.209656
1.799354 8.393689 0.209582
1.727751 8.407034 0.209525
1.656050 8.419812 0.209467
1.536300 8.439597 0.209366
1.440312 8.454176 0.209283
1.320112 8.470835 0.209175
1.247878 8.479919 0.209109
1.175580 8.488432 0.209041
1.079074 8.498737 0.208949
1.030780 8.503461 0.208902
0.958292 8.509974 0.208830
0.861568 8.517707 0.208733
0.764770 8.524294 0.208633
0.692133 8.528519 0.208556
0.571006 8.534032 0.208426
0.474067 8.537182 0.208319
0.328626 8.539759 0.208154
0.231664 8.540045 0.208042
0.110483 8.538827 0.207898
0.037798 8.537181 0.207810
-0.059078 8.534033 0.207691
-0.180095 8.528524 0.207539
-0.252649 8.524307 0.207446
-0.325161 8.519518 0.207352
-0.445887 8.510017 0.207192
-0.518248 8.503520 0.207095
-0.566448 8.498809 0.207029
-0.662752 8.488536 0.206897
-0.734883 8.480052 0.206796
-0.806939 8.471002 0.206694
-0.950748 8.450829 0.206486
-1.046422 8.436127 0.206346
-1.165714 8.416016 0.206167
-1.237143 8.403163 0.206058
-1.284689 8.394222 0.205985
-1.379609 8.375503 0.205838
-1.450633 8.360697 0.205726
-1.545121 8.340028 0.205575
-1.639345 8.318252 0.205422
-1.709841 8.301229 0.205306
-1.850298 8.265163 0.205071
-1.943599 8.239901 0.204913
-2.036555 8.213453 0.204752
-2.082908 8.199822 0.204671
-2.152269 8.178832 0.204549
-2.267461 8.142586 0.204343
-2.336286 8.119977 0.204218
-2.473322 8.073016 0.203966
-2.541524 8.048668 0.203838
-2.632091 8.015231 0.203667
-2.677219 7.998116 0.203580
-2.722243 7.980738 0.203493
-2.834318 7.936110 0.203275
-2.901254 7.908601 0.203142
-2.990089 7.870969 0.202965
-3.056396 7.842033 0.202830
-3.122467 7.812583 0.202695
-3.166354 7.792607 0.202605
-3.231941 7.762132 0.202468
-3.340669 7.710155 0.202239
-3.383932 7.688909 0.202146
-3.427065 7.667410 0.202054
-3.534307 7.612539 0.201820
-3.661905 7.544678 0.201538
-3.725255 7.509946 0.201396
-3.767302 7.486464 0.201300
-3.830086 7.450754 0.201157
-3.954711 7.377759 0.200867
-4.037053 7.327895 0.200673
-4.098432 7.289900 0.200527
-4.159427 7.251314 0.200379
-4.220112 7.212257 0.200232
-4.260359 7.185907 0.200133
-4.360256 7.118987 0.199884
-4.478818 7.036819 0.199584
-4.557031 6.980901 0.199383
-4.615270 6.938399 0.199231
-4.692294 6.880910 0.199028
-4.749586 6.837184 0.198875
-4.844195 6.763209 0.198619
-6.612939 4.825871 0.192738
-6.664702 4.745585 0.192519
-6.715674 4.664816 0.192301
-6.777920 4.562976 0.192027
-6.850667 4.439645 0.191699
-6.909652 4.335958 0.191426
-6.955636 4.252362 0.191208
-7.011885 4.147228 0.190935
-7.066567 4.041304 0.190663
-7.087993 3.998715 0.190554
-7.130093 3.913181 0.190336
-7.150767 3.870239 0.190227
-7.191359 3.784011 0.190010
-7.211276 3.740728 0.189902
-7.250264 3.653796 0.189685
-7.288403 3.566507 0.189468
-7.307047 3.522686 0.189360
-7.343565 3.434738 0.189144
-7.378924 3.346341 0.188929
-7.421928 3.235398 0.188660
-7.463244 3.123847 0.188392
-7.487199 3.056629 0.188232
-7.525904 2.944196 0.187965
-7.548286 2.876467 0.187805
-7.591339 2.740489 0.187487
-7.612006 2.672249 0.187329
-7.645037 2.558123 0.187065
-7.664112 2.489450 0.186908
-7.688567 2.397636 0.186698
-7.706174 2.328597 0.186542
-7.734269 2.213243 0.186281
-7.750268 2.143842 0.186126
-7.775677 2.027913 0.185868
-7.790061 1.958187 0.185714
-7.803905 1.888360 0.185560
-7.829611 1.748363 0.185254
-7.853061 1.608008 0.184950
-7.863791 1.537686 0.184799
-7.873979 1.467293 0.184649
-7.889507 1.349793 0.184399
-7.898062 1.279209 0.184250
-7.910868 1.161425 0.184003
-7.919914 1.067093 0.183806
-7.931437 0.925447 0.183514
-7.936312 0.854570 0.183369
-7.942981 0.736374 0.183128
-7.947114 0.641774 0.182937
-7.950780 0.523491 0.182699
-7.952107 0.452512 0.182558
-7.952887 0.381533 0.182417
-7.952733 0.263249 0.182184
-7.951411 0.168648 0.181999
-7.948259 0.050449 0.181770
-11.226203 -0.133021 0.293562
-11.220116 -0.249086 0.293273
-11.213778 -0.348469 0.293066
-11.206492 -0.447768 0.292860
-11.198449 -0.546994 0.292656
-11.189460 -0.646120 0.292453
-11.179716 -0.745161 0.292251
-11.169028 -0.844085 0.292051
-11.157588 -0.942911 0.291852
-11.145206 -1.041606 0.291654
-11.132072 -1.140189 0.291458
-11.118003 -1.238624 0.291263
-11.103184 -1.336936 0.291069
-11.087430 -1.435085 0.290877
-11.065182 -1.565721 0.290623
-11.047565 -1.663518 0.290434
-11.029020 -1.761127 0.290247
-11.009733 -1.858577 0.290061
-10.989522 -1.955824 0.289877
-10.968573 -2.052901 0.289694
-10.946702 -2.149758 0.289513
-10.924099 -2.246433 0.289333
-10.908539 -2.310759 0.289214
-10.892615 -2.374988 0.289096
-10.876325 -2.439119 0.288978
-10.851162 -2.535114 0.288803
-10.816399 -2.662763 0.288572
-10.789420 -2.758232 0.288400
-10.761538 -2.853426 0.288231
-10.732935 -2.948394 0.288062
-10.713387 -3.011551 0.287951
-10.693481 -3.074590 0.287840
-10.673217 -3.137510 0.287731
-10.642107 -3.231643 0.287567
-10.610285 -3.325526 0.287406
-10.588596 -3.387944 0.287299
-10.566554 -3.450233 0.287193
-10.532785 -3.543401 0.287035
-10.486587 -3.667174 0.286827
-10.451062 -3.759658 0.286673
-10.414663 -3.851787 0.286521
-10.377570 -3.943628 0.286371
-10.339610 -4.035100 0.286222
-10.300959 -4.126271 0.286075
-10.274733 -4.186848 0.285978
-10.248164 -4.247270 0.285882
-10.221253 -4.307536 0.285787
-10.194001 -4.367642 0.285692
-10.152443 -4.457480 0.285552
-10.110207 -4.546990 0.285414
-10.067128 -4.636085 0.285277
-10.023377 -4.724842 0.285142
-9.993764 -4.783784 0.285053
-9.963818 -4.842554 0.284965
-9.918233 -4.930355 0.284834
-9.856353 -5.046828 0.284663
-9.809120 -5.133729 0.284536
-9.777196 -5.191419 0.284453
-9.744945 -5.248921 0.284371
-9.712368 -5.306235 0.284289
-9.679469 -5.363360 0.284208
-9.629474 -5.448662 0.284089
-9.578837 -5.533576 0.283971
-9.510150 -5.646071 0.283817
-9.457763 -5.729892 0.283704
-9.404744 -5.813306 0.283593
-9.368980 -5.868642 0.283520
-9.332904 -5.923771 0.283448
-9.296515 -5.978690 0.283376
-9.241315 -6.060647 0.283271
-9.166687 -6.169211 0.283133
-9.109950 -6.250093 0.283032
-9.052454 -6.330426 0.282933
-8.974786 -6.436797 0.282805
-8.915786 -6.516014 0.282710
-8.876055 -6.568523 0.282648
-8.836027 -6.620802 0.282587
-8.795705 -6.672851 0.282528
-8.734634 -6.750459 0.282439
-8.631492 -6.878706 0.282296
-6.327324 -9.023799 0.280664
-6.246377 -9.080194 0.280647
-6.110473 -9.172752 0.280625
-6.028263 -9.227295 0.280614
-5.945641 -9.281214 0.280605
-5.862511 -9.334348 0.280599
-5.778979 -9.386851 0.280594
-5.723028 -9.421432 0.280593
-5.666879 -9.455693 0.280592
-5.554000 -9.523258 0.280593
-5.468816 -9.573049 0.280597
-5.354611 -9.638359 0.280605
-5.268495 -9.686528 0.280613
-5.210841 -9.718206 0.280620
-5.153006 -9.749558 0.280628
-5.094993 -9.780580 0.280636
-5.036803 -9.811273 0.280646
-4.949171 -9.856649 0.280662
-4.831755 -9.916044 0.280687
-4.743271 -9.959756 0.280708
-4.684061 -9.988450 0.280724
-4.624687 -10.016809 0.280740
-4.535303 -10.058671 0.280766
-4.445601 -10.099855 0.280794
-4.355508 -10.140190 0.280825
-4.265108 -10.179843 0.280857
-4.204640 -10.205821 0.280880
-4.144023 -10.231457 0.280904
-4.052806 -10.269221 0.280941
-3.930705 -10.318420 0.280994
-3.838777 -10.354452 0.281037
-3.777308 -10.378010 0.281066
-3.715704 -10.401218 0.281096
-3.653967 -10.424077 0.281128
-3.561098 -10.457663 0.281176
-3.467973 -10.490546 0.281227
-3.405721 -10.511997 0.281262
-3.343345 -10.533095 0.281298
-3.249539 -10.564034 0.281353
-3.155496 -10.594261 0.281411
-3.061162 -10.623598 0.281471
-2.935010 -10.661521 0.281554
-2.840122 -10.689068 0.281618
-2.744969 -10.715715 0.281685
-2.649611 -10.741642 0.281754
-2.554002 -10.766665 0.281824
-2.458199 -10.790964 0.281897
-2.362161 -10.814354 0.281972
-2.233808 -10.844328 0.282075
-2.137326 -10.865896 0.282155
-2.040633 -10.886550 0.282236
-1.943779 -10.906470 0.282320
-1.846730 -10.925472 0.282406
-1.749531 -10.943739 0.282493
-1.652153 -10.961082 0.282583
-1.554638 -10.977689 0.282675
-1.456959 -10.993369 0.282769
-1.359155 -11.008308 0.282864
-1.261203 -11.022320 0.282962
-1.163137 -11.035588 0.283062
-1.064939 -11.047926 0.283163
-0.933843 -11.063134 0.283302
-0.835404 -11.073606 0.283408
-0.736858 -11.083144 0.283516
-0.638233 -11.091933 0.283626
-0.572434 -11.097293 0.283701
-0.506599 -11.102277 0.283776
-0.440733 -11.106887 0.283852
-0.341873 -11.113051 0.283968
-0.242959 -11.118464 0.284086
-0.143985 -11.122935 0.284206
-0.044969 -11.126655 0.284327
0.054092 -11.129433 0.284451
0.153182 -11.131456 0.284576
0.252300 -11.132539 0.284703
0.351435 -11.132867 0.284832
0.450583 -11.132250 0.284963
0.549735 -11.130879 0.285096
0.648884 -11.128565 0.285231
0.748024 -11.125496 0.285367
0.847146 -11.121482 0.285506
0.946246 -11.116712 0.285646
1.045311 -11.110998 0.285788
1.144343 -11.104529 0.285931
1.243323 -11.097116 0.286077
1.342257 -11.088947 0.286224
1.441124 -11.079835 0.286373
1.539932 -11.069969 0.286524
1.638657 -11.059159 0.286676
1.737310 -11.047596 0.286830
1.835865 -11.035091 0.286986
1.967128 -11.017162 0.287197
2.065459 -11.002775 0.287357
2.163666 -10.987448 0.287518
2.261766 -10.971370 0.287682
2.359726 -10.954354 0.287847
2.457566 -10.936588 0.288013
2.555250 -10.917886 0.288182
2.652802 -10.898437 0.288351
2.750182 -10.878053 0.288523
2.847417 -10.856922 0.288696
2.944464 -10.834861 0.288871
3.041353 -10.812056 0.289047
3.138038 -10.788322 0.289225
3.266667 -10.755439 0.289464
3.362917 -10.729853 0.289646
3.426961 -10.712301 0.289767
3.490911 -10.694382 0.289890
3.554765 -10.676093 0.290013
3.650347 -10.647925 0.290199
3.745725 -10.619021 0.290387
3.840841 -10.589202 0.290576
3.967301 -10.548223 0.290830
4.061866 -10.516578 0.291022
4.156143 -10.484021 0.291216
4.250183 -10.450739 0.291411
4.343919 -10.416551 0.291608
4.468483 -10.369763 0.291872
4.561585 -10.333773 0.292072
4.623478 -10.309300 0.292206
4.685236 -10.284470 0.292341
4.746859 -10.259280 0.292476
4.839015 -10.220783 0.292680
4.961418 -10.168269 0.292954
5.052858 -10.127995 0.293161
5.113620 -10.100676 0.293299
5.174232 -10.073004 0.293439
5.264845 -10.030792 0.293649
5.355146 -9.987878 0.293860
5.445050 -9.944092 0.294072
5.564382 -9.884550 0.294357
5.653468 -9.839026 0.294573
5.712635 -9.808216 0.294717
5.771630 -9.777062 0.294861
5.859777 -9.729646 0.295079
5.947572 -9.681544 0.295299
6.034921 -9.632592 0.295519
6.150778 -9.566191 0.295814
6.237208 -9.515547 0.296037
6.294577 -9.481335 0.296186
6.351756 -9.446789 0.296336
6.408742 -9.411909 0.296486
6.465533 -9.376696 0.296637
6.550327 -9.323213 0.296863
6.662718 -9.250803 0.297167
6.746505 -9.195675 0.297396
6.829776 -9.139729 0.297627
6.940106 -9.064055 0.297935
7.022322 -9.006492 0.298167
7.076847 -8.967688 0.298323
7.131152 -8.928563 0.298478
7.185239 -8.889120 0.298635
7.265926 -8.829323 0.298870
7.372759 -8.748541 0.299185
9.630374 -6.458906 0.307099
9.690403 -6.377475 0.307354
9.730006 -6.322868 0.307524
9.769299 -6.268023 0.307694
9.808275 -6.212943 0.307864
9.866109 -6.129855 0.308120
9.923306 -6.046304 0.308376
9.979702 -5.962182 0.308632
10.053820 -5.849267 0.308974
10.126638 -5.735463 0.309316
10.180433 -5.649562 0.309572
10.233403 -5.563121 0.309829
10.285708 -5.476254 0.310085
10.320134 -5.418062 0.310256
10.371101 -5.330359 0.310513
10.421393 -5.242244 0.310770
10.470837 -5.153623 0.311026
10.535624 -5.034798 0.311369
10.630224 -4.855098 0.311882
10.676396 -4.764627 0.312138
10.706714 -4.704063 0.312309
10.736680 -4.643315 0.312480
10.780926 -4.551827 0.312736
10.824466 -4.459981 0.312992
10.867118 -4.367692 0.313248
10.922797 -4.244063 0.313588
10.963660 -4.150916 0.313844
10.990422 -4.088596 0.314014
11.016821 -4.026111 0.314184
11.055695 -3.932061 0.314438
11.093841 -3.837692 0.314693
11.131070 -3.742933 0.314947
11.167566 -3.647869 0.315200
11.191405 -3.584293 0.315369
11.214873 -3.520569 0.315538
11.237972 -3.456700 0.315707
11.271876 -3.360611 0.315959
11.305033 -3.264242 0.316211
11.337253 -3.167532 0.316463
11.378961 -3.038143 0.316798
11.409297 -2.940777 0.317049
11.438687 -2.843097 0.317299
11.467316 -2.745172 0.317548
11.485893 -2.679729 0.317714
11.504090 -2.614170 0.317880
11.521902 -2.548496 0.318046
11.547853 -2.449762 0.318294
11.573033 -2.350810 0.318541
11.589306 -2.284700 0.318705
11.605191 -2.218488 0.318870
11.620690 -2.152174 0.319034
11.742629 -1.551183 0.320495
11.759814 -1.450349 0.320736
11.776208 -1.349366 0.320976
11.791614 -1.248206 0.321216
11.806228 -1.146910 0.321454
11.819849 -1.045455 0.321692
11.832674 -0.943879 0.321929
11.844504 -0.842160 0.322165
11.855536 -0.740335 0.322400
11.865569 -0.638386 0.322634
11.874801 -0.536344 0.322867
11.883032 -0.434196 0.323099
11.890460 -0.331969 0.323330
11.894876 -0.263770 0.323484
11.898890 -0.195538 0.323637
11.902502 -0.127275 0.323789
11.905712 -0.058984 0.323942
11.909720 0.043503 0.324169
11.912922 0.146035 0.324395
11.915115 0.248613 0.324620
11.916500 0.351222 0.324844
11.916875 0.453858 0.325067
11.916442 0.556511 0.325289
11.914997 0.659173 0.325510
11.912742 0.761837 0.325729
11.909476 0.864492 0.325947
11.905399 0.967134 0.326164
11.902143 1.035549 0.326308
11.896445 1.138144 0.326523
11.889939 1.240707 0.326737
11.882421 1.343218 0.326949
11.874092 1.445682 0.327160
11.864751 1.548077 0.327370
11.854601 1.650410 0.327578
11.843440 1.752655 0.327785
11.831470 1.854824 0.327991
11.818491 1.956887 0.328195
11.804703 2.058858 0.328398
11.789907 2.160705 0.328599
11.774304 2.262447 0.328799
11.757695 2.364046 0.328998
11.740280 2.465524 0.329195
11.728134 2.533091 0.329325
11.709113 2.634308 0.329520
11.689290 2.735384 0.329713
11.668465 2.836275 0.329904
11.646839 2.937011 0.330094
11.624216 3.037544 0.330282
11.600795 3.137908 0.330469
11.576378 3.238050 0.330654
11.551167 3.338009 0.330838
11.524964 3.437727 0.331019
11.497970 3.537248 0.331200
11.469987 3.636510 0.331378
11.441216 3.735560 0.331555
11.411462 3.834334 0.331730
11.370483 3.965652 0.331961
11.338770 4.063845 0.332132
11.317107 4.129145 0.332245
11.295055 4.194321 0.332358
11.272614 4.259369 0.332469
11.238178 4.356683 0.332635
11.202967 4.453731 0.332799
11.166791 4.550437 0.332961
11.129847 4.646864 0.333122
11.104706 4.710958 0.333228
11.053275 4.838706 0.333438
11.013655 4.934104 0.333592
10.959562 5.060786 0.333796
10.918048 5.155403 0.333947
10.875592 5.249614 0.334095
10.832387 5.343494 0.334242
10.803083 5.405856 0.334339
10.773409 5.468047 0.334435
10.728154 5.560985 0.334577
10.682158 5.653569 0.334717
10.635239 5.745702 0.334856
10.571461 5.867932 0.335037
10.522713 5.959135 0.335171
10.473059 6.049858 0.335302
10.422680 6.140192 0.335432
10.371403 6.230030 0.335560
10.319408 6.319464 0.335685
10.284271 6.378815 0.335768
10.230855 6.467425 0.335890
10.176734 6.555615 0.336010
10.121733 6.643271 0.336128
10.047235 6.759420 0.336283
9.990495 6.845981 0.336396
9.932893 6.931980 0.336507
9.854948 7.045886 0.336652
9.775643 7.158865 0.336793
9.715321 7.243011 0.336896
9.674658 7.298790 0.336964
9.633662 7.354328 0.337030
9.571504 7.437148 0.337128
9.508685 7.519475 0.337225
9.466370 7.574028 0.337287
9.423727 7.628331 0.337349
7.025638 9.902381 0.339139
6.940710 9.961817 0.339156
6.855312 10.020575 0.339172
6.769334 10.078481 0.339185
6.653935 10.154541 0.339199
6.537639 10.229218 0.339208
6.449864 10.284354 0.339213
6.361547 10.338614 0.339215
6.272801 10.392168 0.339215
6.213356 10.427397 0.339213
6.153702 10.462272 0.339211
6.093842 10.496788 0.339207
6.033778 10.530947 0.339203
5.943279 10.581464 0.339194
5.852383 10.631259 0.339183
5.760998 10.680144 0.339169
5.638515 10.744108 0.339147
5.546183 10.791163 0.339129
5.453390 10.837296 0.339107
5.360236 10.882687 0.339083
5.266639 10.927147 0.339057
5.141266 10.985180 0.339019
5.046811 11.027766 0.338988
4.951942 11.069408 0.338954
4.856749 11.110293 0.338918
4.761159 11.150227 0.338879
4.665258 11.189397 0.338839
4.601121 11.215000 0.338810
4.536835 11.240220 0.338781
4.440113 11.277278 0.338735
4.343104 11.313564 0.338686
4.245744 11.348882 0.338635
4.148113 11.383422 0.338583
4.050149 11.416988 0.338527
3.951927 11.449773 0.338470
3.853391 11.481577 0.338410
3.754611 11.512594 0.338348
3.655535 11.542627 0.338283
3.556229 11.571869 0.338216
3.489877 11.590836 0.338171
3.423415 11.609405 0.338124
3.356847 11.627578 0.338076
3.256790 11.654040 0.338003
3.156531 11.679705 0.337927
3.089563 11.696280 0.337875
3.022501 11.712459 0.337823
2.955347 11.728233 0.337769
2.854439 11.751094 0.337687
2.753360 11.773151 0.337602
2.685864 11.787319 0.337544
2.618289 11.801084 0.337486
2.550637 11.814445 0.337426
2.449012 11.833678 0.337335
2.347245 11.852102 0.337242
2.245311 11.869514 0.337146
2.143250 11.886114 0.337049
2.075129 11.896640 0.336982
2.006952 11.906757 0.336915
1.938719 11.916471 0.336847
1.836268 11.930224 0.336743
1.733719 11.943164 0.336636
1.665293 11.951246 0.336564
1.562571 11.962554 0.336454
1.459772 11.973046 0.336343
1.356887 11.982517 0.336229
1.253939 11.991170 0.336113
1.185270 11.996395 0.336034
1.116576 12.001209 0.335955
1.047860 12.005615 0.335874
0.944748 12.011406 0.335752
0.841603 12.016379 0.335628
0.738428 12.020329 0.335501
0.635235 12.023460 0.335373
0.566433 12.025002 0.335286
0.463225 12.026497 0.335155
0.360020 12.027175 0.335021
0.256828 12.026829 0.334885
0.153654 12.025666 0.334748
0.050510 12.023483 0.334608
-0.052602 12.020483 0.334467
-0.155663 12.016463 0.334323
-0.258678 12.011628 0.334178
-0.361625 12.005774 0.334031
-0.464510 11.999106 0.333882
-0.533054 11.994120 0.333781
-0.635796 11.985826 0.333629
-0.738456 11.976721 0.333475
-0.841005 11.966603 0.333318
-0.943458 11.955676 0.333161
-1.045781 11.943738 0.333001
-1.147995 11.930993 0.332840
-1.250060 11.917241 0.332676
-1.352001 11.902683 0.332511
-1.453775 11.887123 0.332345
-1.555411 11.870760 0.332176
-1.656862 11.853398 0.332006
-1.758160 11.835237 0.331834
-1.859256 11.816079 0.331660
-1.960184 11.796126 0.331485
-2.060892 11.775183 0.331308
-2.161418 11.753448 0.331129
-2.261707 11.730725 0.330949
-2.361799 11.707215 0.330767
-2.461637 11.682724 0.330583
-2.561264 11.657450 0.330398
-2.660618 11.631198 0.330211
-2.759748 11.604168 0.330023
-2.858589 11.576168 0.329833
-2.957191 11.547393 0.329641
-3.055486 11.517653 0.329449
-3.153529 11.487144 0.329254
-3.251248 11.455677 0.329058
-3.348701 11.423447 0.328861
-3.413489 11.401451 0.328728
-3.478138 11.379076 0.328595
-3.542647 11.356322 0.328462
-3.639122 11.321437 0.328260
-3.767267 11.273667 0.327989
-3.862999 11.236905 0.327784
-3.926616 11.211898 0.327646
-3.990077 11.186521 0.327508
-4.053379 11.160770 0.327370
-4.148010 11.121407 0.327161
-4.242313 11.081306 0.326950
-4.336198 11.040291 0.326739
-4.460809 10.984385 0.326454
-4.553832 10.941549 0.326240
-4.615611 10.912510 0.326096
-4.677210 10.883111 0.325952
-4.769243 10.838295 0.325734
-4.860907 10.792766 0.325516
-4.952100 10.746348 0.325296
-5.042910 10.699224 0.325075
-5.133234 10.651221 0.324853
-5.223163 10.602519 0.324630
-5.282849 10.569588 0.324480
-5.342332 10.536309 0.324330
-5.401611 10.502686 0.324180
-5.460684 10.468719 0.324029
-5.519548 10.434409 0.323878
-5.578202 10.399758 0.323726
-5.665756 10.347104 0.323497
-5.752880 10.293773 0.323268
-5.839458 10.239604 0.323037
-5.954156 10.166267 0.322728
-6.039618 10.110436 0.322495
-6.096290 10.072779 0.322340
-6.152732 10.034792 0.322184
-6.236932 9.977162 0.321948
-6.320662 9.918886 0.321713
-6.376167 9.879607 0.321555
-6.458944 9.820048 0.321318
-6.568508 9.739581 0.321000
-6.704112 9.637266 0.320601
-6.757905 9.595781 0.320441
-6.838092 9.532934 0.320200
-6.944159 9.448119 0.319877
-7.049195 9.362089 0.319553
-7.153187 9.274859 0.319228
-9.284621 6.885162 0.311262
-9.321936 6.829040 0.311092
-9.358917 6.772709 0.310921
-9.449869 6.630961 0.310495
-9.503499 6.545348 0.310239
-9.556285 6.459239 0.309984
-9.625535 6.343780 0.309643
-9.676618 6.256708 0.309388
-9.726845 6.169166 0.309132
-9.776382 6.081254 0.308877
-9.808946 6.022403 0.308707
-9.857098 5.933769 0.308452
-9.904554 5.844782 0.308197
-9.951136 5.755361 0.307942
-10.056896 5.545306 0.307349
-10.086307 5.484913 0.307179
-10.115361 5.424360 0.307010
-10.158233 5.333214 0.306757
-10.200391 5.241756 0.306503
-10.241653 5.149917 0.306250
-10.282197 5.057780 0.305998
-10.321841 4.965277 0.305745
-10.373494 4.841465 0.305410
-10.411327 4.748259 0.305158
-10.448250 4.654713 0.304907
-10.484445 4.560903 0.304657
-10.519723 4.466770 0.304407
-10.565540 4.340842 0.304074
-10.598982 4.246090 0.303825
-10.631503 4.151043 0.303576
-10.663283 4.055766 0.303328
-10.683976 3.992098 0.303163
-10.704298 3.928320 0.302998
-10.734038 3.832439 0.302752
-10.763033 3.736350 0.302506
-10.781866 3.672154 0.302342
-10.800325 3.607860 0.302179
-10.818411 3.543470 0.302015
-10.844789 3.446695 0.301771
-10.870417 3.349739 0.301528
-10.887002 3.284983 0.301366
-10.903211 3.220141 0.301204
-10.919043 3.155216 0.301042
-10.942037 3.057665 0.300801
-10.964276 2.959959 0.300560
-10.985570 2.862065 0.300320
-11.006108 2.764027 0.300081
-11.025698 2.665819 0.299843
-11.050554 2.534659 0.299526
-11.068247 2.436136 0.299289
-11.084990 2.337468 0.299054
-11.100971 2.238693 0.298819
-11.116001 2.139790 0.298585
-11.130267 2.040791 0.298352
-11.143582 1.941682 0.298120
-11.156133 1.842490 0.297888
-11.167728 1.743203 0.297658
-11.178561 1.643848 0.297428
-11.188439 1.544414 0.297200
-11.197553 1.444924 0.296973
-11.205710 1.345371 0.296746
-11.213103 1.245776 0.296521
-11.219541 1.146135 0.296297
-11.225213 1.046464 0.296073
-11.240391 0.547851 0.294973
-11.240906 0.448129 0.294756
-11.240467 0.348426 0.294541
-11.239264 0.248745 0.294326
-11.237110 0.149099 0.294113
-11.234194 0.049489 0.293901
-11.231742 -0.016892 0.293761
-3.211979 -1.208262 0.027614
-3.113639 -1.421632 0.027361
-3.046791 -1.651358 0.030025
-2.727381 -2.035072 0.026710
-2.647138 -2.134930 0.026617
-2.534798 -2.263580 0.026503
-2.450282 -2.352612 0.026430
-2.355340 -2.446363 0.026357
-2.248986 -2.543597 0.026288
-2.155625 -2.623309 0.026235
-2.012696 -2.735133 0.026170
-1.943532 -2.785245 0.026145
-1.864356 -2.839687 0.026121
-1.729441 -2.925971 0.026089
-1.655999 -2.969598 0.026077
-1.630897 -3.047087 0.028528
-1.543911 -3.031696 0.026065
-1.442526 -3.083627 0.026061
-1.342869 -3.131039 0.026063
-1.175907 -3.202403 0.026078
-1.062687 -3.245293 0.026096
-0.852858 -3.313979 0.026147
-0.749977 -3.342883 0.026179
-0.436735 -3.411128 0.026308
-0.341685 -3.426143 0.026355
-0.235664 -3.440074 0.026413
0.756531 -3.421915 0.027178
0.851594 -3.405836 0.027273
1.237304 -3.314539 0.027700
1.541621 -3.210330 0.028085
1.748759 -3.121644 0.028375
2.127108 -2.918769 0.028966
2.420033 -2.719012 0.029489
2.571426 -2.598404 0.029786
3.290003 -1.787001 0.031561
3.779644 -0.663962 0.033643
3.797369 -0.590394 0.033769
3.858397 -0.249865 0.034335
3.868736 -0.163933 0.034474
3.877746 -0.066966 0.034629
3.885540 0.051823 0.034816
3.888810 0.138356 0.034951
3.889852 0.235784 0.035101
3.888155 0.344043 0.035265
3.884059 0.441419 0.035411
3.877112 0.538649 0.035555
3.866545 0.646454 0.035712
3.854479 0.743208 0.035851
3.839579 0.839582 0.035987
3.816631 0.963906 0.036160
3.777478 1.136539 0.036395
3.744400 1.258606 0.036557
3.711699 1.365757 0.036697
3.677055 1.468504 0.036828
3.646960 1.549872 0.036930
3.562129 1.753395 0.037178
3.517738 1.848385 0.037290
3.467167 1.948419 0.037406
3.417309 2.040679 0.037510
3.360910 2.137569 0.037616
3.227297 2.344007 0.037833
3.150984 2.449513 0.037937
3.070900 2.552189 0.038035
3.001752 2.635821 0.038111
2.855855 2.796485 0.038249
2.866836 2.853755 0.039102
2.740369 2.911202 0.038338
2.640360 3.044640 0.039011
2.547193 3.162887 0.039718
2.347535 3.235873 0.038543
2.213360 3.327986 0.038584
2.043880 3.432083 0.038617
1.856183 3.533469 0.038633
1.669662 3.621078 0.038628
1.562880 3.665584 0.038617
1.449830 3.739840 0.039442
1.345491 3.744615 0.038576
1.177664 3.855586 0.040337
1.060494 3.825508 0.038488
0.958299 3.848599 0.038447
0.548995 3.968609 0.040324
0.465228 3.918619 0.038188
0.357118 3.925005 0.038117
0.259714 3.928186 0.038050
0.173099 3.928666 0.037986
0.054055 3.926023 0.037894
-0.043236 3.921217 0.037814
-0.429894 3.875836 0.037457
-0.543267 3.854589 0.037341
-0.641893 3.833235 0.037235
-0.840528 3.781177 0.037007
-0.964359 3.742746 0.036857
-1.164073 3.670435 0.036598
-1.346232 3.593019 0.036344
-1.443644 3.546534 0.036200
-1.587229 3.471840 0.035979
-1.773162 3.362492 0.035674
-2.157483 3.085168 0.034964
-2.287935 2.972581 0.034695
-2.589605 2.665728 0.034001
-2.877494 2.290674 0.033214
-3.547135 0.360301 0.032810
-3.549272 0.268158 0.032673
-3.548670 0.149059 0.032510
-3.962817 -0.949169 0.058696
-3.000500 -2.723403 0.048539
-2.913733 -2.814478 0.048464
-2.713837 -3.005800 0.048320
-0.257853 -4.062181 0.059393
0.661462 -4.056845 0.060126
0.748060 -4.060035 0.056569
1.242836 -3.949948 0.060664
1.644961 -3.876797 0.050323
1.833401 -3.752192 0.061277
2.157369 -3.659583 0.051056
2.358394 -3.552009 0.051378
2.645419 -3.373648 0.051877
2.950911 -3.146907 0.052465
3.054685 -3.059965 0.052680
3.174474 -2.952667 0.052940
3.257142 -2.873724 0.053126
3.319989 -2.810810 0.053273
3.381528 -2.746590 0.053420
3.452948 -2.668388 0.053597
3.563555 -2.539958 0.053882
3.637877 -2.447421 0.054083
3.684524 -2.387020 0.054213
3.729958 -2.325680 0.054344
3.781592 -2.253103 0.054496
3.852799 -2.147617 0.054715
4.472795 -0.648129 0.057527
4.494816 -0.535307 0.057720
4.548655 -0.130093 0.058392
4.554423 -0.053605 0.058516
4.560447 0.057042 0.058692
4.563499 0.150770 0.058841
4.564329 0.253088 0.059001
4.563508 0.329835 0.059119
4.560137 0.432129 0.059276
4.552643 0.559865 0.059469
4.546423 0.636399 0.059583
4.535861 0.738247 0.059734
4.521114 0.852508 0.059900
4.507798 0.941132 0.060028
4.441769 1.267409 0.060485
4.416553 1.366734 0.060620
4.403035 1.416163 0.060687
4.326773 1.660776 0.061009
4.309801 1.709145 0.061071
4.264892 1.829175 0.061223
4.226365 1.924199 0.061341
4.120529 2.157675 0.061623
4.026082 2.339758 0.061834
3.909784 2.539100 0.062055
3.835719 2.654097 0.062177
3.708245 2.836186 0.062362
3.622469 2.948196 0.062470
3.541280 3.047485 0.062562
3.348175 3.344681 0.063765
3.216899 3.393592 0.062851
3.039253 3.554075 0.062964
2.940683 3.636133 0.063016
2.846560 3.710094 0.063058
2.712048 3.808599 0.063108
2.541510 3.922679 0.063154
2.343510 4.041259 0.063186
2.135670 4.150997 0.063197
1.965409 4.230724 0.063190
1.740055 4.322960 0.063160
1.655769 4.353673 0.063142
1.547838 4.445266 0.064633
1.460961 4.417507 0.063092
1.362470 4.445862 0.063060
1.138712 4.501378 0.062974
1.063506 4.517145 0.062941
0.937623 4.540593 0.062880
0.861791 4.552883 0.062841
0.326789 4.601309 0.062504
0.250050 4.602909 0.062447
0.147725 4.602767 0.062368
0.038880 4.649722 0.064300
-0.362083 4.566591 0.061919
-0.438008 4.555942 0.061844
-0.564092 4.535360 0.061715
-0.676996 4.513748 0.061594
-0.742662 4.549642 0.063804
-0.863692 4.471010 0.061384
-0.962445 4.444986 0.061267
-1.036046 4.423834 0.061178
-1.254494 4.352979 0.060899
-1.342289 4.320706 0.060781
-1.456936 4.275408 0.060622
-1.527493 4.245842 0.060522
-1.634699 4.250870 0.062960
-1.655325 4.188224 0.060334
-1.758385 4.137897 0.060176
-1.837728 4.097164 0.060052
-1.938281 4.042103 0.059888
-2.048331 3.978027 0.059704
-2.135055 3.924609 0.059554
-2.188565 3.890144 0.059459
-2.230953 3.861942 0.059383
-2.387057 3.752131 0.059091
-2.488336 3.675174 0.058894
-2.557872 3.619590 0.058753
-2.661427 3.532033 0.058537
-2.762391 3.441561 0.058319
-2.854290 3.353822 0.058111
-2.958415 3.248377 0.057867
-3.050279 3.244590 0.061830
-3.058576 3.139231 0.057620
-3.141614 3.043220 0.057406
-3.221727 2.944800 0.057192
-3.263356 2.891448 0.057076
-3.345317 2.863428 0.060119
-3.373135 2.741267 0.056758
-3.432741 2.654013 0.056576
-3.481103 2.579603 0.056423
-3.521323 2.515055 0.056292
-3.560175 2.343415 0.061416
-4.160596 0.155299 0.052126
-5.032613 0.045557 0.082123
-5.026908 -0.067996 0.081924
-5.020646 -0.158716 0.081784
-5.012640 -0.249285 0.081646
-5.003244 -0.339710 0.081509
-4.996053 -0.399883 0.081419
-4.988169 -0.459965 0.081330
-4.974961 -0.549883 0.081197
-4.955050 -0.669395 0.081022
-4.938398 -0.758715 0.080893
-4.920035 -0.847687 0.080766
-4.900309 -0.936357 0.080640
-4.886251 -0.995256 0.080557
-4.871517 -1.053986 0.080476
-4.848067 -1.141720 0.080355
-4.814562 -1.258061 0.080196
-4.787764 -1.344810 0.080079
-4.759308 -1.431020 0.079964
-4.719171 -1.545202 0.079815
-4.687351 -1.630206 0.079705
-4.642678 -1.742665 0.079561
-4.607516 -1.826325 0.079456
-4.583240 -1.881737 0.079387
-4.545557 -1.964278 0.079286
-4.519777 -2.018998 0.079220
-4.493291 -2.073377 0.079154
-4.452344 -2.154333 0.079058
-4.410110 -2.234619 0.078964
-4.395708 -2.261207 0.078934
-4.341481 -2.357905 0.078823
-4.306108 -2.418944 0.078754
-4.267161 -2.483721 0.078683
-4.227324 -2.547951 0.078612
-4.194778 -2.598908 0.078557
-4.153258 -2.662056 0.078490
-4.110869 -2.724623 0.078425
-4.076301 -2.774222 0.078373
-4.032273 -2.835641 0.078311
-3.987403 -2.896445 0.078250
-3.950866 -2.944607 0.078203
-3.863374 -3.055239 0.078097
-3.779634 -3.155938 0.078004
-3.700162 -3.247038 0.077923
-3.639145 -3.314105 0.077866
-3.587404 -3.369166 0.077820
-3.524296 -3.434267 0.077767
-3.492338 -3.466422 0.077742
-3.427525 -3.529825 0.077693
-3.383779 -3.571538 0.077662
-3.328361 -3.622899 0.077625
-3.260909 -3.683490 0.077583
-3.203921 -3.733105 0.077550
-3.157752 -3.772123 0.077525
-3.040528 -3.867491 0.077467
-2.952812 -3.935228 0.077430
-2.871950 -3.995334 0.077400
-2.822834 -4.030584 0.077383
-2.760861 -4.073832 0.077365
-2.673060 -4.132868 0.077342
-2.571332 -4.198242 0.077320
-2.519892 -4.230024 0.077311
-2.363371 -4.321716 0.077291
-2.203842 -4.408109 0.077283
-2.163478 -4.428806 0.077282
-1.931498 -4.539529 0.077293
-1.736569 -4.622197 0.077320
-1.509853 -4.706918 0.077368
-1.452546 -4.726379 0.077383
-1.337323 -4.763483 0.077418
-1.153180 -4.816731 0.077482
-0.749849 -4.908799 0.077662
-0.149068 -4.985512 0.078027
-0.058287 -4.990936 0.078091
0.062889 -4.995840 0.078182
0.457100 -4.992519 0.078507
0.547991 -4.987441 0.078589
0.669045 -4.978335 0.078701
0.759704 -4.969757 0.078789
0.850198 -4.959432 0.078878
0.940535 -4.947711 0.078970
1.050635 -4.931016 0.079086
1.447738 -4.851246 0.079536
1.565594 -4.821300 0.079679
1.857066 -4.734603 0.080054
1.943540 -4.705390 0.080171
2.143206 -4.631114 0.080451
2.423084 -4.511228 0.080870
2.828971 -4.301205 0.081534
2.960057 -4.223318 0.081765
3.114451 -4.125010 0.082047
3.265305 -4.021215 0.082335
3.412578 -3.912276 0.082628
3.460761 -3.874732 0.082727
3.520489 -3.827153 0.082852
3.626138 -3.739175 0.083078
3.672433 -3.699273 0.083179
3.740884 -3.638262 0.083332
3.837879 -3.548029 0.083555
3.961378 -3.426461 0.083849
4.039090 -3.345572 0.084041
4.138888 -3.236416 0.084297
4.219324 -3.144107 0.084509
4.278141 -3.073554 0.084670
4.307106 -3.037903 0.084750
4.354644 -2.977880 0.084884
4.401346 -2.917188 0.085019
4.437987 -2.868076 0.085127
4.527287 -2.743576 0.085398
4.579158 -2.667646 0.085562
4.694887 -2.486894 0.085944
4.868767 -2.179949 0.086575
4.983884 -1.945777 0.087043
5.093084 -1.691823 0.087537
5.185335 -1.441959 0.088011
5.270609 -1.167936 0.088517
5.294904 -1.078901 0.088679
5.345204 -0.869460 0.089054
5.370135 -0.748883 0.089267
5.387065 -0.658083 0.089426
5.397407 -0.597371 0.089531
5.431641 -0.353369 0.089949
5.441435 -0.261457 0.090103
5.452096 -0.138658 0.090308
5.459127 -0.031012 0.090486
5.462679 0.045974 0.090612
5.465621 0.138418 0.090761
5.466755 0.230918 0.090910
5.466191 0.338856 0.091082
5.463272 0.446775 0.091252
5.459153 0.539232 0.091396
5.453224 0.631605 0.091539
5.442906 0.754606 0.091727
5.433361 0.846703 0.091866
5.422011 0.938608 0.092004
5.409222 1.030334 0.092140
5.399737 1.091351 0.092230
5.389534 1.152257 0.092319
5.372797 1.243372 0.092451
5.352367 1.344268 0.092595
5.327803 1.454825 0.092752
5.313324 1.514887 0.092836
5.298139 1.574778 0.092919
5.279396 1.644388 0.093015
5.248363 1.753347 0.093164
5.221057 1.841940 0.093284
5.182269 1.959314 0.093440
5.156708 2.032233 0.093535
5.118967 2.133624 0.093667
5.096586 2.191256 0.093740
5.073357 2.248557 0.093813
5.025076 2.362408 0.093956
4.987144 2.447057 0.094060
4.940756 2.544838 0.094179
4.906706 2.614244 0.094262
4.878503 2.669292 0.094327
4.835188 2.751342 0.094423
4.805453 2.805585 0.094485
4.775081 2.859476 0.094547
4.720387 2.952903 0.094652
4.696386 2.992613 0.094696
4.647245 3.071336 0.094781
4.579690 3.175007 0.094892
4.527339 3.251644 0.094972
4.455561 3.352451 0.095075
4.409450 3.414552 0.095137
4.381375 3.451507 0.095173
4.324213 3.524639 0.095243
4.275577 3.584789 0.095300
4.216073 3.656033 0.095366
4.185868 3.691273 0.095397
4.134792 3.749369 0.095449
4.051199 3.840640 0.095527
3.947561 3.948456 0.095615
3.844614 4.049707 0.095693
3.799696 4.092277 0.095725
3.742756 4.144640 0.095762
3.685081 4.196192 0.095798
3.614861 4.256904 0.095838
3.543580 4.316363 0.095875
3.483371 4.364925 0.095903
3.422483 4.412631 0.095930
3.364929 4.456211 0.095953
3.273456 4.523301 0.095986
3.197581 4.576753 0.096010
3.133584 4.620183 0.096027
3.068982 4.662704 0.096043
2.964275 4.728631 0.096063
2.884827 4.776583 0.096075
2.831368 4.807713 0.096082
2.764026 4.845716 0.096088
2.682505 4.890026 0.096093
2.641467 4.911659 0.096094
2.549516 4.958253 0.096094
2.447471 5.007675 0.096090
2.363122 5.046274 0.096083
2.278183 5.083542 0.096074
2.178233 5.124995 0.096059
2.048520 5.175236 0.096034
1.932153 5.216995 0.096006
1.858971 5.241779 0.095987
1.755882 5.274503 0.095955
1.696719 5.292370 0.095936
1.637306 5.309364 0.095915
1.532933 5.337633 0.095875
1.458016 5.356392 0.095845
1.337636 5.384211 0.095791
1.277234 5.397144 0.095763
1.155957 5.420605 0.095702
1.034197 5.441293 0.095636
0.957881 5.452833 0.095593
0.850765 5.466939 0.095529
0.758764 5.477420 0.095471
0.666589 5.486096 0.095410
0.543506 5.495253 0.095325
0.481905 5.498836 0.095280
-0.072925 5.497678 0.094829
-0.165196 5.491699 0.094744
-0.272689 5.482845 0.094643
-0.349323 5.475056 0.094569
-0.441129 5.464399 0.094477
-0.866166 5.393020 0.094018
-1.283589 5.287130 0.093511
-1.804591 5.101591 0.092792
-2.045997 5.057001 0.095515
-2.221464 4.906029 0.092142
-2.444488 4.848128 0.094995
-3.051059 4.366061 0.090607
-3.114697 4.314884 0.090474
-3.161824 4.275781 0.090373
-3.231640 4.216115 0.090221
-3.277592 4.175670 0.090119
-3.323003 4.134632 0.090017
-3.368049 4.093204 0.089914
-3.434559 4.029956 0.089759
-3.528636 3.936598 0.089534
-3.585469 3.878121 0.089394
-3.637800 3.822410 0.089263
-3.679084 3.777316 0.089158
-3.729956 3.720300 0.089025
-3.769965 3.674097 0.088919
-3.819345 3.615816 0.088786
-3.877402 3.544903 0.088626
-3.949660 3.452789 0.088420
-4.043961 3.326330 0.088141
-4.070608 3.289093 0.088060
-4.105602 3.239074 0.087952
-4.173746 3.137806 0.087735
-4.231535 3.048017 0.087545
-4.271660 2.983171 0.087409
-4.303060 2.930879 0.087300
-4.341427 2.865005 0.087164
-4.408103 2.745114 0.086918
-4.455311 2.655158 0.086736
-4.595011 2.361824 0.086154
-4.823954 1.733148 0.084965
-4.848982 1.645421 0.084804
-4.872308 1.557245 0.084645
-4.894267 1.468733 0.084486
-4.904603 1.424329 0.084406
-4.921029 1.350149 0.084275
-4.939205 1.260823 0.084117
-4.961135 1.141303 0.083909
-4.975849 1.051377 0.083753
-4.988824 0.961201 0.083599
-5.003829 0.840683 0.083394
-5.013288 0.750104 0.083242
-5.021027 0.659378 0.083090
-5.029013 0.538258 0.082891
-5.033251 0.447333 0.082742
-5.035737 0.356358 0.082595
-5.036715 0.235040 0.082400
-5.035698 0.144068 0.082256
-6.266753 -0.040587 0.124574
-6.260304 -0.152946 0.124394
-6.193252 -0.748907 0.123464
-6.177863 -0.841328 0.123324
-6.094336 -1.244826 0.122728
-2.599151 -5.585485 0.118578
-2.361212 -5.694786 0.118605
-2.136440 -5.787633 0.118647
-1.872951 -5.884325 0.118716
-1.533501 -5.990327 0.118837
-1.261649 -6.060896 0.118957
-1.170358 -6.081775 0.119002
-0.857829 -6.142929 0.119173
-0.746836 -6.160887 0.119240
-0.654115 -6.174469 0.119299
-0.561173 -6.186556 0.119360
-0.486713 -6.195434 0.119410
-0.150427 -6.224206 0.119656
-0.019277 -6.230758 0.119759
0.074487 -6.233813 0.119836
0.149537 -6.235155 0.119899
0.280911 -6.235693 0.120013
0.374761 -6.234423 0.120097
0.449829 -6.232303 0.120166
0.581154 -6.226780 0.120290
0.674893 -6.221182 0.120381
0.749822 -6.215599 0.120456
0.880820 -6.204020 0.120589
0.974250 -6.194098 0.120687
1.048886 -6.185095 0.120767
1.179276 -6.167437 0.120910
1.272199 -6.153205 0.121015
1.346375 -6.140724 0.121100
1.475889 -6.117087 0.121253
1.568108 -6.098568 0.121364
1.641670 -6.082665 0.121454
1.770027 -6.053054 0.121615
1.843101 -6.034920 0.121709
1.952327 -6.006133 0.121852
2.042982 -5.980721 0.121974
2.133263 -5.953943 0.122097
2.241106 -5.920116 0.122247
2.330543 -5.890520 0.122374
2.437277 -5.853195 0.122529
2.543383 -5.814047 0.122687
2.666367 -5.766159 0.122873
2.770993 -5.723058 0.123036
2.823041 -5.700850 0.123119
2.857628 -5.685775 0.123174
2.960830 -5.639243 0.123341
3.080305 -5.582876 0.123539
3.181782 -5.532564 0.123711
3.232210 -5.506768 0.123797
3.299089 -5.471655 0.123914
3.365532 -5.435699 0.124032
3.448072 -5.389785 0.124180
3.562466 -5.323395 0.124390
3.659473 -5.264667 0.124572
3.755506 -5.204307 0.124756
3.850419 -5.142144 0.124942
3.944339 -5.078444 0.125129
5.661629 -3.329226 0.129529
5.734215 -3.217581 0.129777
5.804570 -3.104472 0.130026
6.062413 -2.637919 0.131025
6.129161 -2.500857 0.131311
6.161286 -2.431708 0.131454
6.237989 -2.257154 0.131810
6.323323 -2.044767 0.132237
6.401318 -1.829463 0.132662
6.419582 -1.775185 0.132768
6.460363 -1.647909 0.133014
6.519282 -1.446256 0.133400
6.613453 -1.056203 0.134129
6.635962 -0.943716 0.134336
6.708432 -0.471098 0.135183
6.718767 -0.375960 0.135350
6.727649 -0.280659 0.135515
6.726531 0.848458 0.137387
6.715550 0.963007 0.137567
6.706919 1.039249 0.137686
6.614569 1.607311 0.138548
6.514996 2.017777 0.139142
6.413752 2.348360 0.139602
6.323058 2.601610 0.139943
5.828285 3.620797 0.141201
5.758009 3.735640 0.141330
5.716775 3.800598 0.141402
5.621182 3.944936 0.141558
3.726094 5.778274 0.142945
3.660869 5.819082 0.142956
3.578685 5.869026 0.142967
3.512404 5.908082 0.142974
3.462381 5.936834 0.142978
3.378490 5.983829 0.142983
3.344737 6.002268 0.142984
3.242785 6.056282 0.142984
3.140002 6.108680 0.142982
3.053604 6.150836 0.142976
2.966623 6.191760 0.142968
2.879030 6.231341 0.142957
2.755434 6.284526 0.142938
2.630844 6.335298 0.142913
2.523221 6.376689 0.142888
2.469152 6.396694 0.142874
2.433005 6.409745 0.142864
2.342301 6.441411 0.142837
2.269421 6.465796 0.142814
2.177940 6.495091 0.142783
2.104451 6.517530 0.142756
2.067611 6.528423 0.142742
1.956702 6.559721 0.142697
1.845282 6.589084 0.142649
1.770761 6.607695 0.142614
1.658530 6.633681 0.142560
1.545897 6.657786 0.142501
1.470608 6.672857 0.142461
1.395133 6.686927 0.142418
1.319505 6.700105 0.142374
1.243718 6.712277 0.142328
1.167832 6.723779 0.142281
1.053741 6.739069 0.142207
0.939428 6.752452 0.142129
0.863115 6.760362 0.142076
0.767600 6.768815 0.142006
0.671988 6.775916 0.141935
0.576291 6.781551 0.141860
0.461381 6.786488 0.141768
0.346421 6.789394 0.141673
0.250610 6.790292 0.141591
0.154810 6.789726 0.141506
0.039896 6.787220 0.141402
-0.074935 6.782688 0.141294
-0.170540 6.777393 0.141202
-0.266037 6.770638 0.141107
-0.380470 6.760716 0.140991
-0.475672 6.750937 0.140892
-0.551694 6.741975 0.140811
-0.646582 6.729742 0.140707
-0.741239 6.715952 0.140602
-0.816830 6.704100 0.140516
-0.892248 6.691251 0.140429
-0.929895 6.684495 0.140385
-1.042557 6.662834 0.140251
-1.154804 6.639233 0.140114
-1.229416 6.622539 0.140021
-1.303789 6.604865 0.139927
-1.359416 6.591011 0.139855
-1.451825 6.566803 0.139735
-1.562239 6.536072 0.139587
-1.672104 6.503518 0.139437
-1.744950 6.480570 0.139336
-1.871831 6.438636 0.139155
-1.961889 6.407070 0.139025
-1.997772 6.394066 0.138972
-2.051438 6.374143 0.138892
-2.140499 6.339967 0.138757
-2.211360 6.311673 0.138649
-2.246662 6.297217 0.138594
-2.351987 6.252517 0.138428
-2.439201 6.214029 0.138288
-2.491239 6.190308 0.138203
-2.577453 6.149700 0.138061
-2.645988 6.116334 0.137945
-2.764903 6.055964 0.137742
-2.849121 6.011494 0.137594
-2.899319 5.984207 0.137505
-2.965844 5.947115 0.137386
-3.031921 5.909255 0.137265
-3.081164 5.880334 0.137174
-3.178891 5.821262 0.136991
-3.259526 5.770767 0.136837
-3.339368 5.719065 0.136681
-3.386925 5.687528 0.136588
-3.449871 5.644809 0.136462
-3.512303 5.601365 0.136335
-3.558769 5.568287 0.136240
-3.620282 5.523590 0.136112
-3.681259 5.478186 0.135984
-5.334818 3.646453 0.131503
-5.383188 3.565284 0.131326
-5.448760 3.450438 0.131078
-5.485257 3.384284 0.130937
-5.547122 3.267465 0.130689
-5.589885 3.183308 0.130512
-5.614912 3.132509 0.130406
-5.655633 3.047381 0.130229
-5.710649 2.927303 0.129982
-5.740959 2.858199 0.129841
-5.777737 2.771358 0.129665
-5.806226 2.701513 0.129524
-5.833900 2.631353 0.129384
-5.860654 2.560851 0.129243
-5.893145 2.472385 0.129068
-5.912001 2.419084 0.128963
-5.942322 2.329882 0.128789
-5.971293 2.240253 0.128615
-5.993698 2.168315 0.128476
-6.025475 2.059883 0.128269
-6.055498 1.950977 0.128062
-6.088128 1.823316 0.127822
-6.126127 1.658275 0.127515
-6.152843 1.529325 0.127278
-6.166888 1.455411 0.127143
-6.186350 1.344269 0.126941
-6.239256 0.953150 0.126247
-6.248315 0.859645 0.126084
-6.257435 0.747303 0.125889
-6.262434 0.672340 0.125761
-6.268309 0.559819 0.125569
-6.272236 0.447234 0.125379
-6.274048 0.353389 0.125221
-6.274453 0.259542 0.125065
-6.273187 0.146952 0.124880
-6.269817 0.034423 0.124750
-8.104502 -0.816152 0.188916
-7.401215 -3.227658 0.185358
-7.317997 -3.402546 0.185132
-6.995808 -3.998526 0.184397
-6.895118 -4.163842 0.184204
-4.502022 -6.660418 0.182142
-4.341092 -6.767916 0.182109
-4.239334 -6.833325 0.182093
-4.157232 -6.884564 0.182083
-4.032984 -6.959660 0.182072
-3.970396 -6.996438 0.182068
-3.928483 -7.020639 0.182066
-3.844173 -7.068202 0.182065
-3.759454 -7.115042 0.182065
-3.652705 -7.172046 0.182068
-3.545132 -7.227502 0.182076
-3.436819 -7.281522 0.182086
-3.349592 -7.323582 0.182097
-3.283870 -7.354504 0.182107
-3.195806 -7.394814 0.182121
-3.151600 -7.414592 0.182130
-3.040575 -7.462900 0.182153
-2.973648 -7.491173 0.182168
-2.928885 -7.509682 0.182179
-2.861526 -7.536934 0.182197
-2.748724 -7.581027 0.182229
-2.635365 -7.623701 0.182264
-2.521367 -7.664688 0.182303
-2.452666 -7.688446 0.182328
-2.337738 -7.726819 0.182373
-2.268496 -7.749002 0.182401
-2.129460 -7.791650 0.182461
-2.059674 -7.812113 0.182493
-1.942942 -7.844796 0.182549
-1.849223 -7.869768 0.182597
-1.755213 -7.893667 0.182646
-1.660925 -7.916489 0.182698
-1.542699 -7.943533 0.182765
-1.447807 -7.963831 0.182822
-1.305075 -7.992469 0.182911
-1.233503 -8.005788 0.182957
-1.161825 -8.018560 0.183004
-1.042095 -8.038388 0.183086
-0.946105 -8.053042 0.183154
-0.825877 -8.069848 0.183241
-0.753611 -8.079049 0.183295
-0.681271 -8.087698 0.183350
-0.584688 -8.098216 0.183426
-0.536348 -8.103059 0.183465
-0.463778 -8.109770 0.183523
-0.342699 -8.119660 0.183624
-0.269973 -8.124705 0.183686
-0.148653 -8.131676 0.183792
-0.027236 -8.137114 0.183900
0.045661 -8.139512 0.183967
0.167215 -8.142021 0.184081
0.264492 -8.142799 0.184174
0.386113 -8.142235 0.184294
0.459088 -8.141001 0.184367
0.556382 -8.138424 0.184466
0.677970 -8.133665 0.184593
0.750896 -8.129914 0.184671
0.823799 -8.125603 0.184749
0.945228 -8.116927 0.184883
1.042294 -8.108756 0.184991
1.163510 -8.097007 0.185130
1.236162 -8.089062 0.185215
1.332939 -8.077539 0.185329
1.453741 -8.061603 0.185475
1.550214 -8.047479 0.185594
1.670614 -8.028434 0.185745
1.766742 -8.011901 0.185867
1.838727 -7.998808 0.185960
1.958448 -7.975509 0.186118
2.054001 -7.955652 0.186246
2.173142 -7.929315 0.186408
2.244441 -7.912630 0.186507
2.339304 -7.889469 0.186640
2.433911 -7.865209 0.186775
2.551778 -7.833290 0.186946
2.645789 -7.806663 0.187084
2.692672 -7.792895 0.187154
2.739480 -7.778856 0.187224
2.856149 -7.742539 0.187402
2.949128 -7.712295 0.187545
3.041770 -7.680973 0.187691
3.134062 -7.648578 0.187838
3.225993 -7.615111 0.187986
3.294708 -7.589344 0.188098
3.363184 -7.562911 0.188211
3.476849 -7.517620 0.188402
3.544723 -7.489600 0.188517
3.657358 -7.441674 0.188711
3.724594 -7.412080 0.188829
3.858342 -7.351198 0.189066
3.924845 -7.319913 0.189186
3.969025 -7.298713 0.189266
4.035056 -7.266397 0.189387
4.100845 -7.233568 0.189509
4.188112 -7.188859 0.189673
4.253215 -7.154627 0.189796
4.318061 -7.119889 0.189921
4.361117 -7.096394 0.190004
4.446788 -7.048566 0.190171
4.553198 -6.987532 0.190382
4.658731 -6.924924 0.190595
4.742430 -6.873582 0.190767
4.825694 -6.821505 0.190940
4.867067 -6.795040 0.191027
4.969824 -6.727789 0.191245
5.071661 -6.659096 0.191465
5.132263 -6.617116 0.191598
5.192548 -6.574663 0.191731
5.232523 -6.546047 0.191820
5.311985 -6.488110 0.192000
7.173168 -4.598208 0.197137
7.216023 -4.537621 0.197285
7.286356 -4.435848 0.197533
7.341459 -4.353605 0.197731
7.395767 -4.270814 0.197929
7.462170 -4.166330 0.198178
7.501334 -4.103195 0.198327
7.539886 -4.039670 0.198476
7.602994 -3.933078 0.198725
7.652257 -3.847063 0.198925
7.712585 -3.738807 0.199174
7.771317 -3.629639 0.199423
7.794353 -3.585718 0.199523
7.817133 -3.541658 0.199622
7.861839 -3.453082 0.199822
7.916432 -3.341693 0.200071
7.958894 -3.251971 0.200270
8.010532 -3.139117 0.200519
8.050544 -3.048223 0.200718
8.089672 -2.956926 0.200917
8.108791 -2.911081 0.201016
8.127645 -2.865119 0.201115
8.173568 -2.749704 0.201363
8.200368 -2.680144 0.201511
8.243587 -2.563635 0.201758
8.276964 -2.469969 0.201956
8.317085 -2.352300 0.202202
8.348080 -2.257774 0.202398
8.385117 -2.139040 0.202643
8.413522 -2.043657 0.202839
8.447492 -1.923954 0.203082
8.466975 -1.851867 0.203228
8.485895 -1.779620 0.203374
8.515921 -1.658799 0.203615
8.538695 -1.561819 0.203808
8.565595 -1.440212 0.204048
8.580822 -1.367036 0.204192
8.595475 -1.293733 0.204335
8.618366 -1.171243 0.204573
8.635411 -1.073002 0.204762
8.654984 -0.949886 0.204998
8.672964 -0.826504 0.205233
8.682850 -0.752334 0.205373
8.694967 -0.653288 0.205559
8.700588 -0.603707 0.205651
8.708436 -0.529264 0.205790
8.715698 -0.454752 0.205928
8.726243 -0.330402 0.206157
8.733388 -0.230803 0.206339
8.738014 -0.156044 0.206475
8.744156 -0.031337 0.206701
8.747775 0.068501 0.206880
8.749752 0.143414 0.207014
8.751478 0.268319 0.207235
8.751560 0.368271 0.207411
8.727261 0.967681 0.208442
8.716887 1.092321 0.208651
8.709718 1.167032 0.208776
8.701961 1.241691 0.208899
8.611262 1.860744 0.209900
8.499882 2.374783 0.210696
8.393623 2.761423 0.211273
8.285671 3.095407 0.211755
8.260703 3.166377 0.211856
8.182154 3.377997 0.212152
8.145417 3.471371 0.212280
8.088237 3.610613 0.212470
8.028491 3.748794 0.212655
7.976958 3.863189 0.212806
7.934466 3.954135 0.212924
7.846252 4.134502 0.213156
7.812102 4.201615 0.213241
7.777288 4.268392 0.213324
7.729990 4.356969 0.213434
7.669424 4.466916 0.213568
7.632249 4.532423 0.213648
7.594556 4.597637 0.213726
7.556219 4.662478 0.213802
7.491127 4.769837 0.213928
7.437799 4.854958 0.214026
7.369878 4.960565 0.214145
7.300374 5.065146 0.214262
7.243548 5.147991 0.214352
7.171290 5.250702 0.214462
7.082515 5.372484 0.214590
7.022130 5.452790 0.214673
6.976248 5.512570 0.214733
5.022170 7.341844 0.216049
4.959551 7.383743 0.216062
4.917586 7.411344 0.216070
4.854316 7.452245 0.216080
4.790727 7.492642 0.216089
4.748123 7.519237 0.216094
4.640916 7.584579 0.216105
4.532796 7.648383 0.216112
4.467448 7.685839 0.216114
4.335811 7.759061 0.216115
4.269531 7.794821 0.216113
4.225158 7.818310 0.216111
4.158327 7.853014 0.216107
4.023793 7.920694 0.216095
3.933453 7.964475 0.216085
3.865380 7.996638 0.216075
3.819833 8.017720 0.216068
3.774162 8.038530 0.216060
3.659447 8.089332 0.216037
3.590289 8.119046 0.216022
3.451143 8.176459 0.215988
3.357892 8.213506 0.215962
3.240675 8.258100 0.215927
3.170059 8.284076 0.215904
3.051840 8.325871 0.215862
2.956847 8.358069 0.215826
2.861489 8.389138 0.215788
2.765778 8.419069 0.215747
2.693783 8.440807 0.215716
2.549200 8.482189 0.215648
2.452466 8.508502 0.215600
2.331099 8.539620 0.215536
2.233701 8.563246 0.215483
2.111595 8.591187 0.215413
2.038134 8.607022 0.215370
1.964557 8.622276 0.215325
1.841633 8.646148 0.215247
1.743067 8.663960 0.215183
1.669022 8.676589 0.215133
1.545376 8.696075 0.215047
1.446278 8.710374 0.214975
1.322202 8.726634 0.214883
1.247649 8.735447 0.214826
1.148147 8.746219 0.214748
1.048538 8.755811 0.214668
0.948836 8.764225 0.214586
0.849057 8.771459 0.214501
0.724245 8.778878 0.214393
0.649319 8.782386 0.214326
0.549389 8.786078 0.214235
0.424449 8.789069 0.214119
0.349479 8.789920 0.214047
0.249527 8.790070 0.213950
0.124617 8.788636 0.213826
0.049700 8.786832 0.213750
-0.050148 8.783445 0.213647
-0.174870 8.777594 0.213515
-0.249640 8.773143 0.213435
-0.349256 8.766228 0.213326
-0.473631 8.755974 0.213186
-0.548160 8.748884 0.213101
-0.647420 8.738456 0.212986
-0.771291 8.723818 0.212840
-0.845485 8.714103 0.212751
-1.042852 8.685099 0.212507
-1.141239 8.668859 0.212383
-1.214896 8.655958 0.212289
-1.337354 8.632921 0.212129
-1.556824 8.587038 0.211835
-1.629669 8.570412 0.211734
-1.726559 8.547297 0.211599
-1.967456 8.484556 0.211254
-3.023052 8.116482 0.209579
-3.846855 7.712595 0.208067
-4.040051 7.601210 0.207683
-4.334355 7.418007 0.207074
-4.375760 7.390868 0.206986
-4.458022 7.335799 0.206809
-4.580301 7.251619 0.206541
-4.620702 7.223065 0.206452
-4.660932 7.194278 0.206362
-4.740812 7.135936 0.206182
-4.879042 7.031817 0.205864
-4.957021 6.971052 0.205681
-5.015049 6.924919 0.205543
-6.796098 4.963210 0.200358
-6.862621 4.860004 0.200112
-6.927562 4.755838 0.199865
-6.978608 4.671969 0.199668
-7.053057 4.544953 0.199372
-7.113507 4.438228 0.199125
-7.149025 4.373790 0.198978
-7.195459 4.287393 0.198780
-7.229588 4.222241 0.198632
-7.274245 4.134954 0.198435
-7.307099 4.069179 0.198288
-7.360485 3.958912 0.198042
-7.422455 3.825646 0.197747
-7.462470 3.736237 0.197551
-7.491828 3.668905 0.197404
-7.511051 3.623874 0.197306
-7.530011 3.578737 0.197208
-7.576226 3.465430 0.196963
-7.620721 3.351472 0.196720
-7.663754 3.236984 0.196476
-7.705052 3.121892 0.196234
-7.728973 3.052551 0.196088
-7.759971 2.959810 0.195895
-7.789891 2.866736 0.195702
-7.825666 2.749915 0.195462
-7.859948 2.632675 0.195222
-7.892459 2.514963 0.194983
-7.911091 2.444115 0.194841
-7.929176 2.373135 0.194698
-7.957854 2.254499 0.194462
-7.979586 2.159326 0.194273
-8.005235 2.040051 0.194038
-8.019741 1.968316 0.193898
-8.042533 1.848510 0.193665
-8.093885 1.535760 0.193065
-11.532860 -0.126845 0.305902
-11.526950 -0.246043 0.305632
-11.520754 -0.348114 0.305441
-11.513589 -0.450104 0.305251
-11.505650 -0.552022 0.305062
-11.496742 -0.653842 0.304874
-11.487062 -0.755578 0.304687
-11.476417 -0.857200 0.304502
-11.465002 -0.958724 0.304317
-11.452624 -1.060119 0.304135
-11.439477 -1.161403 0.303953
-11.425371 -1.262542 0.303772
-11.410498 -1.363557 0.303593
-11.400073 -1.430815 0.303474
-11.389266 -1.498006 0.303356
-11.378078 -1.565129 0.303238
-11.360531 -1.665669 0.303063
-11.342225 -1.766061 0.302889
-11.322969 -1.866259 0.302716
-11.302955 -1.966296 0.302545
-11.281996 -2.066124 0.302375
-11.260282 -2.165778 0.302206
-11.237626 -2.265208 0.302039
-11.214219 -2.364452 0.301873
-11.189876 -2.463455 0.301709
-11.164783 -2.562260 0.301546
-11.138760 -2.660809 0.301384
-11.111991 -2.759147 0.301224
-11.084296 -2.857214 0.301065
-11.055860 -2.955058 0.300908
-11.026501 -3.052616 0.300752
-10.996407 -3.149938 0.300598
-10.965395 -3.246959 0.300445
-10.933652 -3.343732 0.300293
-10.912003 -3.408079 0.300193
-10.889991 -3.472298 0.300094
-10.867614 -3.536386 0.299995
-10.833326 -3.632252 0.299848
-10.786406 -3.759619 0.299655
-10.750316 -3.854796 0.299512
-10.713329 -3.949617 0.299370
-10.675629 -4.044147 0.299230
-10.637040 -4.138306 0.299091
-10.584406 -4.263345 0.298909
-10.544049 -4.356738 0.298774
-10.516675 -4.418789 0.298685
-10.488951 -4.480680 0.298597
-10.460877 -4.542410 0.298510
-10.418070 -4.634675 0.298380
-10.359838 -4.757138 0.298209
-10.315300 -4.848560 0.298083
-10.269903 -4.939549 0.297958
-10.223822 -5.030186 0.297836
-10.192646 -5.090372 0.297755
-10.161131 -5.150377 0.297674
-10.129277 -5.210200 0.297595
-10.097085 -5.269838 0.297516
-10.048126 -5.358922 0.297400
-9.998497 -5.447627 0.297285
-9.948034 -5.535852 0.297172
-9.879646 -5.652837 0.297023
-9.827531 -5.740080 0.296914
-9.792349 -5.797975 0.296842
-9.756842 -5.855667 0.296771
-9.684851 -5.970436 0.296631
-9.629969 -6.055941 0.296529
-9.555723 -6.169244 0.296394
-9.499241 -6.253687 0.296296
-9.266055 -6.586414 0.295919
-9.226100 -6.641083 0.295859
-9.185836 -6.695524 0.295800
-9.145265 -6.749734 0.295741
-9.104387 -6.803712 0.295684
-9.063206 -6.857456 0.295627
-9.021720 -6.910965 0.295571
-8.979933 -6.964236 0.295516
-8.937846 -7.017269 0.295461
-8.895458 -7.070062 0.295408
-6.537004 -9.290895 0.293823
-6.454009 -9.349463 0.293806
-6.342611 -9.426507 0.293785
-6.258515 -9.483501 0.293772
-6.202163 -9.521073 0.293764
-6.145597 -9.558327 0.293757
-6.088819 -9.595261 0.293751
-6.031829 -9.631871 0.293746
-5.974631 -9.668160 0.293742
-5.917226 -9.704125 0.293738
-5.859616 -9.739766 0.293736
-5.743787 -9.810067 0.293733
-5.656365 -9.861890 0.293734
-5.539147 -9.929885 0.293738
-5.450748 -9.980052 0.293743
-5.361872 -10.029384 0.293750
-5.272620 -10.078045 0.293759
-5.212872 -10.110036 0.293766
-5.152938 -10.141689 0.293774
-5.092824 -10.173003 0.293783
-5.032530 -10.203977 0.293792
-4.941735 -10.249753 0.293809
-4.850589 -10.294846 0.293827
-4.759012 -10.339076 0.293847
-4.667097 -10.382615 0.293869
-4.605597 -10.411180 0.293884
-4.543933 -10.439395 0.293901
-4.451112 -10.481019 0.293928
-4.357971 -10.521943 0.293956
-4.264437 -10.561987 0.293987
-4.139214 -10.614201 0.294031
-4.044919 -10.652473 0.294066
-3.981860 -10.677514 0.294090
-3.918654 -10.702198 0.294115
-3.855306 -10.726523 0.294142
-3.760001 -10.762294 0.294183
-3.664419 -10.797344 0.294225
-3.600517 -10.820229 0.294255
-3.536481 -10.842752 0.294285
-3.440165 -10.875811 0.294333
-3.343592 -10.908141 0.294382
-3.246705 -10.939559 0.294433
-3.149574 -10.970244 0.294486
-3.084659 -10.990212 0.294523
-3.019627 -11.009811 0.294560
-2.954480 -11.029041 0.294598
-2.856533 -11.057148 0.294657
-2.758366 -11.084514 0.294718
-2.659930 -11.110950 0.294781
-2.561286 -11.136643 0.294845
-2.462389 -11.161402 0.294912
-2.363297 -11.185411 0.294980
-2.263966 -11.208484 0.295050
-2.164452 -11.230803 0.295122
-2.064717 -11.252182 0.295196
-1.964810 -11.272804 0.295272
-1.864698 -11.292480 0.295350
-1.764426 -11.311398 0.295430
-1.663964 -11.329364 0.295511
-1.563357 -11.346570 0.295595
-1.462574 -11.362822 0.295680
-1.361659 -11.378310 0.295767
-1.260584 -11.392840 0.295856
-1.159389 -11.406604 0.295946
-1.058052 -11.419408 0.296039
-0.549730 -11.470710 0.296529
-0.447776 -11.478304 0.296633
-0.345752 -11.485123 0.296738
-0.243650 -11.490972 0.296845
-0.141492 -11.496044 0.296954
-0.073353 -11.498908 0.297027
0.438263 -11.507926 0.297603
0.540657 -11.507157 0.297724
0.643059 -11.505413 0.297846
0.745461 -11.502887 0.297969
0.813725 -11.500683 0.298053
0.881983 -11.498089 0.298137
0.950233 -11.495103 0.298222
1.052586 -11.489842 0.298351
1.154913 -11.483802 0.298482
1.257199 -11.476783 0.298614
1.359444 -11.468985 0.298748
1.461631 -11.460207 0.298883
1.563764 -11.450650 0.299021
1.665823 -11.440116 0.299159
1.767815 -11.428802 0.299300
1.835762 -11.420738 0.299394
1.937604 -11.407863 0.299538
2.039361 -11.394209 0.299682
2.141006 -11.379579 0.299829
2.242552 -11.364171 0.299976
2.343969 -11.347789 0.300126
2.445275 -11.330630 0.300277
2.546435 -11.312501 0.300430
2.647470 -11.293593 0.300584
2.748343 -11.273717 0.300739
2.849078 -11.253067 0.300896
2.949633 -11.231449 0.301055
3.050038 -11.209058 0.301215
3.150247 -11.185702 0.301377
3.250292 -11.161575 0.301540
3.350125 -11.136486 0.301705
3.449780 -11.110629 0.301871
3.549206 -11.083812 0.302038
3.648443 -11.056230 0.302207
3.747433 -11.027689 0.302377
3.846220 -10.998388 0.302549
3.944744 -10.968133 0.302722
4.043053 -10.937119 0.302897
4.108444 -10.915936 0.303014
4.173721 -10.894374 0.303131
4.238882 -10.872434 0.303250
4.336387 -10.838768 0.303428
4.433649 -10.804350 0.303608
4.498325 -10.780901 0.303729
4.562874 -10.757078 0.303850
4.659440 -10.720594 0.304033
4.755740 -10.683363 0.304217
4.851702 -10.645198 0.304403
4.947386 -10.606291 0.304590
5.042716 -10.566456 0.304778
5.137755 -10.525882 0.304967
5.232424 -10.484386 0.305158
5.358141 -10.427834 0.305414
5.452040 -10.384503 0.305607
5.545542 -10.340262 0.305801
5.638719 -10.295293 0.305997
5.731482 -10.249419 0.306194
5.823908 -10.202822 0.306392
5.885297 -10.171277 0.306524
5.946512 -10.139374 0.306657
6.007550 -10.107113 0.306791
6.068411 -10.074493 0.306925
6.159340 -10.024854 0.307127
6.249903 -9.974505 0.307330
6.339998 -9.923273 0.307535
6.459492 -9.853791 0.307808
6.548629 -9.800805 0.308015
6.637273 -9.746948 0.308223
6.754797 -9.673983 0.308501
6.842432 -9.618397 0.308711
6.929548 -9.561954 0.308922
7.016243 -9.504827 0.309133
7.073756 -9.466290 0.309275
7.131054 -9.427414 0.309417
7.188135 -9.388201 0.309560
7.244996 -9.348651 0.309703
7.301636 -9.308766 0.309846
7.358052 -9.268547 0.309990
7.414243 -9.227996 0.310134
7.470207 -9.187113 0.310278
7.553693 -9.125128 0.310496
7.636714 -9.062487 0.310714
9.936410 -6.750421 0.317881
9.978295 -6.694507 0.318039
10.019859 -6.638341 0.318196
10.061101 -6.581925 0.318354
10.102018 -6.525259 0.318512
10.162742 -6.439767 0.318748
10.222809 -6.353787 0.318985
10.262414 -6.296144 0.319144
10.359927 -6.150963 0.319539
10.436462 -6.033783 0.319856
10.493017 -5.945319 0.320094
10.548720 -5.856284 0.320332
10.621846 -5.736822 0.320649
10.675826 -5.646671 0.320887
10.728937 -5.555974 0.321125
10.781346 -5.464847 0.321363
10.815819 -5.403811 0.321522
10.849936 -5.342565 0.321681
10.883698 -5.281110 0.321839
10.917105 -5.219450 0.321998
10.950154 -5.157585 0.322157
10.982843 -5.095518 0.322316
11.015174 -5.033250 0.322474
11.062945 -4.939455 0.322712
11.109990 -4.845269 0.322950
11.156122 -4.750604 0.323188
11.201520 -4.655562 0.323425
11.245996 -4.560057 0.323663
11.289729 -4.464187 0.323900
11.318389 -4.400035 0.324058
11.346676 -4.335705 0.324216
11.374586 -4.271202 0.324374
11.402122 -4.206526 0.324532
11.429281 -4.141679 0.324690
11.469261 -4.044075 0.324926
11.508483 -3.946141 0.325162
11.546750 -3.847804 0.325398
11.584252 -3.749151 0.325633
11.620792 -3.650110 0.325868
11.656560 -3.550768 0.326103
11.679888 -3.484342 0.326259
11.702828 -3.417770 0.326416
11.725378 -3.351054 0.326571
11.758423 -3.250701 0.326805
11.790684 -3.150072 0.327038
11.821960 -3.049108 0.327271
11.852448 -2.947882 0.327503
11.881945 -2.846338 0.327735
11.910647 -2.744548 0.327967
11.938354 -2.642457 0.328197
11.965261 -2.540132 0.328428
11.991166 -2.437525 0.328657
12.016266 -2.334699 0.328887
12.032462 -2.266007 0.329039
12.055948 -2.162762 0.329267
12.078623 -2.059318 0.329495
12.093199 -1.990225 0.329646
12.107368 -1.921039 0.329797
12.121129 -1.851761 0.329948
12.140954 -1.747668 0.330174
12.159962 -1.643404 0.330398
12.177945 -1.538935 0.330623
12.195106 -1.434311 0.330846
12.205997 -1.364461 0.330995
12.221510 -1.259544 0.331217
12.236197 -1.154490 0.331438
12.249849 -1.049275 0.331659
12.262673 -0.943938 0.331879
12.298491 -0.591910 0.332605
12.317307 -0.344804 0.333108
12.323877 -0.238767 0.333322
12.327700 -0.168032 0.333464
12.332594 -0.061872 0.333676
12.336649 0.044339 0.333887
12.339655 0.150605 0.334098
12.341820 0.256908 0.334307
12.342934 0.363246 0.334515
12.343205 0.469605 0.334722
12.342826 0.540521 0.334860
12.341414 0.646902 0.335065
12.339159 0.753284 0.335270
12.335851 0.859657 0.335473
12.331700 0.966015 0.335675
12.328370 1.036906 0.335809
12.322533 1.143215 0.336009
12.315852 1.249488 0.336208
12.308117 1.355708 0.336406
12.299541 1.461877 0.336603
12.293261 1.532619 0.336733
12.282998 1.638666 0.336927
12.271894 1.744643 0.337121
12.259737 1.850521 0.337313
12.246740 1.956313 0.337503
12.232692 2.061988 0.337693
12.217803 2.167561 0.337881
12.207318 2.237871 0.338005
12.190752 2.343219 0.338191
12.173348 2.448446 0.338376
12.154899 2.553510 0.338559
12.135612 2.658437 0.338740
12.115283 2.763182 0.338921
12.094120 2.867774 0.339100
12.079456 2.937396 0.339218
12.056630 3.041662 0.339395
12.032971 3.145755 0.339570
12.016648 3.215030 0.339685
11.999909 3.284213 0.339801
11.982758 3.353300 0.339915
11.956204 3.456733 0.340086
11.928827 3.559963 0.340255
11.910027 3.628642 0.340367
11.890816 3.697214 0.340478
11.871195 3.765675 0.340588
11.851166 3.834022 0.340698
11.820302 3.936311 0.340861
11.788624 4.038361 0.341023
11.755929 4.140102 0.341183
11.722422 4.241590 0.341342
11.687903 4.342751 0.341498
11.652577 4.443643 0.341654
11.616247 4.544189 0.341807
11.579113 4.644452 0.341959
11.540980 4.744351 0.342109
11.502049 4.843952 0.342258
11.462126 4.943170 0.342405
11.421410 5.042075 0.342550
11.379707 5.140579 0.342693
11.337218 5.238755 0.342835
11.308370 5.303984 0.342928
11.279131 5.369042 0.343021
11.234493 5.466284 0.343158
11.189079 5.563174 0.343294
11.142698 5.659616 0.343428
11.095548 5.755691 0.343560
11.047439 5.851298 0.343690
10.998566 5.946527 0.343819
10.948744 6.041270 0.343946
10.881053 6.166935 0.344111
10.829346 6.260681 0.344234
10.776703 6.353913 0.344354
10.723314 6.446728 0.344473
10.669002 6.539012 0.344589
10.613952 6.630865 0.344704
10.576762 6.691809 0.344780
10.539208 6.752531 0.344854
10.501290 6.813030 0.344928
10.463011 6.873303 0.345001
10.424369 6.933348 0.345073
10.385367 6.993163 0.345144
10.346008 7.052745 0.345214
10.306292 7.112093 0.345284
10.266220 7.171203 0.345352
10.225795 7.230074 0.345420
10.185017 7.288705 0.345487
10.143887 7.347092 0.345552
10.102408 7.405233 0.345617
10.060581 7.463127 0.345681
10.018408 7.520770 0.345745
9.975889 7.578162 0.345807
9.933026 7.635299 0.345869
9.889822 7.692180 0.345929
9.846277 7.748802 0.345989
9.802394 7.805164 0.346047
9.758173 7.861264 0.346105
9.713616 7.917099 0.346162
7.244075 10.227638 0.347792
7.156030 10.288658 0.347809
7.067386 10.348795 0.347823
6.948406 10.427792 0.347839
6.858589 10.486143 0.347848
6.768200 10.543594 0.347855
6.646931 10.618985 0.347861
6.555426 10.674617 0.347863
6.463376 10.729329 0.347863
6.370898 10.783303 0.347861
6.308963 10.818792 0.347858
6.246821 10.853909 0.347854
6.184473 10.888652 0.347849
6.121919 10.923019 0.347843
6.059165 10.957011 0.347837
5.996211 10.990626 0.347829
5.933060 11.023863 0.347820
5.837946 11.072957 0.347806
5.742450 11.121289 0.347789
5.646485 11.168664 0.347770
5.550152 11.215270 0.347749
5.453368 11.260910 0.347725
5.356230 11.305775 0.347700
5.258659 11.349666 0.347672
5.160748 11.392776 0.347642
5.062423 11.434905 0.347610
4.963772 11.476246 0.347576
4.864725 11.516600 0.347540
4.765368 11.556160 0.347501
4.698927 11.582004 0.347474
4.632337 11.607449 0.347447
4.565600 11.632493 0.347418
4.465209 11.669261 0.347373
4.364537 11.705223 0.347326
4.263523 11.740180 0.347277
4.162243 11.774328 0.347226
4.094551 11.796555 0.347191
4.026731 11.818374 0.347154
3.958787 11.839787 0.347117
3.856630 11.871093 0.347060
3.754236 11.901582 0.347000
3.651558 11.931048 0.346938
3.548658 11.959693 0.346875
3.445492 11.987312 0.346809
3.342120 12.014106 0.346741
3.238501 12.039869 0.346671
3.134691 12.064805 0.346599
3.065362 12.080877 0.346550
2.995944 12.096534 0.346500
2.926440 12.111775 0.346449
2.856851 12.126602 0.346397
2.752308 12.148009 0.346317
2.647609 12.168583 0.346236
2.542727 12.188113 0.346152
2.437705 12.206808 0.346066
2.367602 12.218714 0.346008
2.262321 12.235735 0.345919
2.156922 12.251918 0.345828
2.051383 12.267053 0.345735
1.945741 12.281347 0.345641
1.839978 12.294592 0.345544
1.734127 12.306994 0.345445
1.663506 12.314703 0.345378
1.557498 12.325423 0.345276
1.451424 12.335301 0.345172
1.345274 12.344126 0.345066
1.239071 12.352108 0.344958
1.168239 12.356868 0.344885
1.061952 12.363163 0.344774
0.955633 12.368616 0.344662
0.849283 12.373015 0.344547
0.742917 12.376572 0.344430
0.636540 12.379075 0.344312
0.530162 12.380734 0.344191
0.459246 12.381279 0.344110
0.352885 12.381256 0.343987
0.246544 12.380389 0.343862
0.140235 12.378472 0.343735
0.033961 12.375713 0.343606
-0.036861 12.373315 0.343519
-0.143047 12.368877 0.343387
-0.249177 12.363602 0.343254
-0.355230 12.357278 0.343118
-0.461214 12.350117 0.342982
-0.531819 12.344786 0.342889
-0.637643 12.335953 0.342749
-0.743377 12.326287 0.342608
-0.848990 12.315579 0.342464
-0.954497 12.304040 0.342319
-1.059865 12.291461 0.342173
-1.165113 12.278054 0.342025
-1.235194 12.268563 0.341925
-1.340183 12.253501 0.341774
-1.445032 12.237614 0.341621
-1.549698 12.220696 0.341467
-1.654209 12.202957 0.341311
-1.758518 12.184192 0.341153
-1.862659 12.164608 0.340994
-1.931969 12.151008 0.340887
-2.035752 12.129793 0.340726
-2.139347 12.107764 0.340563
-2.242698 12.084721 0.340398
-2.345846 12.060869 0.340232
-2.448731 12.036007 0.340064
-2.551399 12.010343 0.339895
-2.653787 11.983673 0.339724
-2.755944 11.956204 0.339552
-2.857803 11.927738 0.339379
-2.959416 11.898477 0.339204
-3.060714 11.868224 0.339027
-3.161752 11.837181 0.338850
-3.228934 11.815962 0.338731
-3.295980 11.794349 0.338611
-3.362889 11.772345 0.338490
-3.462970 11.738557 0.338308
-3.562764 11.703990 0.338125
-3.662191 11.668452 0.337941
-3.761317 11.632143 0.337755
-3.827197 11.607422 0.337631
-3.892920 11.582318 0.337506
-3.958486 11.556830 0.337380
-4.056512 11.517837 0.337190
-4.154211 11.478083 0.337000
-4.251492 11.437383 0.336807
-4.348431 11.395927 0.336614
-4.444937 11.353536 0.336420
-4.541089 11.310397 0.336224
-4.636790 11.266328 0.336028
-4.732124 11.221519 0.335830
-4.795432 11.191156 0.335697
-4.858551 11.160426 0.335564
-4.921479 11.129330 0.335431
-4.984215 11.097869 0.335297
-5.046755 11.066045 0.335162
-5.140170 11.017586 0.334959
-5.264054 10.951777 0.334688
-5.356457 10.901525 0.334483
-5.448342 10.850384 0.334277
-5.539804 10.798537 0.334070
-5.630734 10.745812 0.333861
-5.751250 10.674349 0.333583
-5.841086 10.619884 0.333372
-5.930364 10.564560 0.333161
-6.019188 10.508551 0.332949
-6.078100 10.470757 0.332807
-6.136780 10.432625 0.332665
-6.195227 10.394156 0.332522
-6.253438 10.355351 0.332379
-6.311413 10.316214 0.332236
-6.369149 10.276742 0.332092
-6.426643 10.236939 0.331948
-6.483896 10.196808 0.331803
-6.569284 10.135955 0.331586
-6.654178 10.074450 0.331368
-6.710441 10.033016 0.331222
-6.766452 9.991260 0.331075
-6.822210 9.949184 0.330929
-6.960449 9.842564 0.330561
-7.069898 9.755883 0.330265
-7.151328 9.690093 0.330043
-7.232092 9.623531 0.329820
-7.338881 9.533762 0.329521
-9.546834 7.048636 0.322124
-9.622817 6.932936 0.321810
-9.678949 6.845636 0.321575
-9.734223 6.757823 0.321340
-9.788806 6.669603 0.321105
-9.824733 6.610523 0.320949
-9.860312 6.551244 0.320792
-9.895541 6.491771 0.320635
-9.930421 6.432103 0.320479
-9.982038 6.342220 0.320244
-10.032950 6.251959 0.320009
-10.082979 6.161236 0.319775
-10.148498 6.039666 0.319462
-10.196745 5.948042 0.319228
-10.244096 5.855981 0.318994
-10.290729 5.763577 0.318760
-10.321334 5.701749 0.318604
-10.351579 5.639755 0.318448
-10.381460 5.577596 0.318293
-10.410978 5.515275 0.318137
-10.440132 5.452795 0.317982
-10.483131 5.358759 0.317749
-10.539241 5.232864 0.317439
-10.580405 5.138067 0.317207
-10.620646 5.042901 0.316975
-10.660147 4.947447 0.316743
-10.685985 4.883623 0.316589
-10.711452 4.819661 0.316435
-10.736547 4.755562 0.316281
-10.773442 4.659147 0.316051
-10.809588 4.562469 0.315821
-10.844797 4.465473 0.315591
-10.879253 4.368228 0.315362
-10.901723 4.303236 0.315209
-10.923814 4.238124 0.315057
-10.956193 4.140225 0.314829
-10.987816 4.042099 0.314602
-11.018489 3.943698 0.314374
-11.048401 3.845083 0.314148
-11.077360 3.746208 0.313922
-11.105555 3.647133 0.313696
-11.132793 3.547816 0.313472
-11.159266 3.448311 0.313247
-11.184778 3.348580 0.313024
-11.209521 3.248674 0.312800
-11.233302 3.148560 0.312578
-11.256311 3.048284 0.312356
-11.278356 2.947815 0.312135
-11.299626 2.847198 0.311915
-11.319930 2.746405 0.311695
-11.339458 2.645478 0.311476
-11.358017 2.544390 0.311258
-11.375799 2.443182 0.311040
-11.392609 2.341830 0.310824
-11.408641 2.240370 0.310607
-11.423700 2.138783 0.310392
-11.437980 2.037101 0.310178
-11.451286 1.935309 0.309964
-11.492791 1.561369 0.309189
-11.510427 1.357010 0.308771
-11.517876 1.254750 0.308563
-11.524544 1.152453 0.308356
-11.530235 1.050117 0.308150
-11.535146 0.947758 0.307946
-11.539080 0.845376 0.307742
-11.542233 0.742983 0.307539
-11.544409 0.640584 0.307337
-11.545804 0.538187 0.307136
-11.546225 0.435802 0.306937
-11.545866 0.333431 0.306738
-11.545106 0.265198 0.306606
-11.543187 0.162875 0.306409
-11.540490 0.060585 0.306213
-11.538174 -0.007582 0.306083
-3.591013 0.035322 0.035355
-3.585901 -0.052248 0.035229
-2.890953 -1.987500 0.032490
-2.572048 -2.377493 0.031951
-2.263149 -2.672792 0.031547
-1.486962 -3.185449 0.030865
-1.287570 -3.277375 0.030746
0.998534 -3.497236 0.030594
1.651368 -3.294260 0.030933
1.873021 -3.194320 0.031093
2.068710 -3.091264 0.031256
2.267384 -2.970800 0.031444
2.434655 -2.855880 0.031621
2.555238 -2.764403 0.031762
2.658283 -2.680407 0.031890
2.782652 -2.570102 0.032058
2.870812 -2.485842 0.032186
2.986581 -2.366391 0.032367
3.075330 -2.267166 0.032516
3.160621 -2.164905 0.032669
3.251045 -2.047745 0.032845
3.370162 -1.878133 0.033098
3.458956 -1.737140 0.033307
3.487193 -1.689294 0.033378
3.567509 -1.543225 0.033595
3.622475 -1.433997 0.033756
3.655496 -1.363519 0.033860
3.757015 -1.247058 0.035725
3.746183 -1.148324 0.034177
3.809693 -0.970180 0.034438
3.845897 -0.853243 0.034609
3.916834 -0.572704 0.035018
3.965425 1.027039 0.039752
3.844994 1.455358 0.040395
3.351349 2.430640 0.042158
1.963266 3.580114 0.040863
-0.751442 3.937020 0.043861
-2.871698 2.445086 0.038879
-3.066888 2.147677 0.038437
-3.171640 1.958429 0.038156
-3.392591 1.439785 0.037393
-3.479854 1.144961 0.036962
-3.581515 0.539431 0.036082
-3.587928 0.451899 0.035955
-4.158265 -0.761277 0.057868
-4.134453 -0.861797 0.057724
-4.079913 -1.061041 0.057439
-4.061046 -1.122779 0.057351
-4.024706 -1.233144 0.057194
-3.987031 -1.338497 0.057044
-3.933931 -1.474827 0.056851
-3.856676 -1.652375 0.056600
-3.812548 -1.745745 0.056469
-3.795413 -1.780477 0.056420
-3.752127 -1.864670 0.056302
-3.711435 -1.940504 0.056195
-3.660507 -2.030349 0.056070
-3.607649 -2.119075 0.055946
-3.566622 -2.184779 0.055855
-3.545669 -2.217353 0.055809
-3.451563 -2.356316 0.055617
-3.406615 -2.419409 0.055530
-3.360422 -2.481601 0.055444
-3.289115 -2.573360 0.055318
-3.232046 -2.643457 0.055222
-3.147927 -2.741433 0.055088
-3.043457 -2.855893 0.054932
-2.953417 -2.948487 0.054807
-2.851296 -3.047275 0.054674
-2.739723 -3.148595 0.054538
-2.687628 -3.193701 0.054478
-2.638079 -3.235161 0.054423
-2.567739 -3.292036 0.054348
-2.547428 -3.308020 0.054327
-2.465221 -3.370724 0.054244
-2.402700 -3.416607 0.054184
-2.346356 -3.456334 0.054132
-2.253676 -3.519285 0.054051
-2.122701 -3.602461 0.053943
-1.943697 -3.706239 0.053812
-1.736752 -3.812956 0.053678
-1.631267 -3.862310 0.053618
-1.524511 -3.908903 0.053562
-1.444609 -3.941503 0.053523
-1.246356 -4.015057 0.053437
-1.172725 -4.039881 0.053409
-1.044813 -4.079297 0.053365
-0.911629 -4.116177 0.053326
-0.861381 -4.128905 0.053313
-0.646215 -4.176333 0.053268
-0.544224 -4.195210 0.053251
-0.454594 -4.209605 0.053240
-0.338935 -4.225421 0.053230
-0.248726 -4.235879 0.053224
-0.158272 -4.244173 0.053222
-0.059035 -4.251388 0.053222
0.061981 -4.257251 0.053227
0.139865 -4.259140 0.053233
0.256745 -4.259455 0.053245
0.373626 -4.256909 0.053262
0.477459 -4.252077 0.053280
0.555254 -4.246741 0.053296
0.658848 -4.237695 0.053321
0.736393 -4.229202 0.053342
0.865313 -4.212171 0.053381
0.942439 -4.200232 0.053407
1.044920 -4.182049 0.053445
1.163947 -4.157874 0.053493
1.273895 -4.132617 0.053542
1.374827 -4.106884 0.053590
1.574773 -4.048172 0.053698
1.661406 -4.019650 0.053749
1.853068 -3.949229 0.053873
1.965764 -3.903297 0.053952
2.132358 -3.828515 0.054080
2.341899 -3.722381 0.054258
2.523392 -3.618940 0.054429
3.311625 -3.017077 0.055393
3.648481 -2.749398 0.057724
3.723213 -2.565712 0.056098
3.844788 -2.405621 0.056344
3.905303 -2.319909 0.056476
4.213252 -1.801136 0.057267
4.344863 -1.655333 0.059444
4.587712 -0.756099 0.058834
4.079074 2.490608 0.063517
3.982286 2.647803 0.063736
3.894354 2.779347 0.063919
3.761858 2.960121 0.064168
3.734670 3.038538 0.065736
3.654569 3.093770 0.064351
3.638962 3.174423 0.066659
3.586030 3.173927 0.064461
3.556510 3.247166 0.066029
3.497740 3.271811 0.064594
3.437215 3.335518 0.064680
3.359938 3.450609 0.066312
3.293645 3.477722 0.064872
3.250319 3.553577 0.066454
3.196577 3.566848 0.064992
3.164362 3.629814 0.066559
3.076665 3.669901 0.065129
3.061904 3.748946 0.068208
2.984471 3.744461 0.065228
2.942485 3.841667 0.068337
2.826483 3.863101 0.065384
2.765467 3.937224 0.066976
2.674520 3.967497 0.065519
2.635402 4.060641 0.069014
2.574602 4.031217 0.065601
2.484421 4.085628 0.065671
2.346764 4.163085 0.065769
2.155353 4.260834 0.065891
2.075974 4.298155 0.065936
1.955520 4.351035 0.066001
1.882532 4.381052 0.066036
1.735039 4.437149 0.066102
1.635701 4.471722 0.066142
1.453143 4.554266 0.067759
1.358677 4.554439 0.066232
1.256744 4.580082 0.066258
0.947847 4.642553 0.066316
0.870036 4.654836 0.066325
0.765970 4.668902 0.066334
0.648566 4.681796 0.066340
0.530905 4.691780 0.066342
0.426150 4.698040 0.066339
-0.071744 4.693819 0.066279
-0.150152 4.688187 0.066262
-0.254479 4.678366 0.066236
-0.332559 4.669535 0.066215
-0.436355 4.655461 0.066183
-0.847221 4.575401 0.066021
-1.149234 4.490460 0.065864
-1.273121 4.448889 0.065789
-1.460499 4.378170 0.065666
-1.894077 4.176077 0.065323
-2.649893 3.668212 0.064499
-2.777986 3.557696 0.064324
-2.845178 3.496217 0.064227
-3.856520 2.246255 0.065231
-4.047673 1.762505 0.063748
-4.121436 1.355356 0.060962
-4.206277 0.959025 0.060374
-4.222082 0.856761 0.060223
-4.236970 0.741324 0.060052
-4.246732 0.651334 0.059920
-5.158300 0.051780 0.090536
-5.153185 -0.064539 0.090348
-5.147375 -0.157484 0.090211
-5.088825 -0.650398 0.089488
-5.072917 -0.742110 0.089354
-4.985344 -1.135687 0.088783
-4.893451 -1.448082 0.088333
-4.698920 -1.954504 0.087612
-2.531917 -4.401014 0.084332
-2.342899 -4.508728 0.084203
-2.149632 -4.608762 0.084086
-1.923947 -4.713468 0.083968
-1.429432 -4.900901 0.083771
-1.039897 -5.011022 0.083672
-0.550484 -5.106151 0.083611
1.949442 -4.883059 0.084357
2.243821 -4.774657 0.084567
2.474667 -4.675742 0.084752
2.644705 -4.594458 0.084901
2.866924 -4.476871 0.085113
3.047783 -4.370878 0.085300
3.163247 -4.298419 0.085427
4.851059 -2.558024 0.088295
4.891480 -2.490041 0.088403
4.923084 -2.435215 0.088490
4.969206 -2.352232 0.088621
5.035831 -2.226340 0.088819
5.071313 -2.155589 0.088930
5.099085 -2.098677 0.089019
5.126023 -2.041355 0.089109
5.158919 -1.969333 0.089221
5.190717 -1.896806 0.089335
5.209251 -1.853049 0.089403
5.250985 -1.750308 0.089562
5.285131 -1.661583 0.089700
5.328224 -1.542351 0.089885
5.358792 -1.452293 0.090024
5.387596 -1.361638 0.090163
5.423630 -1.240018 0.090350
5.448868 -1.148273 0.090491
5.472307 -1.056037 0.090632
5.487180 -0.994353 0.090726
5.501236 -0.932470 0.090820
5.520865 -0.839316 0.090962
5.539032 -0.745855 0.091104
5.555366 -0.652041 0.091246
5.570227 -0.557972 0.091389
5.585876 -0.442613 0.091563
5.601474 -0.305898 0.091769
5.608779 -0.226835 0.091888
5.614966 -0.147670 0.092006
5.620731 -0.052547 0.092149
5.625002 0.042664 0.092291
5.627403 0.137952 0.092433
5.628109 0.265052 0.092622
5.626673 0.360380 0.092764
5.623645 0.455679 0.092905
5.618746 0.550911 0.093046
5.612351 0.646061 0.093187
5.604087 0.741075 0.093326
5.549343 1.150700 0.093927
5.532315 1.244577 0.094063
5.513474 1.338113 0.094200
5.413242 1.739200 0.094779
5.315331 2.041854 0.095213
5.212196 2.308954 0.095594
5.108652 2.541466 0.095922
5.023857 2.712505 0.096163
4.909421 2.921895 0.096455
4.725138 3.219364 0.096867
2.056489 5.308399 0.099533
1.755162 5.406666 0.099629
1.355988 5.507547 0.099713
1.231802 5.532403 0.099729
0.730582 5.602681 0.099751
0.636032 5.610523 0.099747
0.541383 5.616824 0.099741
0.446651 5.621305 0.099732
0.351877 5.624304 0.099720
0.257084 5.625452 0.099706
0.162303 5.625027 0.099690
0.035998 5.621872 0.099665
-0.058647 5.617659 0.099643
-0.153170 5.611601 0.099618
-0.247570 5.604071 0.099591
-0.560820 5.566653 0.099484
-0.654290 5.551988 0.099446
-0.747435 5.535508 0.099406
-0.824838 5.520675 0.099372
-0.901994 5.504672 0.099335
-1.055488 5.469168 0.099257
-1.131838 5.449856 0.099215
-1.238170 5.420799 0.099155
-1.448930 5.356444 0.099024
-1.538351 5.326155 0.098964
-1.656716 5.283404 0.098881
-1.730191 5.255376 0.098827
-1.832265 5.214201 0.098749
-1.947865 5.164691 0.098656
-2.019528 5.132455 0.098596
-2.147233 5.071739 0.098485
-2.231394 5.029328 0.098408
-2.360809 4.960553 0.098284
-2.452144 4.909459 0.098193
-2.551266 4.850981 0.098090
-2.613795 4.812877 0.098023
-2.693305 4.762503 0.097935
-2.745809 4.728158 0.097875
-2.797902 4.693212 0.097814
-2.823792 4.675513 0.097784
-4.443082 2.920190 0.094905
-4.473869 2.865936 0.094819
-4.504024 2.811336 0.094733
-4.547980 2.728765 0.094603
-4.604524 2.617624 0.094428
-4.636137 2.552129 0.094326
-4.677896 2.462715 0.094186
-4.730076 2.343847 0.094000
-4.769960 2.247979 0.093851
-4.792920 2.190073 0.093761
-4.815208 2.131912 0.093671
-4.847317 2.044192 0.093535
-4.878010 1.955981 0.093399
-4.897581 1.896879 0.093308
-4.911788 1.852405 0.093239
-4.943420 1.748175 0.093079
-4.964829 1.673387 0.092964
-4.985114 1.598295 0.092849
-5.000540 1.538019 0.092757
-5.022284 1.447272 0.092618
-5.042628 1.356213 0.092480
-5.065102 1.244433 0.092310
-5.083649 1.142471 0.092155
-5.098706 1.050433 0.092016
-5.111991 0.958137 0.091876
-5.127335 0.834778 0.091690
-5.137064 0.742065 0.091551
-5.145009 0.649195 0.091411
-5.152419 0.540717 0.091249
-5.157507 0.432121 0.091086
-5.160271 0.338986 0.090947
-5.161248 0.245827 0.090809
-5.160795 0.152672 0.090670
-6.417741 -0.031507 0.134836
-6.411958 -0.146529 0.134662
-6.404197 -0.261423 0.134488
-6.396248 -0.357047 0.134344
-6.386874 -0.452533 0.134200
-6.373853 -0.566918 0.134029
-6.361528 -0.662052 0.133886
-6.350593 -0.738007 0.133773
-6.329536 -0.870625 0.133575
-6.291042 -1.078063 0.133267
-6.275309 -1.153147 0.133157
-6.213973 -1.414506 0.132772
-6.147553 -1.654748 0.132421
-6.113903 -1.764753 0.132262
-6.078368 -1.874158 0.132103
-6.047349 -1.964858 0.131972
-6.014982 -2.055082 0.131842
-5.974473 -2.162733 0.131688
-5.946442 -2.234105 0.131586
-5.910281 -2.322870 0.131459
-5.887935 -2.375859 0.131384
-5.849649 -2.463725 0.131259
-5.802241 -2.568511 0.131110
-5.761255 -2.655150 0.130988
-5.718982 -2.741167 0.130867
-5.666756 -2.843635 0.130724
-5.621907 -2.928338 0.130605
-5.556991 -3.045772 0.130442
-5.489811 -3.161928 0.130281
-5.440400 -3.244059 0.130168
-5.400007 -3.309239 0.130078
-5.295776 -3.470131 0.129858
-5.230945 -3.565151 0.129729
-5.175819 -3.643576 0.129623
-3.400360 -5.348250 0.127461
-3.335835 -5.389999 0.127414
-3.106257 -5.530257 0.127257
-3.022890 -5.578083 0.127204
-2.938806 -5.624665 0.127154
-2.837068 -5.679055 0.127097
-2.717226 -5.740368 0.127033
-2.665480 -5.765900 0.127007
-2.596124 -5.799218 0.126973
-2.561300 -5.815578 0.126957
-2.456229 -5.863394 0.126910
-2.385770 -5.894377 0.126880
-2.314920 -5.924483 0.126852
-2.243721 -5.953777 0.126825
-2.154231 -5.989216 0.126794
-2.046178 -6.030077 0.126758
-1.973746 -6.056283 0.126736
-1.882785 -6.087895 0.126711
-1.827972 -6.106194 0.126697
-1.773014 -6.124072 0.126683
-1.662579 -6.158248 0.126658
-1.588677 -6.180150 0.126643
-1.514484 -6.201096 0.126630
-1.440015 -6.221081 0.126618
-1.327944 -6.249720 0.126602
-1.252904 -6.267557 0.126594
-1.140013 -6.292964 0.126583
-1.102273 -6.300963 0.126581
-1.026650 -6.316310 0.126576
-0.950822 -6.330677 0.126573
-0.874864 -6.344389 0.126571
-0.760572 -6.363041 0.126571
-0.645966 -6.379826 0.126575
-0.569409 -6.390025 0.126578
-0.492712 -6.399230 0.126583
-0.415902 -6.407550 0.126590
-0.338980 -6.414910 0.126598
-0.261982 -6.421530 0.126607
-0.165606 -6.428435 0.126621
-0.049814 -6.434917 0.126640
0.046773 -6.438814 0.126658
0.143428 -6.441259 0.126679
0.259472 -6.442384 0.126706
0.375547 -6.441494 0.126736
0.472275 -6.439242 0.126764
0.549640 -6.436299 0.126788
0.665645 -6.430485 0.126826
0.742925 -6.425303 0.126853
0.858755 -6.416018 0.126897
0.935904 -6.408822 0.126927
1.012969 -6.400619 0.126959
1.147614 -6.384087 0.127018
1.224416 -6.373429 0.127054
1.339399 -6.355771 0.127110
1.454088 -6.336111 0.127168
1.568449 -6.314453 0.127230
1.625501 -6.302905 0.127262
1.871542 -6.246973 0.127409
1.946835 -6.227903 0.127457
2.003172 -6.213052 0.127494
2.264340 -6.137129 0.127676
2.338369 -6.113375 0.127731
2.558953 -6.037376 0.127902
2.631891 -6.010294 0.127962
2.866760 -5.916387 0.128165
3.308115 -5.711043 0.128590
5.836781 -3.458335 0.132670
5.890611 -3.376203 0.132809
5.922295 -3.326515 0.132893
5.974198 -3.243115 0.133033
6.024832 -3.158916 0.133175
6.074283 -3.073995 0.133317
6.112928 -3.005517 0.133432
6.141362 -2.953843 0.133518
6.187810 -2.867192 0.133662
6.206024 -2.832332 0.133720
6.250639 -2.744695 0.133865
6.285428 -2.674117 0.133982
6.311002 -2.620924 0.134070
6.344235 -2.549578 0.134187
6.408499 -2.405851 0.134423
6.431662 -2.351529 0.134512
6.677824 -1.665922 0.135622
6.699938 -1.590244 0.135744
6.710662 -1.552305 0.135804
6.736465 -1.457168 0.135956
6.760850 -1.361643 0.136109
6.788384 -1.246568 0.136291
6.809685 -1.150276 0.136444
6.833405 -1.034315 0.136627
6.851634 -0.937363 0.136780
6.865088 -0.859588 0.136903
6.883626 -0.742638 0.137086
6.900247 -0.625383 0.137270
6.909982 -0.547021 0.137392
6.919024 -0.468570 0.137514
6.928850 -0.370336 0.137667
6.938763 -0.252266 0.137850
6.946583 -0.134023 0.138033
6.951529 -0.035383 0.138185
6.954297 0.043588 0.138307
6.956365 0.122586 0.138428
6.957463 0.221372 0.138579
6.956889 0.339933 0.138760
6.954835 0.438725 0.138911
6.951263 0.537484 0.139061
6.945086 0.655921 0.139241
6.936810 0.774244 0.139420
6.928339 0.872733 0.139568
6.920374 0.951419 0.139687
6.911712 1.030036 0.139805
6.902004 1.108536 0.139922
6.896801 1.147744 0.139981
6.882753 1.245623 0.140127
6.864021 1.362801 0.140302
6.843211 1.479639 0.140475
6.824315 1.576721 0.140619
6.808142 1.654178 0.140733
6.799713 1.692835 0.140790
6.786611 1.750720 0.140876
6.763595 1.846925 0.141017
6.744341 1.923685 0.141130
6.718828 2.019266 0.141269
6.680693 2.152417 0.141463
6.657826 2.228191 0.141574
6.627815 2.322471 0.141710
6.589998 2.435019 0.141873
6.556988 2.528298 0.142007
6.522547 2.621060 0.142141
6.479443 2.731702 0.142299
6.426599 2.859761 0.142482
6.395370 2.932506 0.142585
6.346648 3.040797 0.142738
6.313279 3.112587 0.142840
6.278957 3.183927 0.142940
6.234844 3.272509 0.143065
6.207792 3.325362 0.143139
6.170959 3.395438 0.143237
6.133196 3.465017 0.143334
6.085045 3.551467 0.143454
6.025492 3.654198 0.143596
5.974504 3.739003 0.143713
5.922219 3.823012 0.143828
5.890293 3.873067 0.143897
5.846939 3.939297 0.143987
5.847442 4.046991 0.146728
5.780611 4.037775 0.144121
5.735384 4.102734 0.144209
5.677753 4.183153 0.144318
3.861623 5.955196 0.149228
3.741137 5.965281 0.146558
3.639357 6.025878 0.146625
3.553702 6.074910 0.146679
3.450040 6.132157 0.146740
3.345450 6.187654 0.146799
3.310357 6.205704 0.146817
3.239825 6.241109 0.146854
3.168956 6.275816 0.146889
3.079760 6.317901 0.146931
2.953884 6.374583 0.146986
2.845101 6.421086 0.147030
2.735589 6.465794 0.147071
2.680517 6.487336 0.147090
2.625282 6.508443 0.147109
2.532802 6.542456 0.147138
2.439865 6.575154 0.147164
2.346453 6.606419 0.147189
2.233798 6.642144 0.147215
2.158364 6.664849 0.147231
2.063726 6.692003 0.147249
2.025762 6.702461 0.147255
1.930594 6.727597 0.147270
1.835096 6.751383 0.147282
1.739263 6.773701 0.147292
1.643141 6.794660 0.147300
1.641446 6.849362 0.150094
1.527420 6.817904 0.147307
1.450047 6.832147 0.147309
1.372561 6.845706 0.147310
1.256027 6.864045 0.147309
1.139233 6.880476 0.147305
1.061238 6.890334 0.147300
0.983136 6.899198 0.147294
0.944053 6.903284 0.147291
0.846255 6.912467 0.147280
0.728763 6.921622 0.147265
0.630765 6.927698 0.147249
0.552320 6.931383 0.147235
0.434613 6.935472 0.147212
0.356124 6.936854 0.147195
0.277637 6.937546 0.147176
0.179546 6.936944 0.147150
0.061890 6.934358 0.147117
-0.055673 6.929705 0.147080
-0.173106 6.922987 0.147041
-0.270844 6.915843 0.147005
-0.348923 6.908963 0.146975
-0.465884 6.897216 0.146928
-0.543695 6.888057 0.146894
-0.660194 6.872785 0.146842
-0.737706 6.861584 0.146805
-0.834354 6.846142 0.146757
-0.949996 6.825787 0.146697
-1.046062 6.807309 0.146645
-1.160917 6.783183 0.146579
-1.256296 6.761656 0.146522
-1.370278 6.733938 0.146451
-1.464865 6.709351 0.146390
-1.559045 6.683336 0.146326
-1.671526 6.650348 0.146248
-1.764793 6.621391 0.146180
-1.857588 6.591029 0.146110
-1.968325 6.552855 0.146024
-2.060072 6.519601 0.145950
-2.151281 6.484969 0.145874
-2.241977 6.449071 0.145797
-2.332097 6.411812 0.145717
-2.385913 6.388873 0.145668
-2.457277 6.357426 0.145602
-2.528354 6.325360 0.145536
-2.598989 6.292372 0.145467
-2.669223 6.258570 0.145398
-2.738993 6.223858 0.145327
-2.860203 6.161432 0.145201
-2.928846 6.124622 0.145128
-3.047850 6.058236 0.144997
-3.115304 6.019366 0.144920
-3.182230 5.979624 0.144843
-3.232095 5.949290 0.144784
-3.347366 5.876828 0.144644
-3.412639 5.834518 0.144563
-3.477341 5.791368 0.144481
-3.525512 5.758495 0.144418
-3.683985 5.646020 0.144206
-3.761972 5.588111 0.144098
-6.208421 1.929732 0.137889
-6.231929 1.836427 0.137740
-6.258393 1.724056 0.137562
-6.301874 1.516980 0.137234
-6.319425 1.422437 0.137085
-6.335669 1.327673 0.136936
-6.350491 1.232691 0.136787
-6.364000 1.137525 0.136638
-6.404097 0.755322 0.136043
-6.411869 0.640318 0.135866
-6.416058 0.563594 0.135747
-6.420413 0.448436 0.135570
-6.422397 0.371641 0.135452
-6.423472 0.275632 0.135305
-6.422976 0.160429 0.135129
-6.420397 0.045267 0.134990
-8.358647 -0.033689 0.203177
-8.352577 -0.174346 0.202939
-8.348341 -0.248745 0.202822
-8.341748 -0.347877 0.202666
-8.331951 -0.471666 0.202472
-8.325170 -0.545855 0.202356
-8.317824 -0.619987 0.202240
-8.304076 -0.743368 0.202048
-8.291841 -0.841919 0.201896
-8.281962 -0.915737 0.201782
-8.264001 -1.038545 0.201592
-8.248400 -1.136596 0.201442
-8.236001 -1.210016 0.201329
-8.213849 -1.332111 0.201143
-8.194903 -1.429550 0.200994
-8.164405 -1.575275 0.200773
-8.142690 -1.672118 0.200627
-8.114029 -1.792814 0.200445
-8.102070 -1.840971 0.200373
-8.089837 -1.889057 0.200301
-8.070940 -1.961041 0.200193
-8.044834 -2.056772 0.200050
-8.017637 -2.152195 0.199908
-7.989354 -2.247297 0.199767
-7.959989 -2.342066 0.199627
-7.937292 -2.412928 0.199523
-7.906043 -2.507087 0.199385
-7.890016 -2.554029 0.199316
-7.865441 -2.624257 0.199213
-7.814563 -2.764087 0.199009
-7.788261 -2.833682 0.198908
-7.743018 -2.949127 0.198742
-7.715137 -3.018100 0.198642
-7.696201 -3.063939 0.198576
-7.667274 -3.132479 0.198478
-7.566747 -3.359153 0.198155
-7.334869 -3.825330 0.197500
-7.263438 -3.955844 0.197320
-7.214716 -4.042244 0.197200
-7.164931 -4.128038 0.197083
-7.114168 -4.213259 0.196966
-7.075429 -4.276775 0.196880
-7.022973 -4.360969 0.196766
-6.969558 -4.444561 0.196653
-6.915192 -4.527540 0.196542
-6.873826 -4.589386 0.196459
-6.831873 -4.650837 0.196377
-6.760746 -4.752427 0.196243
-6.702988 -4.833097 0.196136
-6.629327 -4.932880 0.196005
-6.584492 -4.992277 0.195928
-4.637630 -6.856825 0.193708
-4.576249 -6.899212 0.193664
-4.473080 -6.968613 0.193593
-4.410730 -7.009595 0.193552
-4.221488 -7.129213 0.193435
-3.942790 -7.293437 0.193281
-3.768244 -7.389318 0.193196
-3.635885 -7.458610 0.193137
-3.591496 -7.481203 0.193118
-3.524650 -7.514588 0.193091
-3.435091 -7.558252 0.193056
-3.322444 -7.611426 0.193015
-3.254459 -7.642508 0.192992
-3.140588 -7.693102 0.192956
-3.048909 -7.732293 0.192929
-2.910630 -7.789333 0.192892
-2.841083 -7.816887 0.192875
-2.724668 -7.861574 0.192849
-2.560565 -7.921255 0.192818
-2.466248 -7.953902 0.192802
-2.300288 -8.008471 0.192780
-2.228801 -8.030790 0.192772
-2.109244 -8.066716 0.192761
-1.965066 -8.107526 0.192752
-1.844355 -8.139606 0.192748
-1.747449 -8.164052 0.192747
-1.552772 -8.209609 0.192750
-1.455025 -8.230712 0.192755
-1.036916 -8.307886 0.192795
-0.962719 -8.319343 0.192805
-0.165753 -8.401956 0.192985
0.962891 -8.393298 0.193439
1.038064 -8.387465 0.193478
1.138234 -8.378722 0.193531
1.213309 -8.371439 0.193572
1.338306 -8.357756 0.193643
1.438181 -8.345534 0.193701
1.761848 -8.297862 0.193904
1.836298 -8.285086 0.193953
1.935414 -8.267087 0.194021
2.034339 -8.247939 0.194090
2.157712 -8.222423 0.194179
2.329828 -8.183604 0.194308
2.452327 -8.153794 0.194404
2.550003 -8.128539 0.194482
2.647450 -8.102336 0.194562
2.768813 -8.067833 0.194665
2.865569 -8.038986 0.194749
2.962008 -8.009011 0.194834
3.058114 -7.977910 0.194922
3.153876 -7.945688 0.195011
3.249281 -7.912348 0.195101
3.344314 -7.877893 0.195193
3.462577 -7.833298 0.195311
3.509704 -7.814962 0.195359
3.556729 -7.796350 0.195407
3.650432 -7.758209 0.195504
3.743780 -7.719153 0.195603
3.790272 -7.699171 0.195653
3.859787 -7.668651 0.195729
3.952093 -7.627053 0.195832
4.021031 -7.595178 0.195910
4.135287 -7.540616 0.196041
4.203497 -7.507128 0.196122
4.293983 -7.461499 0.196230
4.361492 -7.426547 0.196312
4.473392 -7.367060 0.196451
4.540101 -7.330526 0.196535
4.672618 -7.255761 0.196707
4.738417 -7.217533 0.196794
4.782091 -7.191704 0.196852
4.847309 -7.152445 0.196940
4.912230 -7.112674 0.197029
4.998238 -7.058712 0.197149
5.062321 -7.017543 0.197240
5.168396 -6.947752 0.197393
5.210539 -6.919385 0.197455
5.294342 -6.861906 0.197579
5.356742 -6.818116 0.197673
5.459962 -6.743986 0.197832
7.392807 -4.798353 0.201698
7.437326 -4.735850 0.201815
7.510389 -4.630850 0.202011
7.553442 -4.567291 0.202130
7.637940 -4.439056 0.202368
7.679378 -4.374391 0.202487
7.706667 -4.331059 0.202567
7.760360 -4.243822 0.202728
7.826295 -4.134032 0.202929
7.890559 -4.023215 0.203131
7.928287 -3.956230 0.203253
7.977718 -3.866414 0.203416
8.026097 -3.776004 0.203579
8.085114 -3.662191 0.203784
8.108239 -3.616410 0.203866
8.131098 -3.570489 0.203949
8.187028 -3.455068 0.204155
8.230581 -3.362138 0.204321
8.273041 -3.268684 0.204487
8.324468 -3.151101 0.204695
8.374373 -3.032837 0.204903
8.412961 -2.937647 0.205070
8.450430 -2.841992 0.205238
8.486771 -2.745884 0.205406
8.530641 -2.625145 0.205616
8.556053 -2.552363 0.205742
8.580894 -2.479374 0.205869
8.620764 -2.357192 0.206080
8.651392 -2.259021 0.206248
8.688084 -2.135799 0.206460
8.709168 -2.061581 0.206587
8.736307 -1.962338 0.206756
8.762275 -1.862765 0.206925
8.787066 -1.762876 0.207095
8.804921 -1.687770 0.207222
8.833103 -1.562208 0.207433
8.854341 -1.461457 0.207603
8.874387 -1.360446 0.207772
8.897802 -1.233847 0.207983
8.910893 -1.157705 0.208110
8.927346 -1.056002 0.208279
9.002835 -0.416371 0.209331
9.006822 -0.364966 0.209415
9.015418 -0.236341 0.209624
9.020953 -0.133347 0.209791
9.025267 -0.030282 0.209957
9.028977 0.098624 0.210165
9.029911 0.150205 0.210248
9.030699 0.227590 0.210372
9.030730 0.330784 0.210537
9.029987 0.408184 0.210660
9.027116 0.537170 0.210865
9.023472 0.640331 0.211029
9.018602 0.743452 0.211191
9.010832 0.872276 0.211394
9.005190 0.949513 0.211516
8.996648 1.052423 0.211677
8.989478 1.129544 0.211797
8.975899 1.257929 0.211997
8.963694 1.360495 0.212157
8.950269 1.462917 0.212315
8.931816 1.590725 0.212512
8.919772 1.667269 0.212630
8.907122 1.743719 0.212747
8.898283 1.794620 0.212825
8.889143 1.845469 0.212903
8.864933 1.972347 0.213096
8.844237 2.073594 0.213250
8.822339 2.174594 0.213403
8.805164 2.250181 0.213517
8.787242 2.325598 0.213630
8.762348 2.425916 0.213781
8.729593 2.550903 0.213968
8.708989 2.625644 0.214079
8.680530 2.725024 0.214227
8.635630 2.873451 0.214447
8.612224 2.947372 0.214556
8.596229 2.996530 0.214628
8.571653 3.070074 0.214736
8.537914 3.167806 0.214879
8.511884 3.240853 0.214986
8.494144 3.289413 0.215057
8.476116 3.337867 0.215127
8.429752 3.458514 0.215302
8.401131 3.530591 0.215406
8.381669 3.578490 0.215475
8.351907 3.650106 0.215578
8.311281 3.745196 0.215714
8.280106 3.816209 0.215815
8.226649 3.933896 0.215982
8.182655 4.027479 0.216115
8.114584 4.166856 0.216311
8.067828 4.259089 0.216440
8.019977 4.350760 0.216568
7.983409 4.419154 0.216663
7.921023 4.532359 0.216820
7.882840 4.599863 0.216913
7.830951 4.689306 0.217035
7.804609 4.733794 0.217096
7.778003 4.778123 0.217157
7.737569 4.844299 0.217247
7.668875 4.953778 0.217395
7.612883 5.040699 0.217512
7.526841 5.169729 0.217684
7.468126 5.254825 0.217798
7.408572 5.339333 0.217909
7.317248 5.464654 0.218074
7.270723 5.526674 0.218155
5.199782 7.488825 0.220483
4.896515 7.684439 0.220677
3.706976 8.296374 0.221191
3.468444 8.392574 0.221251
3.178736 8.498597 0.221308
2.959173 8.571268 0.221338
2.885598 8.594233 0.221346
2.564593 8.685956 0.221367
2.165326 8.781820 0.221364
2.090023 8.797721 0.221360
-0.328381 8.951289 0.220661
-0.404708 8.945152 0.220622
-0.531752 8.933336 0.220553
-0.633232 8.922575 0.220496
-0.709245 8.913762 0.220453
-0.810442 8.900926 0.220393
-0.936677 8.883181 0.220315
-1.037449 8.867687 0.220251
-1.138009 8.851018 0.220185
-1.238343 8.833177 0.220117
-1.463209 8.788798 0.219958
-1.537857 8.772648 0.219903
-1.637154 8.750149 0.219829
-1.859488 8.695347 0.219654
-2.250545 8.583431 0.219322
-2.754640 8.409529 0.218848
-2.920049 8.344790 0.218679
-3.013925 8.306279 0.218581
-3.130580 8.256585 0.218456
-3.223361 8.215646 0.218355
-3.338642 8.163005 0.218225
-3.430270 8.119672 0.218120
-3.544035 8.063991 0.217987
-3.634446 8.018297 0.217878
-3.746616 7.959624 0.217741
-3.835822 7.911732 0.217629
-3.880170 7.887338 0.217573
-3.946396 7.850239 0.217488
-4.012321 7.812633 0.217402
-4.056068 7.787226 0.217344
-4.164741 7.722583 0.217199
-4.229506 7.683101 0.217110
-4.336595 7.615981 0.216961
-4.463780 7.533460 0.216780
-4.526833 7.491413 0.216688
-4.754640 7.332509 0.216345
-4.856380 7.257856 0.216186
-4.957134 7.181930 0.216025
-5.096193 7.073144 0.215797
-6.934316 5.056392 0.211855
-7.015823 4.930057 0.211621
-7.121041 4.759519 0.211307
-7.209861 4.608419 0.211031
-7.283506 4.477532 0.210793
-7.366494 4.323285 0.210514
-7.412521 4.234437 0.210354
-7.457515 4.145084 0.210194
-7.544379 3.964906 0.209872
-7.616977 3.805720 0.209589
-7.647053 3.737053 0.209467
-7.695940 3.622097 0.209264
-7.724420 3.552783 0.209143
-7.761500 3.460020 0.208980
-7.788640 3.390194 0.208858
-7.806373 3.343513 0.208776
-7.840895 3.249813 0.208613
-7.882794 3.132257 0.208408
-7.922925 3.014114 0.208204
-7.946131 2.942952 0.208081
-7.976158 2.847792 0.207917
-7.997991 2.776220 0.207794
-8.012180 2.728400 0.207712
-8.032912 2.656518 0.207589
-8.066177 2.536371 0.207384
-8.085248 2.464056 0.207261
-8.103765 2.391605 0.207138
-8.133142 2.270507 0.206933
-8.155416 2.173357 0.206769
-8.186731 2.027197 0.206523
-8.206206 1.929486 0.206359
-8.229005 1.807070 0.206155
-8.241783 1.733470 0.206032
-8.257883 1.635190 0.205869
-8.276455 1.512117 0.205665
-8.286695 1.438153 0.205543
-8.296369 1.364120 0.205420
-8.310981 1.240562 0.205217
-8.321423 1.141591 0.205055
-8.328547 1.067299 0.204933
-8.338905 0.943362 0.204731
-8.345942 0.844129 0.204570
-8.353177 0.720004 0.204369
-8.356608 0.645491 0.204248
-8.360235 0.546111 0.204088
-8.363205 0.421855 0.203888
-8.364079 0.347294 0.203768
-8.364295 0.247882 0.203609
-8.363003 0.123639 0.203411
-8.361976 0.073954 0.203332
-11.767347 -0.150686 0.323125
-11.762649 -0.254899 0.322948
-11.756967 -0.359050 0.322772
-11.750500 -0.463145 0.322596
-11.745663 -0.532502 0.322480
-11.737623 -0.636469 0.322305
-11.728799 -0.740364 0.322132
-11.718994 -0.844160 0.321959
-11.708406 -0.947870 0.321787
-11.700828 -1.016949 0.321672
-11.692857 -1.085980 0.321558
-11.684496 -1.154961 0.321445
-11.671174 -1.258326 0.321275
-11.657072 -1.361580 0.321106
-11.641999 -1.464687 0.320938
-11.626147 -1.567669 0.320770
-11.615063 -1.636238 0.320659
-11.603590 -1.704739 0.320548
-11.591730 -1.773171 0.320438
-11.579484 -1.841531 0.320328
-11.560342 -1.943922 0.320163
-11.540429 -2.046160 0.320000
-11.519553 -2.148197 0.319837
-11.497910 -2.250068 0.319675
-11.475307 -2.351723 0.319515
-11.451940 -2.453199 0.319355
-11.427617 -2.554443 0.319196
-11.402533 -2.655496 0.319037
-11.376498 -2.756301 0.318880
-11.349703 -2.856902 0.318724
-11.321963 -2.957240 0.318569
-11.293468 -3.057362 0.318415
-11.264031 -3.157205 0.318261
-11.233843 -3.256820 0.318109
-11.213219 -3.323073 0.318008
-11.192219 -3.389207 0.317907
-11.170847 -3.455220 0.317807
-11.138043 -3.553990 0.317658
-11.104496 -3.652508 0.317510
-11.070024 -3.750700 0.317363
-11.034812 -3.848627 0.317217
-11.010846 -3.913732 0.317120
-10.986513 -3.978698 0.317023
-10.961814 -4.043525 0.316928
-10.924032 -4.140480 0.316785
-10.885521 -4.237146 0.316643
-10.846102 -4.333443 0.316502
-10.805958 -4.429438 0.316362
-10.778713 -4.493230 0.316270
-10.751108 -4.556866 0.316178
-10.723145 -4.620345 0.316087
-10.694822 -4.683664 0.315996
-10.666142 -4.746822 0.315905
-10.622410 -4.841230 0.315771
-10.562917 -4.966551 0.315593
-10.517412 -5.060117 0.315461
-10.471028 -5.153250 0.315330
-10.423942 -5.246030 0.315201
-10.375984 -5.338363 0.315073
-10.327331 -5.430332 0.314945
-10.294433 -5.491399 0.314861
-10.261189 -5.552279 0.314778
-10.227603 -5.612971 0.314695
-10.193673 -5.673472 0.314612
-10.142095 -5.763839 0.314490
-10.089834 -5.853815 0.314368
-10.036728 -5.943296 0.314248
-9.964797 -6.061934 0.314090
-9.910009 -6.150403 0.313973
-9.854389 -6.238353 0.313857
-9.779124 -6.354920 0.313705
-9.721850 -6.441812 0.313592
-9.683231 -6.499452 0.313518
-9.644286 -6.556874 0.313444
-9.605015 -6.614077 0.313371
-9.565420 -6.671057 0.313298
-9.525502 -6.727815 0.313226
-9.485263 -6.784347 0.313155
-9.424263 -6.868690 0.313049
-9.362628 -6.952574 0.312944
-9.321114 -7.008187 0.312875
-9.279284 -7.063566 0.312806
-9.237142 -7.118710 0.312738
-9.194686 -7.173616 0.312671
-9.151917 -7.228283 0.312605
-6.731922 -9.559232 0.310151
-6.647270 -9.620368 0.310101
-6.590522 -9.660702 0.310068
-6.533542 -9.700717 0.310036
-6.447609 -9.760098 0.309989
-6.332272 -9.838194 0.309929
-6.245206 -9.895954 0.309886
-6.157584 -9.952896 0.309845
-6.040025 -10.027720 0.309792
-5.862069 -10.137465 0.309718
-5.772404 -10.191250 0.309683
-5.712348 -10.226656 0.309661
-5.652087 -10.261725 0.309640
-5.591622 -10.296454 0.309619
-5.530954 -10.330842 0.309599
-5.439552 -10.381740 0.309570
-5.347755 -10.431949 0.309543
-5.255471 -10.481296 0.309518
-5.131785 -10.545931 0.309487
-5.038549 -10.593534 0.309465
-4.944850 -10.640261 0.309445
-4.850786 -10.686281 0.309427
-4.756272 -10.731415 0.309410
-4.661405 -10.775837 0.309395
-4.566103 -10.819366 0.309382
-4.438465 -10.876204 0.309366
-4.342318 -10.917931 0.309357
-4.245761 -10.958752 0.309349
-4.148882 -10.998843 0.309343
-4.051607 -11.038021 0.309338
-3.954023 -11.076465 0.309335
-3.856058 -11.113986 0.309334
-3.757796 -11.150768 0.309334
-3.659168 -11.186623 0.309336
-3.560255 -11.221731 0.309340
-3.460993 -11.255907 0.309345
-3.361456 -11.289330 0.309352
-3.261586 -11.321813 0.309361
-3.161455 -11.353539 0.309371
-3.061005 -11.384320 0.309383
-2.960307 -11.414340 0.309397
-2.859306 -11.443406 0.309412
-2.758069 -11.471707 0.309429
-2.690424 -11.490064 0.309441
-2.622666 -11.508035 0.309454
-2.554798 -11.525622 0.309468
-2.452780 -11.551231 0.309490
-2.350552 -11.576066 0.309513
-2.282263 -11.592106 0.309530
-2.213874 -11.607758 0.309547
-2.145388 -11.623019 0.309565
-2.042468 -11.645133 0.309594
-1.939364 -11.666464 0.309624
-1.836038 -11.686817 0.309656
-1.732540 -11.706384 0.309689
-1.663431 -11.718904 0.309713
-1.559607 -11.736897 0.309749
-1.455630 -11.754100 0.309787
-1.351469 -11.770314 0.309826
-1.247167 -11.785734 0.309867
-1.177542 -11.795485 0.309896
-1.107852 -11.804839 0.309925
-1.038100 -11.813794 0.309955
-0.968288 -11.822351 0.309985
-0.863454 -11.834388 0.310032
-0.758511 -11.845626 0.310081
-0.653440 -11.855862 0.310132
-0.548272 -11.865297 0.310184
-0.442993 -11.873728 0.310237
-0.337631 -11.881356 0.310293
-0.267339 -11.885904 0.310330
-0.161831 -11.891921 0.310388
-0.056258 -11.897130 0.310448
0.049387 -11.901331 0.310509
0.155082 -11.904723 0.310572
0.260832 -11.907104 0.310637
0.366619 -11.908675 0.310702
0.437164 -11.909183 0.310747
0.543006 -11.909132 0.310816
0.648867 -11.908270 0.310886
0.754743 -11.906393 0.310958
0.860623 -11.903704 0.311032
0.931209 -11.901370 0.311081
1.037080 -11.897055 0.311158
1.142937 -11.891926 0.311235
1.248769 -11.885781 0.311314
1.354572 -11.878821 0.311395
1.460333 -11.870846 0.311477
1.566051 -11.862056 0.311561
1.636499 -11.855653 0.311618
1.742115 -11.845234 0.311705
1.847672 -11.834003 0.311792
1.953144 -11.821754 0.311882
2.058542 -11.808691 0.311973
2.163838 -11.794613 0.312066
2.269046 -11.779721 0.312160
2.339122 -11.769253 0.312223
2.444134 -11.752737 0.312320
2.549039 -11.735408 0.312418
2.653802 -11.717067 0.312517
2.758443 -11.697915 0.312618
2.862925 -11.677751 0.312721
2.967271 -11.656778 0.312825
3.036741 -11.642257 0.312895
3.140797 -11.619667 0.313002
3.244700 -11.596271 0.313109
3.348401 -11.571867 0.313219
3.451935 -11.546659 0.313330
3.555249 -11.520446 0.313442
3.658381 -11.493430 0.313555
3.761277 -11.465413 0.313671
3.863977 -11.436596 0.313787
3.932309 -11.416851 0.313865
4.034597 -11.386436 0.313984
4.136671 -11.355226 0.314104
4.238467 -11.323021 0.314226
4.340035 -11.290024 0.314349
4.441307 -11.256036 0.314473
4.542337 -11.221257 0.314599
4.643054 -11.185494 0.314726
4.743515 -11.148944 0.314854
4.810313 -11.124054 0.314941
4.876977 -11.098771 0.315028
4.943505 -11.073098 0.315115
5.043018 -11.033809 0.315247
5.142246 -10.993739 0.315381
5.241109 -10.952700 0.315516
5.339674 -10.910886 0.315652
5.437859 -10.868106 0.315790
5.535730 -10.824556 0.315928
5.633202 -10.780047 0.316068
5.762620 -10.719427 0.316257
5.859265 -10.673009 0.316400
5.955484 -10.625641 0.316544
6.051353 -10.577518 0.316689
6.146779 -10.528451 0.316836
6.241842 -10.478633 0.316984
6.336443 -10.427880 0.317133
6.461950 -10.358968 0.317333
6.555601 -10.306355 0.317485
6.648763 -10.252820 0.317638
6.741526 -10.198550 0.317791
6.833783 -10.143363 0.317947
6.956105 -10.068568 0.318155
7.047323 -10.011564 0.318313
7.138007 -9.953660 0.318471
7.258195 -9.875257 0.318685
7.347785 -9.815563 0.318846
7.436814 -9.754982 0.319008
7.554760 -9.673030 0.319226
7.642640 -9.610689 0.319391
7.729933 -9.547477 0.319557
7.845528 -9.462040 0.319779
10.269814 -7.054498 0.325508
10.335084 -6.967620 0.325701
10.399681 -6.880213 0.325893
10.442296 -6.821593 0.326022
10.484570 -6.762713 0.326151
10.526501 -6.703576 0.326281
10.568088 -6.644183 0.326410
10.629777 -6.554588 0.326605
10.690771 -6.464493 0.326800
10.730967 -6.404098 0.326930
10.770810 -6.343458 0.327061
10.829869 -6.252013 0.327257
10.888216 -6.160088 0.327454
10.945667 -6.067569 0.327651
11.021066 -5.943432 0.327914
11.076709 -5.849754 0.328112
11.131437 -5.755509 0.328310
11.185430 -5.660818 0.328508
11.238498 -5.565576 0.328707
11.290822 -5.469901 0.328906
11.325206 -5.405831 0.329039
11.359215 -5.341551 0.329172
11.392846 -5.277061 0.329305
11.426100 -5.212364 0.329439
11.458973 -5.147463 0.329572
11.491467 -5.082359 0.329706
11.523577 -5.017055 0.329839
11.555304 -4.951552 0.329973
11.586646 -4.885854 0.330106
11.617602 -4.819963 0.330240
11.648170 -4.753880 0.330374
11.678349 -4.687609 0.330508
11.708139 -4.621150 0.330642
11.737538 -4.554509 0.330776
11.780851 -4.454182 0.330978
11.823376 -4.353499 0.331179
11.864910 -4.252379 0.331381
11.905650 -4.150916 0.331582
11.945391 -4.049034 0.331784
11.984329 -3.946823 0.331986
12.022263 -3.844210 0.332187
12.059386 -3.741283 0.332389
12.083595 -3.672460 0.332523
12.107397 -3.603486 0.332658
12.130792 -3.534363 0.332793
12.153777 -3.465094 0.332927
12.187436 -3.360905 0.333129
12.220270 -3.256436 0.333330
12.252075 -3.151626 0.333532
12.283051 -3.046551 0.333733
12.312989 -2.941154 0.333935
12.342093 -2.835507 0.334136
12.360940 -2.764912 0.334270
12.388371 -2.658785 0.334471
12.414963 -2.552428 0.334672
12.440501 -2.445793 0.334873
12.465196 -2.338943 0.335073
12.481094 -2.267571 0.335207
12.496569 -2.196098 0.335340
12.511618 -2.124526 0.335473
12.526242 -2.052859 0.335607
12.547327 -1.945173 0.335806
12.567556 -1.837308 0.336005
12.580472 -1.765283 0.336138
12.592960 -1.693175 0.336271
12.605019 -1.620987 0.336403
12.616647 -1.548721 0.336535
12.633229 -1.440174 0.336734
12.648948 -1.331484 0.336931
12.658853 -1.258933 0.337063
12.672843 -1.149980 0.337260
12.685968 -1.040905 0.337457
12.694140 -0.968112 0.337588
12.705531 -0.858816 0.337784
12.716051 -0.749420 0.337980
12.725482 -0.639908 0.338175
12.734043 -0.530312 0.338370
12.739167 -0.457197 0.338499
12.745982 -0.347454 0.338693
12.751922 -0.237648 0.338886
12.755300 -0.164406 0.339015
12.759490 -0.054496 0.339207
12.762804 0.055456 0.339399
12.764429 0.128780 0.339527
12.765991 0.238793 0.339718
12.760479 0.752331 0.340601
12.756554 0.862352 0.340788
12.753352 0.935683 0.340913
12.747671 1.045647 0.341099
12.741112 1.155571 0.341284
12.736154 1.228823 0.341408
12.727839 1.338648 0.341592
12.718647 1.448411 0.341775
12.708360 1.558089 0.341958
12.697196 1.667689 0.342140
12.689170 1.740700 0.342261
12.676255 1.850125 0.342441
12.662466 1.959451 0.342621
12.652691 2.032265 0.342740
12.637155 2.141372 0.342919
12.620748 2.250360 0.343096
12.609228 2.322933 0.343214
12.597273 2.395440 0.343331
12.584883 2.467877 0.343448
12.572059 2.540243 0.343565
12.551955 2.648640 0.343739
12.530984 2.756879 0.343912
12.516425 2.828929 0.344027
12.501435 2.900893 0.344142
12.486014 2.972769 0.344256
12.470161 3.044555 0.344369
12.445520 3.152045 0.344539
12.420020 3.259339 0.344707
12.402448 3.330735 0.344819
12.375234 3.437618 0.344986
12.347163 3.544286 0.345152
12.318027 3.650673 0.345317
12.288040 3.756828 0.345481
12.256992 3.862684 0.345643
12.225097 3.968292 0.345805
12.203271 4.038527 0.345912
12.169689 4.143619 0.346071
12.135266 4.248442 0.346230
12.111759 4.318141 0.346335
12.087832 4.387698 0.346440
12.063490 4.457113 0.346544
12.026144 4.560942 0.346699
11.987967 4.664471 0.346853
11.961964 4.733286 0.346955
11.922134 4.836196 0.347106
11.881482 4.938786 0.347257
11.839804 5.040966 0.347406
11.797311 5.142811 0.347555
11.753800 5.244228 0.347701
11.709479 5.345295 0.347847
11.664148 5.445914 0.347991
11.618014 5.546168 0.348135
11.570881 5.645957 0.348276
11.522949 5.745366 0.348417
11.474026 5.844290 0.348556
11.424314 5.942820 0.348694
11.373618 6.040848 0.348830
11.322141 6.138466 0.348965
11.269690 6.235564 0.349099
11.216464 6.332238 0.349231
11.180467 6.396401 0.349318
11.144085 6.460346 0.349405
11.107320 6.524072 0.349491
11.070175 6.587575 0.349577
11.032649 6.650853 0.349662
10.975604 6.745315 0.349788
10.917808 6.839316 0.349912
10.859076 6.932732 0.350036
10.779526 7.056492 0.350198
10.718942 7.148709 0.350317
10.657440 7.240312 0.350436
10.574225 7.361619 0.350591
10.510909 7.451968 0.350706
10.446697 7.541675 0.350819
10.359893 7.660416 0.350968
10.293905 7.748814 0.351077
10.227042 7.836543 0.351186
10.136732 7.952611 0.351327
10.045043 8.067579 0.351466
7.469747 10.456487 0.353919
7.348588 10.539057 0.353983
7.257118 10.600068 0.354029
7.165058 10.660156 0.354072
7.041539 10.739037 0.354129
6.948328 10.797264 0.354169
6.854556 10.854552 0.354207
6.760342 10.911084 0.354243
6.665584 10.966668 0.354277
6.538530 11.039508 0.354321
6.442715 11.093179 0.354351
6.346386 11.145886 0.354380
6.249654 11.197818 0.354407
6.152426 11.248777 0.354431
6.054808 11.298955 0.354455
5.956713 11.348152 0.354476
5.858243 11.396562 0.354496
5.759314 11.443982 0.354513
5.660025 11.490608 0.354529
5.560296 11.536237 0.354543
5.460220 11.581067 0.354556
5.359723 11.624892 0.354566
5.258896 11.667912 0.354575
5.191462 11.696053 0.354580
5.123868 11.723788 0.354584
5.056118 11.751119 0.354587
4.988215 11.778042 0.354589
4.920160 11.804556 0.354591
4.851955 11.830663 0.354592
4.749358 11.869005 0.354592
4.646476 11.906525 0.354589
4.543247 11.943017 0.354586
4.439747 11.978683 0.354580
4.335920 12.013314 0.354572
4.231838 12.047115 0.354563
4.162284 12.069096 0.354556
4.092610 12.090660 0.354548
4.022817 12.111806 0.354539
3.952909 12.132536 0.354530
3.847820 12.162792 0.354514
3.742513 12.192211 0.354496
3.636942 12.220580 0.354477
3.531168 12.248107 0.354455
3.460520 12.265898 0.354440
3.389777 12.283265 0.354424
3.318941 12.300211 0.354408
3.248016 12.316733 0.354390
3.141453 12.340671 0.354362
3.034724 12.363761 0.354333
2.963463 12.378589 0.354312
2.892126 12.392992 0.354291
2.820714 12.406969 0.354269
2.749229 12.420522 0.354246
2.641865 12.439997 0.354209
2.534370 12.458622 0.354172
2.462624 12.470469 0.354146
2.354887 12.487387 0.354105
2.247041 12.503449 0.354063
2.139066 12.518444 0.354019
2.030996 12.532582 0.353973
1.958890 12.541438 0.353941
1.850651 12.553864 0.353893
1.742338 12.565434 0.353842
1.670084 12.572577 0.353808
1.561643 12.582434 0.353754
1.453149 12.591433 0.353700
1.380789 12.596862 0.353662
1.308408 12.601861 0.353624
1.236009 12.606432 0.353584
1.163595 12.610575 0.353545
1.054950 12.615932 0.353483
0.946289 12.620431 0.353421
0.837615 12.623861 0.353356
0.728939 12.626434 0.353290
0.656491 12.627580 0.353245
0.547832 12.628441 0.353176
0.439191 12.628449 0.353105
0.366780 12.627885 0.353057
0.258197 12.626183 0.352984
0.149652 12.623629 0.352909
0.041166 12.620009 0.352833
-0.067266 12.615539 0.352754
-0.139514 12.611991 0.352701
-0.247818 12.605819 0.352620
-0.356047 12.598799 0.352538
-0.428146 12.593553 0.352482
-0.536206 12.584837 0.352397
-0.644172 12.575276 0.352311
-0.752010 12.564659 0.352222
-0.859739 12.553199 0.352132
-0.931481 12.544997 0.352072
-1.038971 12.531854 0.351979
-1.146332 12.517872 0.351885
-1.217816 12.507992 0.351822
-1.289228 12.497693 0.351758
-1.360568 12.486977 0.351693
-1.431831 12.475843 0.351628
-1.538569 12.458311 0.351528
-1.645143 12.439947 0.351427
-1.751504 12.420546 0.351325
-1.857686 12.400318 0.351221
-1.963636 12.379058 0.351116
-2.069393 12.356975 0.351009
-2.139766 12.341705 0.350937
-2.245118 12.317980 0.350827
-2.350259 12.293439 0.350717
-2.455125 12.267879 0.350605
-2.559766 12.241506 0.350491
-2.664115 12.214119 0.350376
-2.768224 12.185926 0.350260
-2.837466 12.166594 0.350182
-2.941075 12.136790 0.350063
-3.044426 12.106188 0.349943
-3.147445 12.074587 0.349822
-3.250190 12.042190 0.349699
-3.318502 12.020064 0.349617
-3.386671 11.997543 0.349533
-3.454696 11.974627 0.349450
-3.556440 11.939468 0.349323
-3.657883 11.903525 0.349195
-3.758942 11.866606 0.349066
-3.859689 11.828910 0.348935
-3.926640 11.803263 0.348848
-3.993429 11.777229 0.348759
-4.060054 11.750811 0.348671
-4.126512 11.724010 0.348581
-4.192801 11.696825 0.348491
-4.258920 11.669257 0.348401
-4.357749 11.627148 0.348264
-4.456227 11.584280 0.348126
-4.554254 11.540471 0.347987
-4.651916 11.495911 0.347846
-4.749113 11.450418 0.347705
-4.845931 11.404181 0.347562
-4.942269 11.357020 0.347418
-5.038215 11.309123 0.347273
-5.133665 11.260312 0.347127
-5.228711 11.210773 0.346980
-5.291803 11.177264 0.346881
-5.354688 11.143395 0.346782
-5.417364 11.109165 0.346682
-5.479829 11.074578 0.346582
-5.542082 11.039635 0.346481
-5.604120 11.004336 0.346380
-5.665940 10.968684 0.346278
-5.727543 10.932678 0.346176
-5.788924 10.896321 0.346074
-5.850082 10.859616 0.345971
-5.911016 10.822562 0.345867
-5.971724 10.785160 0.345763
-6.062326 10.728368 0.345606
-6.152466 10.670891 0.345449
-6.212247 10.632116 0.345343
-6.271793 10.593003 0.345237
-6.360634 10.533657 0.345077
-6.448993 10.473639 0.344916
-6.507575 10.433183 0.344808
-6.565911 10.392394 0.344699
-6.652920 10.330550 0.344536
-6.768097 10.247000 0.344317
-6.853847 10.183523 0.344152
-6.910672 10.140776 0.344041
-6.967239 10.097707 0.343930
-7.051569 10.032464 0.343763
-7.163133 9.944419 0.343539
-7.246142 9.877600 0.343369
-7.301125 9.832638 0.343256
-7.355836 9.787367 0.343142
-7.410276 9.741787 0.343028
-7.464442 9.695901 0.342914
-9.673325 7.226296 0.337218
-9.732074 7.138473 0.337028
-9.790137 7.050221 0.336838
-9.847340 6.961440 0.336647
-9.922457 6.842372 0.336393
-9.977924 6.752558 0.336202
-10.032519 6.662240 0.336011
-10.086410 6.571526 0.335819
-10.121867 6.510788 0.335691
-10.156972 6.449857 0.335563
-10.191721 6.388736 0.335435
-10.226114 6.327425 0.335307
-10.276992 6.235084 0.335115
-10.327153 6.142376 0.334922
-10.376415 6.049216 0.334729
-10.424955 5.955699 0.334536
-10.472591 5.861747 0.334343
-10.534893 5.735906 0.334086
-10.669768 5.450362 0.333505
-10.698719 5.386462 0.333376
-10.727300 5.322406 0.333247
-10.755510 5.258197 0.333118
-10.783350 5.193836 0.332989
-10.810818 5.129326 0.332860
-10.837913 5.064668 0.332730
-10.877809 4.967392 0.332537
-10.929754 4.837220 0.332278
-10.967774 4.739244 0.332084
-10.992620 4.673748 0.331955
-11.017087 4.608119 0.331826
-11.041176 4.542359 0.331697
-11.076553 4.443465 0.331503
-11.111169 4.344322 0.331310
-11.144835 4.244874 0.331116
-11.177738 4.145189 0.330923
-11.199164 4.078578 0.330794
-11.220207 4.011855 0.330665
-11.240868 3.945021 0.330536
-11.271091 3.844553 0.330343
-11.300544 3.743874 0.330150
-11.329034 3.642940 0.329958
-11.356751 3.541808 0.329765
-11.383503 3.440437 0.329573
-11.409480 3.338882 0.329381
-11.434487 3.237104 0.329189
-11.458717 3.135154 0.328997
-11.474351 3.067077 0.328869
-11.489596 2.998919 0.328742
-11.504451 2.930683 0.328614
-11.518916 2.862371 0.328487
-11.539832 2.759757 0.328296
-11.559966 2.657001 0.328106
-11.579122 2.554078 0.327916
-11.597493 2.451026 0.327726
-11.614885 2.347823 0.327536
-11.631491 2.244505 0.327347
-11.647113 2.141052 0.327159
-11.661950 2.037497 0.326970
-11.671316 1.968396 0.326845
-11.684577 1.864655 0.326657
-11.697051 1.760830 0.326470
-11.708539 1.656908 0.326283
-11.719238 1.552916 0.326097
-11.728951 1.448842 0.325911
-11.737874 1.344711 0.325725
-11.752955 1.136276 0.325355
-11.757192 1.066756 0.325233
-11.762756 0.962444 0.325049
-11.767531 0.858105 0.324866
-11.771318 0.753740 0.324683
-11.774315 0.649361 0.324501
-11.776324 0.544972 0.324320
-11.777543 0.440583 0.324139
-11.777775 0.336200 0.323958
-11.777218 0.231829 0.323779
-11.776320 0.162261 0.323659
-11.774184 0.057931 0.323480
-11.769652 -0.081116 0.323304
-3.657959 -0.644214 0.042626
-3.543270 -0.967365 0.039816
-3.461083 -1.246178 0.040641
-3.336050 -1.428398 0.036710
-3.220500 -1.659573 0.036358
-3.119555 -1.834896 0.036091
-2.436646 -2.666774 0.034841
-2.234673 -2.840399 0.034583
-2.153448 -2.940705 0.036993
-1.943567 -3.052573 0.034271
-1.855090 -3.109366 0.034188
-1.630513 -3.238625 0.034001
-1.445649 -3.330935 0.033869
-1.252608 -3.414770 0.033751
-1.161422 -3.449984 0.033701
-0.965786 -3.517030 0.033609
-0.857631 -3.549218 0.033566
-0.629784 -3.635679 0.035933
-0.550245 -3.622512 0.033470
-0.427987 -3.644517 0.033444
-0.338644 -3.658069 0.033428
0.847798 -3.640091 0.033528
0.955423 -3.620192 0.033565
1.051452 -3.656937 0.038064
1.367392 -3.557942 0.037015
1.434843 -3.550663 0.038120
1.658304 -3.454073 0.037116
2.538893 -2.943280 0.036683
3.992385 -0.643001 0.038373
4.069288 -0.136422 0.039164
3.967877 1.130236 0.041125
3.935547 1.251344 0.041311
3.836005 1.554378 0.041776
3.745305 1.775741 0.042114
3.672262 1.930213 0.042350
3.550982 2.153780 0.042690
3.465522 2.377627 0.044973
3.136717 2.767971 0.044561
3.060646 2.818215 0.043692
2.959174 2.957465 0.044834
2.844129 3.036058 0.044017
2.751265 3.119921 0.044142
2.363756 3.445032 0.045548
2.161408 3.544155 0.044765
1.567606 3.827511 0.045169
1.268294 3.951229 0.046318
0.745184 4.038465 0.045447
-4.377018 0.069881 0.063265
-4.371913 -0.055797 0.063068
-4.364967 -0.161480 0.062904
-4.355583 -0.266974 0.062741
-4.343765 -0.372223 0.062578
-4.333384 -0.450976 0.062456
-4.075051 -1.448685 0.060928
-3.989422 -1.656893 0.060612
-3.881701 -1.884319 0.060268
-3.787899 -2.059494 0.060004
-3.192395 -2.885834 0.058774
-2.989795 -3.095794 0.058467
-2.893349 -3.186904 0.058334
-2.537746 -3.545719 0.062123
-2.081048 -3.782251 0.057484
-1.138868 -4.244943 0.061079
0.261467 -4.393734 0.056753
1.188789 -4.287976 0.057005
2.076959 -3.995952 0.057543
2.482996 -3.790001 0.057901
2.666655 -3.679301 0.058091
2.844881 -3.559921 0.058294
2.964312 -3.473318 0.058439
3.070339 -3.391134 0.058577
3.244840 -3.244239 0.058822
3.559148 -2.938629 0.059328
3.637523 -2.852575 0.059469
3.790509 -2.671165 0.059766
3.872729 -2.564889 0.059939
3.954569 -2.452701 0.060121
4.013135 -2.367913 0.060259
4.079293 -2.266618 0.060422
4.144986 -2.159707 0.060595
4.190401 -2.082421 0.060720
4.255310 -1.964645 0.060909
4.344456 -1.855358 0.062808
4.363555 -1.748106 0.061256
4.418677 -1.625389 0.061452
4.454948 -1.538473 0.061591
4.489760 -1.450956 0.061731
4.527098 -1.349987 0.061891
4.553630 -1.273725 0.062012
4.586795 -1.171292 0.062175
4.621158 -1.055135 0.062359
4.648159 -0.955536 0.062516
4.678052 -0.833506 0.062709
4.754396 -0.751751 0.065822
4.756815 -0.665883 0.065188
4.730458 -0.569430 0.063125
4.748327 -0.454118 0.063306
4.764375 -0.329477 0.063502
4.738782 1.064306 0.066850
-2.033078 4.246102 0.072249
-2.643945 3.843336 0.071780
-2.737767 3.748107 0.070823
-2.836941 3.621990 0.068936
-2.934900 3.532261 0.068787
-3.030416 3.439970 0.068634
-3.141294 3.325523 0.068446
-3.221805 3.237229 0.068301
-3.343258 3.144693 0.070005
-3.456877 2.949530 0.067831
-3.530060 2.849639 0.067669
-3.653844 2.666476 0.067372
-3.730485 2.542351 0.067171
-3.777397 2.462254 0.067043
-3.832918 2.361647 0.066881
-3.950543 2.240029 0.069806
-3.942261 2.144623 0.066533
-3.980859 2.060252 0.066398
-4.002245 2.011741 0.066320
-4.033091 1.938451 0.066203
-4.067598 1.852347 0.066066
-4.113778 1.728151 0.065868
-4.143902 1.640435 0.065729
-4.176283 1.539517 0.065569
-4.191560 1.488776 0.065488
-4.249705 1.466493 0.068825
-4.233805 1.335539 0.065246
-4.259087 1.232636 0.065083
-4.280005 1.137790 0.064934
-4.292459 1.077252 0.064839
-4.311631 0.973054 0.064675
-4.330305 0.855347 0.064490
-4.346102 0.737224 0.064304
-4.357554 0.631915 0.064139
-4.364412 0.552766 0.064015
-4.370050 0.473523 0.063892
-4.375252 0.367730 0.063726
-4.378087 0.261850 0.063561
-4.378551 0.155935 0.063396
-5.211038 -0.768454 0.094231
-5.135409 -1.126399 0.093683
-5.115852 -1.203508 0.093565
-5.045763 -1.448225 0.093193
-5.016492 -1.539099 0.093056
-4.624936 -2.443495 0.091700
-4.514515 -2.637135 0.091414
-4.430810 -2.772613 0.091215
-4.378841 -2.852809 0.091097
-4.316353 -2.945154 0.090962
-4.289029 -2.984362 0.090905
-4.233251 -3.061986 0.090791
-4.163309 -3.155576 0.090655
-4.117910 -3.214466 0.090570
-4.058231 -3.289169 0.090462
-4.017727 -3.338395 0.090391
-3.986958 -3.374994 0.090338
-3.924505 -3.447420 0.090234
-3.835602 -3.546126 0.090093
-3.762951 -3.623707 0.089982
-3.696197 -3.692241 0.089885
-3.639646 -3.748453 0.089805
-3.547380 -3.836578 0.089681
-3.453337 -3.922832 0.089560
-3.393487 -3.975568 0.089486
-3.320644 -4.037687 0.089400
-3.259104 -4.088470 0.089329
-3.171714 -4.158064 0.089233
-3.057240 -4.244856 0.089114
-2.953786 -4.319749 0.089012
-2.874979 -4.374234 0.088939
-2.835233 -4.400984 0.088903
-2.754984 -4.453358 0.088832
-2.660272 -4.512793 0.088753
-2.564305 -4.570214 0.088677
-2.453249 -4.633522 0.088595
-2.354910 -4.686865 0.088526
-2.255442 -4.738118 0.088460
-2.154972 -4.787423 0.088397
-2.111609 -4.807937 0.088371
-2.038911 -4.841234 0.088330
-1.847668 -4.922857 0.088230
-1.758418 -4.958211 0.088188
-1.698551 -4.980863 0.088161
-1.623338 -5.008179 0.088129
-1.547711 -5.034363 0.088099
-1.441249 -5.069336 0.088060
-1.395401 -5.083657 0.088044
-1.334064 -5.102103 0.088024
-1.241637 -5.128379 0.087997
-1.148784 -5.153166 0.087971
-1.055459 -5.176186 0.087949
-0.961775 -5.197762 0.087929
-0.867673 -5.217526 0.087911
-0.741695 -5.241450 0.087892
-0.646862 -5.257563 0.087880
-0.567601 -5.269630 0.087873
-0.456334 -5.284552 0.087866
-0.360738 -5.295693 0.087862
-0.264925 -5.304983 0.087862
-0.136936 -5.314894 0.087865
-0.024761 -5.321194 0.087871
0.055447 -5.324270 0.087878
0.151763 -5.326300 0.087888
0.248113 -5.326836 0.087901
0.344475 -5.325503 0.087917
0.440818 -5.322582 0.087936
0.537117 -5.318071 0.087957
0.633329 -5.311691 0.087980
0.729446 -5.303818 0.088007
0.793446 -5.297574 0.088026
0.873345 -5.288696 0.088051
0.953124 -5.278702 0.088078
1.048653 -5.265052 0.088113
1.143973 -5.249918 0.088150
1.239001 -5.232933 0.088191
1.365264 -5.207823 0.088248
1.459577 -5.187058 0.088294
1.553551 -5.164734 0.088342
1.647093 -5.140582 0.088394
1.740262 -5.114974 0.088447
1.832933 -5.087554 0.088503
1.955792 -5.048621 0.088582
2.047353 -5.017575 0.088643
2.138331 -4.984807 0.088708
2.258758 -4.938686 0.088797
2.333512 -4.908515 0.088855
2.437364 -4.864285 0.088939
2.525723 -4.824824 0.089013
2.642405 -4.769687 0.089116
2.729042 -4.726487 0.089196
2.843414 -4.666601 0.089306
2.942357 -4.612042 0.089405
3.067876 -4.538844 0.089538
3.259270 -4.418501 0.089753
3.523940 -4.233181 0.090080
3.727591 -4.073783 0.090358
3.802104 -4.011659 0.090466
3.867271 -3.955162 0.090564
3.923751 -3.905099 0.090650
3.983386 -3.850467 0.090744
4.042253 -3.794995 0.090839
4.111802 -3.727270 0.090955
4.157506 -3.681440 0.091033
4.225055 -3.611690 0.091151
4.291376 -3.540753 0.091272
4.367011 -3.456379 0.091414
4.451648 -3.358345 0.091580
4.533759 -3.258152 0.091748
4.584021 -3.194666 0.091854
4.633240 -3.130355 0.091962
4.681553 -3.065351 0.092070
4.719501 -3.012826 0.092158
4.766051 -2.946530 0.092268
4.829550 -2.852551 0.092424
4.882488 -2.770998 0.092558
5.378253 -1.788156 0.094164
5.490676 -1.466553 0.094682
5.583020 -1.138538 0.095208
5.598412 -1.075462 0.095308
5.646005 -0.853256 0.095662
5.663730 -0.757477 0.095814
5.679574 -0.661364 0.095966
5.693910 -0.565011 0.096119
5.720513 -0.339270 0.096475
5.728969 -0.242211 0.096628
5.735902 -0.145029 0.096781
5.740266 -0.063952 0.096908
5.744332 0.049647 0.097086
5.746112 0.147067 0.097238
5.745982 0.244506 0.097390
5.744226 0.341929 0.097542
5.740848 0.439311 0.097693
5.735560 0.536609 0.097844
5.725966 0.666175 0.098045
5.716866 0.763191 0.098196
5.705865 0.860011 0.098345
5.693347 0.956645 0.098494
5.678936 1.053015 0.098642
5.662920 1.149128 0.098790
5.645305 1.244962 0.098937
5.625814 1.340429 0.099083
5.604827 1.435577 0.099229
5.589843 1.498782 0.099325
5.574118 1.561804 0.099422
5.549079 1.655961 0.099565
5.522415 1.749667 0.099707
5.494224 1.842922 0.099849
5.474457 1.904788 0.099943
5.453965 1.966416 0.100036
5.421781 2.058360 0.100175
5.388161 2.149784 0.100312
5.352786 2.240538 0.100449
5.315935 2.330698 0.100585
5.290449 2.390419 0.100674
5.264262 2.449833 0.100763
5.223622 2.538335 0.100895
5.167098 2.655226 0.101070
5.115436 2.756400 0.101220
5.092667 2.799432 0.101284
5.053824 2.870667 0.101390
5.030052 2.913147 0.101453
4.989549 2.983442 0.101556
4.964787 3.025348 0.101618
4.914122 3.108467 0.101741
4.826378 3.244905 0.101941
4.716041 3.405234 0.102176
4.499278 3.688495 0.102586
4.373428 3.836821 0.102800
4.308679 3.909383 0.102904
4.264695 3.957007 0.102972
4.152502 4.073927 0.103138
4.106743 4.119827 0.103203
4.060387 4.165115 0.103267
3.966043 4.253962 0.103392
3.845325 4.361936 0.103544
3.754795 4.438788 0.103650
3.696453 4.486807 0.103717
3.645794 4.527151 0.103773
3.581933 4.576887 0.103841
3.517327 4.625637 0.103908
3.438860 4.682850 0.103986
3.359357 4.738588 0.104062
3.251991 4.810887 0.104159
3.170311 4.863327 0.104229
3.060058 4.931058 0.104319
2.962343 4.988214 0.104394
2.863457 5.043275 0.104466
2.777872 5.088928 0.104525
2.734762 5.111137 0.104553
2.633446 5.161487 0.104617
2.531171 5.209813 0.104678
2.457494 5.242948 0.104719
2.368499 5.281355 0.104766
2.248851 5.330142 0.104825
2.158413 5.364919 0.104866
2.097782 5.387177 0.104892
2.036901 5.408722 0.104917
1.960454 5.434624 0.104947
1.852818 5.468961 0.104985
1.760075 5.496779 0.105015
1.666825 5.522780 0.105042
1.541873 5.555044 0.105074
1.447709 5.577354 0.105095
1.384722 5.591267 0.105108
1.354659 5.650538 0.106791
1.274132 5.613812 0.105127
1.163121 5.634043 0.105143
1.067683 5.649631 0.105154
0.940062 5.667808 0.105164
0.844116 5.679574 0.105168
0.747979 5.689469 0.105170
0.651714 5.697866 0.105169
0.619596 5.700259 0.105168
0.555327 5.704483 0.105165
0.458854 5.709317 0.105159
0.362333 5.712650 0.105151
0.265784 5.714106 0.105139
0.153153 5.713851 0.105122
0.040578 5.711159 0.105102
-0.055844 5.707179 0.105082
-0.120066 5.703527 0.105067
-0.184235 5.699129 0.105051
-0.264352 5.692558 0.105029
-0.344359 5.684869 0.105005
-0.440175 5.673987 0.104975
-0.567596 5.657006 0.104930
-0.662880 5.642421 0.104893
-0.757844 5.625994 0.104854
-0.852507 5.608007 0.104812
-0.946845 5.588466 0.104768
-1.040776 5.567134 0.104721
-1.165397 5.536206 0.104655
-1.273828 5.506873 0.104594
-1.350854 5.484463 0.104547
-1.442882 5.456271 0.104490
-1.554565 5.419403 0.104417
-1.670526 5.378592 0.104336
-1.745583 5.350456 0.104281
-1.835154 5.315427 0.104214
-1.894490 5.291157 0.104167
-1.968239 5.259835 0.104108
-2.056046 5.220705 0.104034
-2.143302 5.180394 0.103959
-2.244051 5.131206 0.103867
-2.357953 5.072584 0.103759
-2.442500 5.026981 0.103676
-2.498380 4.995716 0.103619
-2.553888 4.963808 0.103562
-2.609016 4.931262 0.103503
-2.771998 4.829765 0.103321
-2.865453 4.768081 0.103211
-2.905109 4.741065 0.103163
-2.983675 4.685972 0.103066
-3.061222 4.629482 0.102967
-3.150489 4.561986 0.102848
-3.275538 4.462433 0.102675
-3.336972 4.411337 0.102586
-3.373448 4.380230 0.102532
-3.504897 4.263588 0.102331
-3.574990 4.198224 0.102219
-3.632503 4.142822 0.102125
-3.689234 4.086632 0.102029
-3.745107 4.029603 0.101932
-3.829087 3.940562 0.101780
-3.928826 3.829897 0.101593
-3.970598 3.781621 0.101512
-4.032195 3.708315 0.101389
-4.082524 3.646412 0.101285
-4.151458 3.558547 0.101138
-4.234277 3.447859 0.100953
-4.320437 3.326480 0.100751
-4.374048 3.247234 0.100620
-4.443397 3.140182 0.100443
-4.510271 3.031588 0.100264
-4.558671 2.949101 0.100128
-4.680854 2.725314 0.099761
-4.792492 2.496158 0.099387
-4.893409 2.262149 0.099007
-5.209893 1.162592 0.097245
-6.586798 -0.037128 0.140938
-6.581752 -0.155091 0.140754
-6.536418 -0.664600 0.139965
-6.523369 -0.762123 0.139815
-6.511787 -0.839981 0.139695
-6.492905 -0.956533 0.139516
-6.472126 -1.072764 0.139339
-6.456976 -1.150011 0.139221
-6.441160 -1.227125 0.139104
-6.419978 -1.323219 0.138958
-6.392772 -1.438127 0.138783
-6.368616 -1.533523 0.138639
-6.337716 -1.647500 0.138467
-6.310572 -1.742096 0.138325
-6.276152 -1.855070 0.138155
-6.252124 -1.930051 0.138043
-6.214467 -2.041998 0.137876
-6.194942 -2.097735 0.137792
-6.174883 -2.153284 0.137710
-6.133381 -2.263878 0.137546
-6.111942 -2.318914 0.137464
-6.097368 -2.355496 0.137410
-6.067588 -2.428407 0.137302
-6.021279 -2.537095 0.137142
-5.973132 -2.644990 0.136983
-5.923162 -2.752062 0.136826
-5.862608 -2.875914 0.136645
-5.817801 -2.963615 0.136518
-5.771684 -3.050642 0.136391
-5.724366 -3.137029 0.136266
-5.675757 -3.222706 0.136143
-5.625965 -3.307709 0.136020
-5.585231 -3.375184 0.135924
-5.554146 -3.425468 0.135852
-5.480010 -3.541800 0.135685
-3.285361 -5.666583 0.131904
-2.870389 -5.897944 0.131630
-2.692832 -5.985795 0.131531
-1.977595 -6.278561 0.131226
-1.675130 -6.375095 0.131141
-0.645940 -6.593185 0.131024
1.181459 -6.590105 0.131435
1.260480 -6.578743 0.131471
1.339408 -6.566689 0.131507
1.437851 -6.550153 0.131555
1.751216 -6.487695 0.131724
1.867973 -6.460504 0.131793
1.964922 -6.436310 0.131852
2.042199 -6.415800 0.131902
2.157717 -6.383509 0.131979
2.234453 -6.360968 0.132031
2.348989 -6.325194 0.132114
2.519701 -6.268020 0.132242
2.632661 -6.227354 0.132331
2.726266 -6.191977 0.132408
2.819341 -6.155176 0.132487
2.930341 -6.109248 0.132584
3.058792 -6.053122 0.132702
3.131751 -6.020020 0.132770
3.240348 -5.968498 0.132876
3.330240 -5.924271 0.132966
3.383859 -5.897080 0.133021
3.472664 -5.850645 0.133114
3.560822 -5.802958 0.133209
3.595887 -5.783510 0.133248
3.648260 -5.753927 0.133306
3.717710 -5.713798 0.133385
3.821009 -5.652077 0.133506
3.940111 -5.577698 0.133650
4.024335 -5.523199 0.133755
4.074477 -5.489885 0.133819
4.140817 -5.444681 0.133905
6.006773 -3.524585 0.137358
6.134522 -3.319323 0.137711
6.312421 -3.003192 0.138251
6.506811 -2.604551 0.138925
6.689025 -2.156145 0.139675
6.792734 -1.850441 0.140181
6.991779 -1.047644 0.141496
7.028603 -0.828624 0.141851
7.040102 -0.748677 0.141980
7.050893 -0.668629 0.142109
7.062877 -0.568373 0.142270
7.075341 -0.447848 0.142464
7.085670 -0.327117 0.142657
7.092676 -0.226379 0.142818
7.097067 -0.145712 0.142947
7.100745 -0.065008 0.143075
7.103825 0.035933 0.143236
7.105591 0.157108 0.143428
7.105212 0.278297 0.143619
7.104249 0.338886 0.143715
7.101372 0.439839 0.143874
7.095991 0.560914 0.144065
7.089900 0.661727 0.144223
7.083815 0.742294 0.144349
7.073204 0.863024 0.144538
7.064745 0.943377 0.144663
7.055576 1.023652 0.144788
7.042606 1.123812 0.144943
7.025131 1.243739 0.145129
7.005537 1.363336 0.145314
6.987624 1.462727 0.145467
6.972099 1.542013 0.145590
6.955873 1.621158 0.145711
6.929536 1.739445 0.145892
6.906105 1.837672 0.146043
6.881210 1.935536 0.146192
6.854818 2.033004 0.146340
6.821291 2.149442 0.146517
6.785710 2.265263 0.146693
6.748088 2.380431 0.146866
6.721879 2.456828 0.146982
6.701660 2.513929 0.147067
6.673882 2.589766 0.147181
6.652434 2.646412 0.147266
6.615544 2.740376 0.147407
6.569555 2.852432 0.147574
6.529806 2.945210 0.147712
6.505280 3.000580 0.147794
6.471786 3.074046 0.147903
6.437323 3.147056 0.148011
6.375220 3.273952 0.148198
6.338520 3.345851 0.148303
6.281889 3.452870 0.148460
6.233288 3.541283 0.148589
6.183343 3.628935 0.148717
6.121748 3.733141 0.148868
6.090290 3.784843 0.148943
6.036785 3.870342 0.149066
5.982081 3.955069 0.149188
5.926091 4.038941 0.149308
5.845646 4.154940 0.149474
5.786805 4.236809 0.149590
3.846872 6.028769 0.151995
3.778169 6.070504 0.152046
3.726343 6.101298 0.152083
3.656812 6.141606 0.152131
3.586821 6.181090 0.152178
3.551656 6.200522 0.152201
3.445465 6.257499 0.152268
3.320419 6.321711 0.152342
3.230321 6.365986 0.152392
3.139574 6.408875 0.152440
3.048247 6.450478 0.152485
2.956311 6.490677 0.152528
2.845261 6.537157 0.152577
2.752133 6.574416 0.152615
2.658465 6.610245 0.152651
2.545419 6.651451 0.152691
2.469674 6.677811 0.152716
2.355509 6.715678 0.152751
2.240720 6.751527 0.152782
2.163866 6.774301 0.152801
2.048118 6.806766 0.152827
1.951246 6.832213 0.152845
1.834576 6.861003 0.152865
1.756510 6.878928 0.152876
1.580215 6.916125 0.152896
1.442475 6.941711 0.152906
1.363582 6.955228 0.152910
1.264743 6.970650 0.152912
1.145883 6.987281 0.152912
1.046646 6.999575 0.152909
1.006906 7.004074 0.152908
0.927360 7.012376 0.152903
0.847726 7.019631 0.152897
0.768040 7.026187 0.152890
0.668340 7.032899 0.152878
0.548613 7.039066 0.152861
0.428823 7.043137 0.152841
0.328976 7.044956 0.152822
0.249101 7.045224 0.152805
0.169236 7.044793 0.152786
0.069442 7.042772 0.152761
-0.050233 7.038462 0.152727
-0.169787 7.032063 0.152691
-0.269300 7.025166 0.152658
-0.348804 7.018468 0.152629
-0.428238 7.011076 0.152600
-0.507556 7.002646 0.152569
-0.547172 6.998085 0.152553
-0.646073 6.985648 0.152511
-0.764480 6.968864 0.152459
-0.862902 6.953332 0.152412
-0.941432 6.939742 0.152373
-1.058927 6.917822 0.152312
-1.176022 6.893974 0.152249
-1.253788 6.876757 0.152204
-1.331392 6.858865 0.152159
-1.447311 6.830101 0.152087
-1.524324 6.809932 0.152038
-1.562726 6.799476 0.152013
-1.658441 6.772337 0.151949
-1.734717 6.749654 0.151896
-1.848602 6.713977 0.151814
-1.942985 6.682696 0.151744
-2.074349 6.636727 0.151642
-2.148961 6.609243 0.151582
-2.260249 6.566407 0.151489
-2.352401 6.529268 0.151410
-2.443965 6.490751 0.151329
-2.553083 6.442826 0.151229
-2.732990 6.358779 0.151056
-2.892724 6.278759 0.150894
-2.980504 6.232484 0.150801
-3.067617 6.185001 0.150707
-5.541889 3.843061 0.146451
-5.604150 3.742315 0.146278
-5.664521 3.640445 0.146103
-5.723180 3.537597 0.145927
-5.780112 3.433800 0.145751
-5.826093 3.346528 0.145602
-5.879628 3.240969 0.145423
-5.922760 3.152281 0.145273
-5.972914 3.045104 0.145093
-6.021238 2.937103 0.144911
-6.067719 2.828309 0.144729
-6.097610 2.755328 0.144606
-6.112239 2.718712 0.144545
-6.133759 2.663623 0.144453
-6.175420 2.552927 0.144269
-6.215158 2.441538 0.144084
-6.240577 2.366911 0.143960
-6.311649 2.141370 0.143587
-6.344250 2.027728 0.143400
-6.481172 1.432780 0.142428
-6.488174 1.394014 0.142366
-6.522661 1.180138 0.142019
-6.541010 1.043513 0.141799
-6.550419 0.965307 0.141673
-6.562601 0.847786 0.141485
-6.571313 0.749718 0.141328
-6.579847 0.631885 0.141139
-6.585433 0.533594 0.140982
-6.588749 0.454907 0.140857
-6.591385 0.376196 0.140732
-6.593239 0.277771 0.140576
-6.593628 0.159644 0.140389
-6.591992 0.041529 0.140207
-8.584411 -0.035882 0.210240
-8.579455 -0.180263 0.210009
-8.575813 -0.256650 0.209889
-8.569983 -0.358447 0.209729
-8.564882 -0.434750 0.209609
-8.554829 -0.561806 0.209410
-8.545506 -0.663342 0.209251
-8.535021 -0.764765 0.209093
-8.520317 -0.891368 0.208897
-8.510567 -0.967217 0.208779
-8.500238 -1.042991 0.208662
-8.492968 -1.093452 0.208584
-8.485407 -1.143872 0.208506
-8.465208 -1.269720 0.208313
-8.447781 -1.370189 0.208159
-8.433992 -1.445414 0.208043
-8.409479 -1.570500 0.207853
-8.388609 -1.670316 0.207701
-8.366597 -1.769889 0.207550
-8.343444 -1.869206 0.207399
-8.319154 -1.968254 0.207250
-8.300228 -2.042365 0.207139
-8.267177 -2.165492 0.206954
-8.239495 -2.263657 0.206807
-8.180763 -2.459014 0.206516
-8.109386 -2.677146 0.206193
-8.084300 -2.749428 0.206087
-8.049931 -2.845484 0.205945
-8.014462 -2.941145 0.205805
-7.977895 -3.036397 0.205666
-7.930688 -3.154885 0.205494
-7.911316 -3.202085 0.205425
-7.881717 -3.272664 0.205323
-7.841352 -3.366392 0.205188
-7.810406 -3.436400 0.205087
-7.789419 -3.482915 0.205020
-7.768164 -3.529311 0.204953
-7.713831 -3.644751 0.204788
-7.669200 -3.736554 0.204657
-7.623516 -3.827846 0.204528
-7.588597 -3.895990 0.204431
-7.553027 -3.963800 0.204336
-7.516938 -4.031340 0.204240
-7.492534 -4.076184 0.204177
-7.467871 -4.120889 0.204115
-7.417777 -4.209876 0.203990
-7.379503 -4.276223 0.203898
-7.327624 -4.364199 0.203776
-7.288084 -4.429811 0.203685
-7.220843 -4.538359 0.203535
-7.152024 -4.645930 0.203388
-7.081763 -4.752582 0.203242
-7.024411 -4.837153 0.203127
-6.951263 -4.941880 0.202985
-6.876790 -5.045686 0.202846
-6.816066 -5.127914 0.202736
-4.825527 -7.066864 0.200336
-4.741427 -7.125618 0.200272
-4.677882 -7.169020 0.200225
-4.613999 -7.211938 0.200178
-4.549698 -7.254246 0.200133
-4.485068 -7.296062 0.200089
-4.441763 -7.323611 0.200060
-4.376484 -7.364438 0.200018
-4.244894 -7.444466 0.199936
-4.178593 -7.483663 0.199896
-4.044848 -7.560150 0.199821
-3.841901 -7.670837 0.199715
-3.636037 -7.776191 0.199618
-3.589907 -7.798873 0.199598
-3.450656 -7.865192 0.199541
-3.333825 -7.918833 0.199496
-3.216173 -7.970726 0.199454
-2.665448 -8.187252 0.199300
-2.470550 -8.253979 0.199261
-2.372509 -8.285656 0.199245
-2.224742 -8.331049 0.199223
-2.125781 -8.359890 0.199212
-2.001605 -8.394369 0.199200
-1.926835 -8.414139 0.199194
-1.826876 -8.439539 0.199189
-1.701508 -8.469701 0.199184
-1.626054 -8.486871 0.199183
-1.550460 -8.503459 0.199183
-1.499974 -8.514131 0.199183
-1.373466 -8.539493 0.199187
-1.271988 -8.558495 0.199191
-1.195734 -8.572013 0.199196
-1.068349 -8.592972 0.199207
-0.966213 -8.608442 0.199218
-0.863886 -8.622728 0.199231
-0.735733 -8.638955 0.199249
-0.658710 -8.647741 0.199262
-0.555889 -8.658464 0.199281
-0.478686 -8.665760 0.199296
-0.349848 -8.676328 0.199324
-0.246655 -8.683466 0.199348
-0.143367 -8.689407 0.199374
-0.014145 -8.695183 0.199410
0.063441 -8.697688 0.199433
0.141055 -8.699592 0.199457
0.192812 -8.700459 0.199473
0.244579 -8.701028 0.199490
0.374026 -8.701092 0.199535
0.451704 -8.700287 0.199563
0.529383 -8.698729 0.199593
0.607058 -8.696568 0.199623
0.736488 -8.691360 0.199676
0.839992 -8.685867 0.199721
0.943446 -8.679169 0.199767
1.020997 -8.673392 0.199804
1.150144 -8.662156 0.199866
1.253361 -8.651842 0.199919
1.356471 -8.640324 0.199973
1.485191 -8.624273 0.200043
1.562313 -8.613680 0.200087
1.639361 -8.602488 0.200131
1.972093 -8.545995 0.200337
2.074060 -8.526083 0.200404
2.327985 -8.471092 0.200579
3.029813 -8.277805 0.201131
3.350052 -8.168486 0.201416
3.472182 -8.123343 0.201530
3.569393 -8.085851 0.201624
3.690317 -8.037416 0.201743
3.738488 -8.017530 0.201791
3.834492 -7.976908 0.201889
3.953826 -7.924510 0.202014
4.048764 -7.881356 0.202116
4.166757 -7.825879 0.202245
4.213725 -7.803187 0.202298
4.260564 -7.780220 0.202351
4.307271 -7.756975 0.202404
4.400287 -7.709661 0.202511
4.901794 -7.430018 0.203131
7.573658 -4.956821 0.207999
7.603962 -4.913933 0.208078
7.648915 -4.849240 0.208197
7.693361 -4.784190 0.208316
7.722652 -4.740588 0.208395
7.780466 -4.652862 0.208555
7.808986 -4.608740 0.208636
7.837247 -4.564449 0.208716
7.892987 -4.475361 0.208877
7.920464 -4.430569 0.208958
7.974627 -4.340492 0.209121
8.180589 -3.973881 0.209776
8.241358 -3.857314 0.209983
8.300476 -3.739884 0.210191
8.335060 -3.668976 0.210316
8.380241 -3.573975 0.210483
8.413427 -3.502388 0.210608
8.445909 -3.430472 0.210734
8.488275 -3.334156 0.210902
8.529503 -3.237336 0.211071
8.559711 -3.164414 0.211198
8.598932 -3.066746 0.211367
8.618112 -3.017737 0.211452
8.646302 -2.943995 0.211579
8.691928 -2.820572 0.211791
8.718369 -2.746171 0.211919
8.752649 -2.646622 0.212090
8.793879 -2.521628 0.212303
8.817670 -2.446319 0.212432
8.848402 -2.345594 0.212603
8.877943 -2.244505 0.212774
8.899351 -2.168468 0.212903
9.115163 -1.164736 0.214577
9.130725 -1.060504 0.214749
9.145052 -0.956091 0.214920
9.161261 -0.825346 0.215134
9.169994 -0.746779 0.215262
9.180606 -0.641910 0.215433
9.189975 -0.536920 0.215604
9.199977 -0.405535 0.215816
9.204982 -0.326632 0.215944
9.209363 -0.247690 0.216071
9.212966 -0.168707 0.216198
9.215945 -0.089697 0.216325
9.219247 0.042041 0.216536
9.220514 0.147460 0.216705
9.220534 0.252888 0.216873
9.219304 0.358311 0.217041
9.216050 0.490060 0.217249
9.213100 0.569080 0.217374
9.209525 0.648075 0.217499
9.205171 0.727031 0.217623
9.200193 0.805950 0.217747
9.190237 0.937368 0.217953
9.180902 1.042389 0.218117
9.170324 1.147292 0.218281
9.155395 1.278237 0.218484
9.145445 1.356684 0.218606
9.131147 1.461144 0.218767
9.115613 1.565426 0.218928
9.094499 1.695512 0.219128
9.080846 1.773397 0.219248
9.066579 1.851170 0.219367
9.051545 1.928798 0.219485
9.025060 2.057890 0.219682
9.008192 2.135136 0.219799
8.984687 2.237902 0.219955
8.959967 2.340380 0.220109
8.934036 2.442555 0.220263
8.913834 2.518988 0.220378
8.899962 2.569835 0.220454
8.878556 2.645937 0.220568
8.841481 2.772367 0.220757
8.818280 2.847935 0.220869
8.786354 2.948378 0.221018
8.753243 3.048432 0.221166
8.718951 3.148083 0.221313
8.683485 3.247316 0.221459
8.637541 3.370763 0.221640
8.618639 3.419941 0.221711
8.599448 3.469005 0.221783
8.570081 3.542369 0.221890
8.519793 3.664088 0.222066
8.488702 3.736728 0.222171
8.446296 3.833162 0.222310
8.413781 3.905168 0.222414
8.391728 3.952997 0.222482
8.346683 4.048210 0.222618
8.300705 4.142969 0.222753
8.277250 4.190117 0.222820
8.241514 4.260556 0.222920
8.180664 4.377281 0.223085
8.143277 4.446845 0.223183
8.105344 4.516109 0.223280
8.079695 4.562081 0.223345
8.027493 4.653509 0.223472
7.947404 4.789598 0.223661
7.920146 4.834620 0.223724
7.892623 4.879479 0.223786
7.836787 4.968699 0.223908
7.808476 5.013058 0.223969
7.779905 5.057246 0.224030
7.736531 5.123184 0.224120
7.692641 5.188774 0.224209
7.648110 5.253923 0.224298
7.603070 5.318717 0.224385
7.572706 5.361671 0.224443
7.511223 5.447032 0.224558
7.480107 5.489436 0.224615
7.448743 5.531652 0.224671
7.353089 5.657104 0.224838
5.291397 7.585419 0.227196
5.225992 7.629007 0.227243
5.160254 7.672077 0.227288
5.116209 7.700442 0.227318
5.049816 7.742466 0.227362
4.983103 7.783963 0.227405
4.938416 7.811276 0.227433
4.848499 7.864971 0.227488
4.735395 7.930853 0.227554
4.621321 7.994986 0.227616
4.552410 8.032598 0.227652
4.483214 8.069664 0.227687
4.367143 8.129981 0.227743
4.273687 8.177022 0.227786
4.203262 8.211610 0.227816
4.132512 8.245502 0.227846
4.014001 8.300684 0.227893
3.942499 8.332894 0.227919
3.870754 8.364540 0.227945
3.750551 8.415772 0.227985
3.653885 8.455505 0.228015
3.532444 8.503599 0.228049
3.459238 8.531536 0.228068
3.238292 8.611591 0.228119
3.164187 8.636923 0.228134
2.940680 8.709119 0.228171
0.974004 9.080131 0.228081
0.870257 9.087200 0.228056
0.766455 9.093056 0.228029
0.636646 9.098707 0.227993
0.013535 9.099291 0.227778
-0.038334 9.097371 0.227757
-0.941694 9.015049 0.227312
-1.018584 9.003769 0.227268
-1.451954 8.927005 0.226995
-1.578584 8.900423 0.226909
-1.755115 8.860048 0.226783
-1.830509 8.841703 0.226728
-2.055585 8.782613 0.226556
-2.130250 8.761665 0.226496
-2.377651 8.687065 0.226292
-2.671365 8.588171 0.226032
-3.941375 8.020462 0.224687
-4.121152 7.919873 0.224464
-4.276441 7.828466 0.224265
-4.451571 7.720251 0.224032
-4.538164 7.664647 0.223913
-4.602695 7.622327 0.223823
-4.751720 7.521337 0.223611
-4.856824 7.447318 0.223456
-4.960960 7.371984 0.223300
-5.022887 7.326049 0.223205
-5.063931 7.295112 0.223142
-5.165715 7.216720 0.222982
-7.078429 5.160315 0.219041
-7.148837 5.053500 0.218846
-7.217880 4.945817 0.218651
-7.285296 4.837131 0.218454
-7.337983 4.749440 0.218296
-7.389824 4.661256 0.218138
-7.415318 4.616922 0.218058
-7.465538 4.527826 0.217899
-7.514724 4.438169 0.217739
-7.609977 4.257218 0.217417
-7.667347 4.143035 0.217215
-7.701030 4.074167 0.217094
-7.755752 3.958721 0.216891
-7.787838 3.889111 0.216769
-7.850043 3.749024 0.216524
-7.890315 3.655120 0.216361
-7.938982 3.537053 0.216156
-7.976717 3.442125 0.215991
-8.022380 3.322891 0.215785
-8.048898 3.251027 0.215662
-8.091805 3.130797 0.215455
-8.116663 3.058356 0.215331
-8.140965 2.985730 0.215207
-8.179980 2.864211 0.215000
-8.209962 2.766618 0.214834
-8.231747 2.693217 0.214709
-8.266551 2.570455 0.214501
-8.293152 2.471910 0.214335
-8.324845 2.348329 0.214127
-8.342951 2.273958 0.214002
-8.366143 2.174576 0.213836
-8.393562 2.050001 0.213628
-8.404015 2.000063 0.213545
-8.419120 1.925041 0.213420
-8.433652 1.849909 0.213295
-8.447464 1.774645 0.213170
-8.464920 1.674126 0.213004
-8.481222 1.573419 0.212838
-8.500010 1.447295 0.212631
-8.510357 1.371492 0.212506
-8.523187 1.270298 0.212341
-8.537625 1.143619 0.212134
-8.545360 1.067514 0.212010
-8.554703 0.965951 0.211845
-8.564780 0.838865 0.211638
-8.569894 0.762547 0.211515
-8.575740 0.660733 0.211351
-8.579395 0.584335 0.211228
-8.583932 0.456945 0.211023
-8.586276 0.354998 0.210860
-8.587452 0.253032 0.210697
-8.587317 0.125570 0.210494
-8.586737 0.074589 0.210413
-12.093180 -0.149760 0.333589
-12.089669 -0.256836 0.333418
-12.085144 -0.363872 0.333248
-12.079806 -0.470871 0.333078
-12.075707 -0.542174 0.332965
-12.068748 -0.649078 0.332797
-12.060978 -0.755925 0.332629
-12.052196 -0.862694 0.332462
-12.042603 -0.969393 0.332295
-12.035669 -1.040475 0.332184
-12.024459 -1.147017 0.332018
-12.012442 -1.253470 0.331854
-12.003892 -1.324377 0.331744
-11.994939 -1.395235 0.331635
-11.985583 -1.466041 0.331526
-11.975825 -1.536793 0.331417
-11.960382 -1.642807 0.331255
-11.944136 -1.748702 0.331093
-11.926886 -1.854441 0.330933
-11.908834 -1.960047 0.330773
-11.896265 -2.030358 0.330666
-11.876613 -2.135682 0.330508
-11.856161 -2.240855 0.330350
-11.834714 -2.345832 0.330193
-11.812469 -2.450646 0.330036
-11.789232 -2.555247 0.329881
-11.765201 -2.659671 0.329726
-11.740179 -2.763866 0.329572
-11.714367 -2.867872 0.329419
-11.696633 -2.937078 0.329318
-11.669245 -3.040686 0.329166
-11.641070 -3.144087 0.329016
-11.611915 -3.247220 0.328866
-11.581977 -3.350132 0.328717
-11.551062 -3.452760 0.328569
-11.519368 -3.555156 0.328422
-11.486704 -3.657250 0.328276
-11.453263 -3.759099 0.328131
-11.418857 -3.860631 0.327987
-11.383678 -3.961903 0.327844
-11.347539 -4.062843 0.327702
-11.310634 -4.163510 0.327561
-11.272771 -4.263829 0.327420
-11.234146 -4.363863 0.327281
-11.207890 -4.430358 0.327189
-11.181253 -4.496706 0.327097
-11.154240 -4.562904 0.327006
-11.126848 -4.628950 0.326915
-11.099079 -4.694840 0.326825
-11.070934 -4.760575 0.326735
-11.027967 -4.858859 0.326601
-10.984252 -4.956820 0.326468
-10.939606 -5.054369 0.326336
-10.894217 -5.151583 0.326206
-10.847904 -5.248369 0.326076
-10.800854 -5.344807 0.325948
-10.752885 -5.440801 0.325820
-10.704186 -5.536436 0.325694
-10.671234 -5.599947 0.325611
-10.637918 -5.663274 0.325528
-10.604240 -5.726414 0.325445
-10.570203 -5.789364 0.325363
-10.535804 -5.852122 0.325282
-10.501046 -5.914687 0.325201
-10.465930 -5.977057 0.325120
-10.430457 -6.039228 0.325040
-10.376536 -6.132086 0.324922
-10.321907 -6.224538 0.324804
-10.285016 -6.285900 0.324726
-10.247775 -6.347054 0.324649
-10.210182 -6.407998 0.324572
-10.172241 -6.468731 0.324496
-10.133951 -6.529251 0.324420
-10.095315 -6.589554 0.324345
-10.056333 -6.649641 0.324271
-10.017005 -6.709508 0.324197
-9.977334 -6.769154 0.324124
-9.937322 -6.828576 0.324051
-9.896967 -6.887774 0.323978
-9.856273 -6.946743 0.323907
-9.815240 -7.005485 0.323836
-9.773870 -7.063995 0.323765
-9.732163 -7.122272 0.323695
-9.690122 -7.180315 0.323626
-9.626394 -7.266904 0.323523
-9.562001 -7.353014 0.323421
-9.518634 -7.410098 0.323354
-9.474937 -7.466938 0.323287
-7.019510 -9.873010 0.320820
-6.932426 -9.936929 0.320768
-6.844844 -10.000190 0.320716
-6.756645 -10.062622 0.320666
-6.638236 -10.144752 0.320602
-6.548828 -10.205508 0.320555
-6.458827 -10.265418 0.320511
-6.338045 -10.344160 0.320453
-6.246881 -10.402358 0.320412
-6.155147 -10.459692 0.320372
-6.032087 -10.534977 0.320322
-5.939238 -10.590566 0.320286
-5.845844 -10.645273 0.320251
-5.752018 -10.699271 0.320218
-5.657663 -10.752380 0.320187
-5.562888 -10.804772 0.320157
-5.467598 -10.856263 0.320129
-5.339868 -10.923711 0.320094
-5.243570 -10.973386 0.320069
-5.146782 -11.022146 0.320047
-5.049607 -11.070169 0.320025
-4.951957 -11.117269 0.320005
-4.853933 -11.163625 0.319987
-4.788338 -11.194032 0.319976
-4.722561 -11.224064 0.319965
-4.656604 -11.253721 0.319956
-4.590469 -11.283001 0.319947
-4.524159 -11.311904 0.319938
-4.457676 -11.340427 0.319931
-4.357609 -11.382453 0.319920
-4.257205 -11.423716 0.319912
-4.156389 -11.464020 0.319905
-4.055250 -11.503556 0.319900
-3.953714 -11.542127 0.319896
-3.851868 -11.579923 0.319894
-3.749642 -11.616745 0.319893
-3.647119 -11.652788 0.319894
-3.544233 -11.687850 0.319897
-3.441062 -11.722126 0.319901
-3.337544 -11.755414 0.319907
-3.233756 -11.787912 0.319915
-3.164387 -11.809049 0.319921
-3.060075 -11.839955 0.319931
-2.955509 -11.870063 0.319943
-2.885634 -11.889602 0.319952
-2.815639 -11.908739 0.319961
-2.745525 -11.927474 0.319971
-2.640122 -11.954770 0.319988
-2.534494 -11.981258 0.320006
-2.463929 -11.998377 0.320019
-2.357868 -12.023243 0.320041
-2.251600 -12.047294 0.320063
-2.145081 -12.070326 0.320087
-2.038370 -12.092540 0.320113
-1.967103 -12.106803 0.320131
-1.860024 -12.127376 0.320160
-1.752770 -12.147124 0.320190
-1.645306 -12.165843 0.320222
-1.537682 -12.183735 0.320255
-1.465829 -12.195110 0.320278
-1.357903 -12.211344 0.320314
-1.249835 -12.226747 0.320352
-1.141599 -12.241108 0.320391
-1.033236 -12.254636 0.320432
-0.960913 -12.263098 0.320460
-0.852314 -12.274954 0.320504
-0.743608 -12.285973 0.320549
-0.671069 -12.292759 0.320579
-0.598481 -12.299126 0.320611
-0.525849 -12.305072 0.320643
-0.453173 -12.310598 0.320677
-0.344078 -12.318044 0.320727
-0.234910 -12.324647 0.320780
-0.162086 -12.328487 0.320816
-0.052788 -12.333402 0.320871
0.056564 -12.337472 0.320927
0.129498 -12.339622 0.320966
0.238940 -12.341998 0.321025
0.348418 -12.343528 0.321086
0.457930 -12.343997 0.321149
0.567463 -12.343617 0.321213
0.640494 -12.342799 0.321256
0.750048 -12.340722 0.321323
0.859602 -12.337794 0.321391
0.932635 -12.335277 0.321437
1.042171 -12.330650 0.321508
1.151688 -12.325171 0.321580
1.261172 -12.318631 0.321654
1.370623 -12.311239 0.321729
1.443563 -12.305744 0.321780
1.552925 -12.296651 0.321857
1.662234 -12.286708 0.321937
1.735066 -12.279512 0.321990
1.844248 -12.267868 0.322072
1.953355 -12.255373 0.322155
2.062361 -12.241817 0.322240
2.171278 -12.227410 0.322326
2.243827 -12.217241 0.322385
2.316324 -12.206647 0.322444
2.388769 -12.195629 0.322503
2.461158 -12.184187 0.322563
2.533489 -12.172321 0.322624
2.641864 -12.153676 0.322717
2.750110 -12.134185 0.322811
2.858186 -12.113636 0.322907
2.966118 -12.092244 0.323004
3.037973 -12.077420 0.323069
3.145599 -12.054342 0.323168
3.253060 -12.030421 0.323269
3.324589 -12.013914 0.323337
3.396029 -11.996987 0.323406
3.467379 -11.979639 0.323475
3.538636 -11.961874 0.323545
3.645329 -11.934388 0.323651
3.751824 -11.906066 0.323758
3.858062 -11.876701 0.323867
3.964087 -11.846503 0.323977
4.034624 -11.825817 0.324051
4.105048 -11.804715 0.324125
4.175357 -11.783199 0.324201
4.245548 -11.761269 0.324277
4.350594 -11.727547 0.324392
4.455392 -11.693001 0.324508
4.559871 -11.657424 0.324626
4.664087 -11.621028 0.324745
4.733386 -11.596217 0.324825
4.837057 -11.558183 0.324946
4.940446 -11.519333 0.325069
5.043474 -11.479467 0.325192
5.146206 -11.438789 0.325317
5.214491 -11.411132 0.325401
5.282622 -11.383070 0.325486
5.350597 -11.354607 0.325571
5.418412 -11.325740 0.325657
5.486065 -11.296473 0.325743
5.553555 -11.266806 0.325830
5.654454 -11.221506 0.325962
5.755013 -11.175409 0.326094
5.855138 -11.128323 0.326228
5.954908 -11.080444 0.326363
6.054226 -11.031582 0.326499
6.153176 -10.981935 0.326636
6.251655 -10.931310 0.326775
6.349751 -10.879908 0.326915
6.447359 -10.827535 0.327056
6.544571 -10.774390 0.327198
6.641277 -10.720284 0.327341
6.737572 -10.665413 0.327485
6.801490 -10.628323 0.327582
6.865197 -10.590854 0.327679
6.960329 -10.533892 0.327826
7.055027 -10.476176 0.327974
7.117865 -10.437199 0.328073
7.180480 -10.397847 0.328173
7.242871 -10.358122 0.328273
7.305034 -10.318027 0.328373
7.366967 -10.277561 0.328475
7.428668 -10.236726 0.328576
7.490135 -10.195524 0.328678
7.551365 -10.153955 0.328781
7.612357 -10.112020 0.328883
7.673109 -10.069723 0.328987
7.733616 -10.027062 0.329091
7.793879 -9.984042 0.329195
7.853894 -9.940661 0.329300
7.943415 -9.874876 0.329457
8.032431 -9.808378 0.329616
8.091434 -9.763574 0.329723
10.559472 -7.258400 0.335192
10.647396 -7.138206 0.335437
10.712456 -7.047399 0.335621
10.776624 -6.955940 0.335806
10.860984 -6.833138 0.336053
10.923350 -6.740402 0.336239
10.964441 -6.678244 0.336363
11.005167 -6.615838 0.336487
11.045525 -6.553186 0.336612
11.085513 -6.490290 0.336736
11.125132 -6.427153 0.336861
11.164376 -6.363777 0.336986
11.203249 -6.300163 0.337111
11.241746 -6.236315 0.337236
11.279866 -6.172235 0.337362
11.317608 -6.107924 0.337488
11.354970 -6.043386 0.337613
11.391951 -5.978621 0.337739
11.428550 -5.913633 0.337865
11.464765 -5.848424 0.337992
11.518316 -5.750174 0.338181
11.571094 -5.651493 0.338371
11.622896 -5.552281 0.338561
11.673917 -5.452653 0.338751
11.723954 -5.352513 0.338942
11.773201 -5.251969 0.339133
11.821455 -5.150931 0.339324
11.868911 -5.049505 0.339515
11.915365 -4.947602 0.339706
11.961014 -4.845325 0.339898
11.990907 -4.776895 0.340025
12.020395 -4.708283 0.340153
12.049478 -4.639493 0.340281
12.078150 -4.570528 0.340409
12.106415 -4.501389 0.340537
12.134270 -4.432077 0.340665
12.161714 -4.362598 0.340793
12.188744 -4.292953 0.340921
12.215362 -4.223143 0.341049
12.241566 -4.153172 0.341177
12.280040 -4.047901 0.341369
12.317680 -3.942319 0.341561
12.354276 -3.836358 0.341754
12.390031 -3.730103 0.341946
12.413308 -3.659074 0.342074
12.447377 -3.552250 0.342266
12.480599 -3.445151 0.342458
12.512761 -3.337719 0.342650
12.544069 -3.230028 0.342842
12.564373 -3.158065 0.342970
12.584249 -3.085979 0.343098
12.603696 -3.013773 0.343226
12.622713 -2.941449 0.343354
12.641301 -2.869010 0.343481
12.668318 -2.760127 0.343673
12.694473 -2.651026 0.343864
12.719544 -2.541664 0.344055
12.743748 -2.432100 0.344246
12.759303 -2.358927 0.344373
12.781766 -2.248980 0.344563
12.803355 -2.138853 0.344754
12.817164 -2.065319 0.344880
12.837003 -1.954852 0.345070
12.855964 -1.844225 0.345260
12.868018 -1.770373 0.345386
12.885220 -1.659449 0.345575
12.901541 -1.548388 0.345764
12.916758 -1.437163 0.345952
12.931091 -1.325818 0.346140
12.940057 -1.251510 0.346265
12.952620 -1.139942 0.346453
12.964294 -1.028274 0.346640
12.971487 -0.953766 0.346764
12.981387 -0.841919 0.346950
12.990397 -0.729993 0.347136
12.995811 -0.655328 0.347260
13.003041 -0.543267 0.347445
13.009381 -0.431149 0.347630
13.013013 -0.356370 0.347752
13.017569 -0.244159 0.347936
13.021233 -0.131913 0.348120
13.023080 -0.057064 0.348242
13.024957 0.055231 0.348424
13.025943 0.167539 0.348606
13.026005 0.242415 0.348727
13.025204 0.354728 0.348908
13.023510 0.467033 0.349088
13.021786 0.541892 0.349208
13.018305 0.654159 0.349387
13.013934 0.766395 0.349566
13.010424 0.841194 0.349685
13.004266 0.953348 0.349862
12.997218 1.065451 0.350039
12.991924 1.140146 0.350156
12.983093 1.252123 0.350332
12.973372 1.364026 0.350507
12.966299 1.438575 0.350623
12.954800 1.550309 0.350797
12.942411 1.661948 0.350970
12.933561 1.736306 0.351085
12.919400 1.847733 0.351257
12.904353 1.959042 0.351428
12.893732 2.033166 0.351542
12.876917 2.144221 0.351711
12.859221 2.255136 0.351880
12.846834 2.328983 0.351992
12.827375 2.439600 0.352159
12.807038 2.550058 0.352326
12.785604 2.660305 0.352492
12.763295 2.770376 0.352657
12.747840 2.843636 0.352766
12.723784 2.953333 0.352929
12.698857 3.062834 0.353091
12.681660 3.135699 0.353199
12.654998 3.244784 0.353360
12.627469 3.353651 0.353520
12.608540 3.426078 0.353626
12.589181 3.498390 0.353731
12.569391 3.570584 0.353836
12.549171 3.642657 0.353941
12.517985 3.750517 0.354097
12.485944 3.858122 0.354252
12.464013 3.929685 0.354355
12.430268 4.036759 0.354509
12.395674 4.143558 0.354661
12.360022 4.250002 0.354812
12.323527 4.356155 0.354963
12.285982 4.461935 0.355112
12.247599 4.567409 0.355260
12.221453 4.637516 0.355358
12.181403 4.742355 0.355504
12.140523 4.846869 0.355649
12.112718 4.916322 0.355745
12.084500 4.985607 0.355841
12.055873 5.054718 0.355936
12.026834 5.123655 0.356031
11.997387 5.192416 0.356125
11.967532 5.260997 0.356218
11.921937 5.363503 0.356357
11.875531 5.465638 0.356495
11.844056 5.533476 0.356587
11.812179 5.601122 0.356678
11.779902 5.668574 0.356768
11.747225 5.735830 0.356857
11.714149 5.802886 0.356947
11.680676 5.869742 0.357035
11.646807 5.936393 0.357123
11.612544 6.002839 0.357211
11.577888 6.069075 0.357298
11.542840 6.135100 0.357384
11.507402 6.200913 0.357470
11.471574 6.266510 0.357555
11.435358 6.331889 0.357640
11.398756 6.397048 0.357724
11.361769 6.461984 0.357807
11.324397 6.526695 0.357890
11.286645 6.591179 0.357972
11.248510 6.655434 0.358054
11.209997 6.719456 0.358135
11.171105 6.783245 0.358216
11.131838 6.846797 0.358296
11.072187 6.941647 0.358414
11.011790 7.036014 0.358532
10.971031 7.098598 0.358609
10.929904 7.160935 0.358686
10.867478 7.253941 0.358800
10.804324 7.346440 0.358913
10.740262 7.438299 0.359025
10.653647 7.559911 0.359171
10.587793 7.650462 0.359279
10.543417 7.710474 0.359350
10.498689 7.770217 0.359421
10.430895 7.859289 0.359526
10.362404 7.947812 0.359629
10.316281 8.006458 0.359697
10.269814 8.064825 0.359764
10.223006 8.122910 0.359831
10.175856 8.180713 0.359897
7.610649 10.543262 0.362231
7.549438 10.585325 0.362263
7.457141 10.647684 0.362310
7.333287 10.729598 0.362371
7.239813 10.790105 0.362415
7.145764 10.849678 0.362457
7.051261 10.908500 0.362497
6.956202 10.966378 0.362536
6.860704 11.023498 0.362573
6.764666 11.079663 0.362608
6.635909 11.153275 0.362653
6.538821 11.207520 0.362684
6.441222 11.260799 0.362714
6.343222 11.313300 0.362742
6.244729 11.364825 0.362768
6.145849 11.415565 0.362793
6.046494 11.465323 0.362816
5.946766 11.514290 0.362837
5.846582 11.562265 0.362857
5.746040 11.609445 0.362875
5.645059 11.655625 0.362891
5.543734 11.701004 0.362906
5.441988 11.745377 0.362919
5.339914 11.788942 0.362930
5.237438 11.831496 0.362940
5.134647 11.873237 0.362948
5.065915 11.900520 0.362952
4.962515 11.940629 0.362957
4.858821 11.979919 0.362961
4.754768 12.018184 0.362963
4.650435 12.055624 0.362963
4.580698 12.080034 0.362962
4.510827 12.104031 0.362960
4.440825 12.127613 0.362958
4.335565 12.162157 0.362953
4.230055 12.195868 0.362947
4.159554 12.217788 0.362941
4.053565 12.249832 0.362932
3.947346 12.281038 0.362921
3.840849 12.311198 0.362908
3.734138 12.340518 0.362894
3.662858 12.359504 0.362883
3.555738 12.387141 0.362866
3.448423 12.413933 0.362847
3.340874 12.439669 0.362827
3.233146 12.464560 0.362805
3.161212 12.480587 0.362789
3.089195 12.496191 0.362773
3.017097 12.511371 0.362755
2.944920 12.526126 0.362738
2.836505 12.547407 0.362709
2.727946 12.567836 0.362680
2.655481 12.580887 0.362659
2.582951 12.593512 0.362637
2.510358 12.605710 0.362615
2.437704 12.617481 0.362592
2.364992 12.628825 0.362569
2.255815 12.644987 0.362532
2.146534 12.660293 0.362493
2.037134 12.674527 0.362453
1.927645 12.687905 0.362411
1.854598 12.696254 0.362383
1.744953 12.707919 0.362338
1.635240 12.718726 0.362292
1.562057 12.725358 0.362261
1.452229 12.734450 0.362212
1.342352 12.742684 0.362162
1.269074 12.747601 0.362127
1.159123 12.754119 0.362075
1.049144 12.759780 0.362020
0.939140 12.764368 0.361964
0.829124 12.768098 0.361907
0.755776 12.770014 0.361867
0.645755 12.772030 0.361807
0.535742 12.773190 0.361745
0.462409 12.773392 0.361703
0.352431 12.772840 0.361639
0.242481 12.771433 0.361573
0.169204 12.769925 0.361528
0.059329 12.766809 0.361460
-0.050497 12.762839 0.361390
-0.160255 12.757803 0.361319
-0.269951 12.751916 0.361246
-0.343035 12.747424 0.361196
-0.452585 12.739837 0.361121
-0.562053 12.731399 0.361044
-0.634973 12.725208 0.360992
-0.744257 12.715076 0.360912
-0.853438 12.704098 0.360832
-0.962483 12.692063 0.360749
-1.071411 12.679185 0.360666
-1.143948 12.670039 0.360609
-1.252623 12.655478 0.360523
-1.361162 12.640078 0.360435
-1.433427 12.629251 0.360376
-1.541674 12.612176 0.360286
-1.649766 12.594266 0.360194
-1.757655 12.575313 0.360102
-1.865374 12.555529 0.360007
-1.937069 12.541785 0.359944
-2.044429 12.520343 0.359847
-2.151600 12.498074 0.359749
-2.258526 12.474773 0.359650
-2.365249 12.450650 0.359550
-2.436258 12.434022 0.359482
-2.507160 12.416983 0.359413
-2.577952 12.399535 0.359344
-2.648633 12.381680 0.359275
-2.754423 12.354084 0.359169
-2.859977 12.325674 0.359062
-2.930185 12.306194 0.358990
-3.035250 12.276168 0.358881
-3.140060 12.245336 0.358771
-3.244543 12.213500 0.358659
-3.348759 12.180862 0.358546
-3.452632 12.147229 0.358432
-3.556222 12.112801 0.358316
-3.659453 12.077381 0.358200
-3.762389 12.041174 0.358082
-3.830812 12.016510 0.358002
-3.899082 11.991454 0.357922
-3.967197 11.966007 0.357842
-4.035155 11.940169 0.357761
-4.102952 11.913943 0.357680
-4.170588 11.887328 0.357598
-4.238060 11.860326 0.357515
-4.338934 11.819052 0.357390
-4.439470 11.777008 0.357264
-4.539574 11.734007 0.357137
-4.639325 11.690244 0.357009
-4.738629 11.645531 0.356879
-4.837568 11.600062 0.356749
-4.936043 11.553655 0.356617
-5.034141 11.506496 0.356484
-5.099284 11.474562 0.356395
-5.164233 11.442254 0.356305
-5.228987 11.409577 0.356215
-5.293542 11.376532 0.356124
-5.357898 11.343118 0.356033
-5.422051 11.309338 0.355942
-5.486000 11.275193 0.355850
-5.549743 11.240683 0.355757
-5.613278 11.205812 0.355664
-5.676602 11.170578 0.355571
-5.739714 11.134984 0.355477
-5.833952 11.080876 0.355335
-5.927756 11.026056 0.355192
-5.989999 10.989036 0.355097
-6.052020 10.951661 0.355000
-6.113817 10.913935 0.354904
-6.175387 10.875857 0.354807
-6.236730 10.837431 0.354710
-6.297842 10.798656 0.354612
-6.358723 10.759536 0.354513
-6.419369 10.720070 0.354414
-6.479780 10.680261 0.354315
-6.539954 10.640109 0.354216
-6.599888 10.599616 0.354116
-6.659580 10.558784 0.354015
-6.719029 10.517613 0.353915
-6.778234 10.476107 0.353813
-6.837191 10.434265 0.353712
-6.895900 10.392090 0.353610
-6.954357 10.349583 0.353507
-7.012563 10.306746 0.353405
-7.070513 10.263579 0.353302
-7.128208 10.220085 0.353198
-7.185645 10.176266 0.353094
-7.299738 10.087655 0.352885
-7.524753 9.906590 0.352463
-9.878755 7.342464 0.346964
-9.939578 7.253540 0.346785
-9.979669 7.193956 0.346666
-10.019414 7.134149 0.346546
-10.078340 7.043998 0.346367
-10.136570 6.953411 0.346187
-10.174925 6.892732 0.346067
-10.212929 6.831841 0.345946
-10.269230 6.740082 0.345766
-10.324824 6.647907 0.345585
-10.379532 6.555220 0.345404
-10.433525 6.462129 0.345222
-10.469044 6.399802 0.345101
-10.504203 6.337278 0.344980
-10.556220 6.243104 0.344798
-10.607512 6.148547 0.344615
-10.657897 6.053518 0.344433
-10.707551 5.958118 0.344250
-10.756289 5.862262 0.344067
-10.820046 5.733857 0.343823
-10.866940 5.637115 0.343640
-10.958128 5.442432 0.343273
-10.987778 5.377204 0.343150
-11.017052 5.311812 0.343028
-11.045951 5.246258 0.342905
-11.074473 5.180546 0.342783
-11.102619 5.114676 0.342660
-11.130386 5.048651 0.342538
-11.171280 4.949308 0.342354
-11.211414 4.849666 0.342170
-11.250594 4.749658 0.341986
-11.289009 4.649364 0.341801
-11.326468 4.548718 0.341617
-11.363154 4.447799 0.341433
-11.387099 4.380341 0.341310
-11.410658 4.312751 0.341188
-11.433829 4.245032 0.341065
-11.467811 4.143201 0.340881
-11.501015 4.041122 0.340697
-11.533245 3.938742 0.340513
-11.564694 3.836127 0.340329
-11.585139 3.767564 0.340207
-11.615021 3.664497 0.340023
-11.644117 3.561213 0.339840
-11.672229 3.457667 0.339656
-11.699553 3.353916 0.339473
-11.751430 3.145731 0.339107
-11.775981 3.041314 0.338924
-11.799736 2.936719 0.338741
-11.815042 2.866875 0.338620
-11.837205 2.761943 0.338438
-11.858569 2.656852 0.338256
-11.878933 2.551570 0.338074
-11.898497 2.446141 0.337892
-11.917058 2.340539 0.337711
-11.934815 2.234803 0.337530
-11.946118 2.164229 0.337410
-11.962268 2.058246 0.337229
-11.977612 1.952148 0.337049
-11.991948 1.845915 0.336869
-12.005476 1.739581 0.336690
-12.013957 1.668628 0.336570
-12.025869 1.562109 0.336392
-12.036973 1.455506 0.336213
-12.047064 1.348808 0.336035
-12.056347 1.242040 0.335857
-12.061994 1.170819 0.335739
-12.082335 0.849989 0.335209
-12.087357 0.742953 0.335034
-12.091363 0.635877 0.334858
-12.094557 0.528776 0.334684
-12.096145 0.457363 0.334567
-12.097713 0.350230 0.334393
-12.098469 0.243091 0.334220
-12.098209 0.135952 0.334047
-12.097136 0.028820 0.333875
-12.095043 -0.078296 0.333711
-3.771949 0.025490 0.045711
-3.767267 -0.066187 0.045613
-3.761223 -0.146280 0.045526
-3.748768 -0.271878 0.045390
-3.738628 -0.351554 0.045302
-3.737695 -0.478252 0.046496
-3.658892 -0.768352 0.044837
-3.641762 -0.835037 0.044762
-3.578613 -1.047685 0.044517
-3.538954 -1.163487 0.044383
-3.460605 -1.362850 0.044148
-3.381639 -1.537061 0.043940
-2.657459 -2.574661 0.042620
-2.592732 -2.639917 0.042531
-2.475869 -2.750454 0.042378
-2.345763 -2.863527 0.042218
-2.071296 -3.072155 0.041913
-1.759702 -3.267698 0.041610
-1.545911 -3.380140 0.041425
-1.346721 -3.470252 0.041268
-1.153704 -3.545521 0.041129
-1.063038 -3.576896 0.041068
-0.734642 -3.670808 0.040867
-0.132068 -3.767086 0.040579
-0.040050 -3.773572 0.040543
0.040592 -3.777282 0.040515
0.167432 -3.780112 0.040472
0.259719 -3.779627 0.040444
0.340447 -3.777231 0.040422
0.451841 -3.771473 0.040394
0.559224 -3.763000 0.040369
0.639577 -3.754504 0.040353
1.150591 -3.662091 0.040293
1.763007 -3.454745 0.040322
1.962168 -3.361938 0.040359
2.156054 -3.258416 0.040408
2.449668 -3.073261 0.040513
2.761560 -2.855126 0.042070
2.842785 -2.761878 0.040720
3.137560 -2.467000 0.040940
3.237314 -2.351512 0.041031
3.353814 -2.249128 0.043363
3.547204 -1.955682 0.042760
4.059355 -0.847532 0.045684
-1.824788 3.654067 0.052249
-2.146032 3.453770 0.052559
-2.949188 2.645758 0.049901
-3.051122 2.550441 0.051514
-3.263391 2.240161 0.051690
-3.365943 2.057330 0.051540
-3.741349 0.861461 0.048313
-3.735060 0.746530 0.046461
-3.744357 0.678300 0.046392
-3.756861 0.564223 0.046275
-3.766191 0.449849 0.046157
-3.772709 0.323792 0.046026
-3.774933 0.232017 0.045930
-3.774818 0.145957 0.045841
-3.532877 -2.636523 0.067649
-3.449559 -2.743247 0.067513
-3.345741 -2.868245 0.067351
-3.344006 -2.934444 0.070276
-3.255866 -2.969555 0.067218
-3.242769 -3.045670 0.070137
-3.172535 -3.058527 0.067101
-3.147857 -3.143796 0.070011
-3.057235 -3.251687 0.070881
-2.949120 -3.275655 0.066808
-2.942602 -3.356662 0.070746
-2.857876 -3.356569 0.066696
-2.840051 -3.453912 0.071125
-2.750366 -3.446301 0.066571
-2.665083 -3.566877 0.069451
-2.546041 -3.637582 0.068335
-2.450179 -3.670973 0.066248
-1.479831 -4.181651 0.065434
-0.843610 -4.375399 0.065050
-0.321152 -4.464235 0.064809
-0.239961 -4.472525 0.064777
-0.158643 -4.479555 0.064747
-0.050022 -4.486537 0.064709
0.058745 -4.491071 0.064673
0.439787 -4.487070 0.064570
0.548509 -4.480124 0.064547
0.657064 -4.470726 0.064527
0.738341 -4.462098 0.064513
0.846445 -4.448201 0.064497
0.954226 -4.431867 0.064484
1.248424 -4.374035 0.064462
1.341229 -4.351745 0.064460
1.446124 -4.351620 0.066505
1.668569 -4.256500 0.064469
1.771818 -4.221095 0.064477
1.937737 -4.158300 0.064497
2.043848 -4.135810 0.066045
2.262191 -4.058020 0.067617
2.463955 -3.953762 0.067668
2.562718 -3.852448 0.064646
3.039163 -3.532873 0.064850
3.157146 -3.439577 0.064916
3.349129 -3.344673 0.069073
3.457998 -3.253262 0.069648
3.652466 -3.048340 0.069288
4.687884 -1.135906 0.066927
4.857063 -0.261898 0.067805
4.865213 -0.166211 0.067905
4.872781 -0.042970 0.068033
4.876676 0.052991 0.068134
4.878211 0.135299 0.068221
4.878112 0.245062 0.068337
4.875518 0.354798 0.068454
4.871743 0.437038 0.068542
4.864568 0.546571 0.068660
4.854904 0.655914 0.068779
4.845835 0.737742 0.068868
4.833589 0.833007 0.068972
4.854258 0.955099 0.071997
4.773686 1.170694 0.069347
4.755652 1.251020 0.069437
4.729415 1.357602 0.069558
4.677511 1.542529 0.069768
4.635814 1.673233 0.069919
4.660885 1.760476 0.073819
4.577488 1.836917 0.070109
4.530717 1.956104 0.070248
4.450581 2.140629 0.070466
4.458278 2.246897 0.074359
4.339535 2.366213 0.070737
4.365820 2.428179 0.074565
4.232633 2.557819 0.070970
4.148845 2.743666 0.073064
4.053343 2.839125 0.071318
3.942748 3.036922 0.073422
3.834683 3.131973 0.071690
3.728842 3.257856 0.071853
3.646693 3.349853 0.071974
3.637482 3.437273 0.075768
3.235895 3.745692 0.072509
2.748477 4.141550 0.074887
1.730991 4.664422 0.077503
1.440207 4.753722 0.077670
1.340165 4.723881 0.074079
0.954108 4.858992 0.077906
0.856543 4.839268 0.075677
0.749723 4.832601 0.074360
0.668320 4.841442 0.074393
-0.148845 4.852120 0.074634
-0.230325 4.845245 0.074649
-0.365811 4.830761 0.074672
-0.446877 4.820260 0.074684
-0.521559 4.865195 0.078307
-0.848542 4.746182 0.074718
-0.967475 4.745939 0.076528
-1.138047 4.669838 0.074719
-1.254900 4.633213 0.074713
-1.358432 4.657287 0.078323
-1.472904 4.556110 0.074693
-1.565373 4.549712 0.076491
-1.674222 4.473612 0.074662
-1.773398 4.428958 0.074642
-1.842077 4.458499 0.078254
-1.871471 4.381971 0.074620
-1.968373 4.332657 0.074595
-2.150791 4.232024 0.074540
-2.267257 4.162102 0.074499
-2.366566 4.098903 0.074460
-2.449194 4.043312 0.074424
-2.567334 3.959537 0.074368
-2.655640 3.964260 0.077978
-2.718335 3.844151 0.074288
-2.850662 3.734426 0.074209
-2.952273 3.644504 0.074143
-3.038181 3.564229 0.074082
-3.150531 3.452789 0.073995
-3.259108 3.337711 0.073904
-3.337171 3.249870 0.073833
-3.438788 3.128665 0.073733
-3.489390 3.064986 0.073680
-3.573825 2.953244 0.073585
-3.652385 2.842821 0.073490
-3.771314 2.661582 0.073331
-3.886216 2.467248 0.073158
-4.394935 1.074355 0.071824
-5.416695 0.049661 0.104081
-5.413853 -0.039730 0.103983
-5.409961 -0.120928 0.103895
-5.402506 -0.234489 0.103773
-5.391259 -0.364062 0.103632
-5.379036 -0.477207 0.103508
-5.368787 -0.557847 0.103420
-5.355130 -0.654432 0.103314
-5.339617 -0.750738 0.103208
-5.116153 -1.632370 0.102215
-5.038336 -1.846301 0.101969
-5.014494 -1.906824 0.101898
-4.989954 -1.967069 0.101828
-4.951785 -2.056873 0.101723
-4.912179 -2.146056 0.101619
-4.870889 -2.234478 0.101515
-4.820950 -2.336798 0.101394
-4.798909 -2.380336 0.101342
-4.753601 -2.466782 0.101239
-4.690997 -2.580876 0.101103
-4.642198 -2.665416 0.101001
-4.583575 -2.763057 0.100883
-4.528682 -2.850269 0.100777
-2.446461 -4.776527 0.098226
-2.262531 -4.870853 0.098082
-1.995394 -4.993206 0.097887
-1.768029 -5.084347 0.097736
-1.443406 -5.195254 0.097540
-1.160084 -5.274451 0.097387
-1.096570 -5.290038 0.097355
-0.760321 -5.359703 0.097201
-0.647323 -5.378296 0.097154
-0.550192 -5.392559 0.097115
0.952494 -5.396062 0.096751
1.049934 -5.382248 0.096743
1.147136 -5.366762 0.096736
1.244089 -5.349703 0.096731
1.543587 -5.285381 0.096727
1.676162 -5.251600 0.096732
1.755275 -5.229644 0.096736
1.943862 -5.172416 0.096752
2.068455 -5.130603 0.096767
2.192096 -5.085977 0.096784
2.268813 -5.056540 0.096797
2.345083 -5.025940 0.096812
2.466226 -4.974773 0.096837
2.571270 -4.927750 0.096862
2.615994 -4.906933 0.096874
2.675329 -4.878538 0.096889
2.744071 -4.844399 0.096909
2.822207 -4.804523 0.096933
2.851324 -4.789205 0.096943
2.938109 -4.742173 0.096972
3.052573 -4.677177 0.097014
3.165542 -4.609565 0.097058
3.249169 -4.557030 0.097094
5.379491 -2.058470 0.099245
5.467339 -1.844493 0.099452
5.535627 -1.658324 0.099634
5.634760 -1.343017 0.099946
5.660971 -1.247359 0.100041
5.681423 -1.167271 0.100122
5.736968 -1.066235 0.102401
5.729167 -0.957723 0.100333
5.748393 -0.860399 0.100432
5.768837 -0.746475 0.100549
5.781978 -0.664847 0.100633
5.791608 -0.599406 0.100700
5.858778 -0.562655 0.105064
5.841014 -0.454787 0.103010
5.822361 -0.336624 0.100973
5.845437 0.059564 0.101389
5.846726 0.158795 0.101495
5.846206 0.274575 0.101618
5.844349 0.357258 0.101706
5.794968 0.950420 0.102350
5.780729 1.048642 0.102458
5.764601 1.146570 0.102566
5.698842 1.470744 0.102927
5.675292 1.567152 0.103036
5.650234 1.663177 0.103144
5.589941 1.869556 0.103378
5.564693 1.948304 0.103468
5.532785 2.042265 0.103576
5.487730 2.166658 0.103719
5.452141 2.259280 0.103826
5.414778 2.351197 0.103933
5.375834 2.442449 0.104040
5.330670 2.543006 0.104158
5.286112 2.637771 0.104269
5.234636 2.741427 0.104392
5.173291 2.858598 0.104532
5.125488 2.945507 0.104636
5.070546 3.041035 0.104750
5.052352 3.163742 0.107973
4.943277 3.247339 0.105001
4.944641 3.332297 0.108170
3.068856 5.043223 0.107363
2.983196 5.092684 0.107436
2.954438 5.108807 0.107460
2.867566 5.156072 0.107531
2.750547 5.216811 0.107624
2.632159 5.274785 0.107714
2.542547 5.316521 0.107780
2.452152 5.356496 0.107844
2.376364 5.388729 0.107897
2.339888 5.456995 0.110945
2.254121 5.437874 0.107979
2.146234 5.478446 0.108048
2.053180 5.511603 0.108105
1.959511 5.542937 0.108161
1.833852 5.582267 0.108233
1.739046 5.609858 0.108285
1.643792 5.635810 0.108336
1.548073 5.659930 0.108384
1.452002 5.682554 0.108431
1.323313 5.709964 0.108491
1.258736 5.722475 0.108520
1.161645 5.739981 0.108562
1.064252 5.755624 0.108602
0.934042 5.773980 0.108653
0.836132 5.785691 0.108689
0.738059 5.795814 0.108723
0.639823 5.804025 0.108756
0.525083 5.811613 0.108791
0.443054 5.815570 0.108815
0.344566 5.818615 0.108842
0.246056 5.820128 0.108867
0.163967 5.819969 0.108887
0.049083 5.817699 0.108912
-0.049327 5.814046 0.108932
-0.147630 5.808483 0.108949
-0.213109 5.803980 0.108960
-0.278517 5.798619 0.108970
-0.343852 5.792498 0.108979
-0.441684 5.781796 0.108991
-0.555571 5.767337 0.109003
-0.652912 5.753040 0.109011
-0.733804 5.739760 0.109016
-0.862805 5.716184 0.109022
-0.975199 5.693171 0.109025
-1.039189 5.678957 0.109025
-1.150724 5.652227 0.109023
-1.261709 5.623376 0.109019
-1.372052 5.592232 0.109012
-1.466061 5.563648 0.109005
-1.559572 5.533524 0.108995
-1.652562 5.501868 0.108984
-1.683421 5.490928 0.108979
-1.744906 5.468422 0.108970
-1.867123 5.421459 0.108949
-1.973150 5.378119 0.108928
-2.048274 5.345740 0.108912
-2.137854 5.305619 0.108891
-2.197145 5.277954 0.108875
-2.256105 5.249603 0.108859
-2.314727 5.220573 0.108843
-2.373002 5.190867 0.108825
-2.440470 5.155232 0.108803
-2.545671 5.097736 0.108767
-2.640067 5.043301 0.108732
-4.641284 3.042609 0.107081
-4.673981 2.986259 0.107028
-4.749602 2.958575 0.110036
-4.752763 2.843734 0.106895
-4.798170 2.757226 0.106814
-4.812943 2.728205 0.106787
-4.856193 2.640611 0.106704
-4.898026 2.552341 0.106620
-4.911611 2.522751 0.106592
-4.938177 2.463302 0.106535
-4.976948 2.373661 0.106448
-5.042359 2.352285 0.109484
-5.026093 2.253083 0.106332
-5.068541 2.141541 0.106223
-5.094543 2.070188 0.106153
-5.115944 2.008715 0.106093
-5.141670 1.931529 0.106017
-5.166232 1.853971 0.105940
-5.194394 1.760501 0.105848
-5.203390 1.729230 0.105816
-5.229200 1.635092 0.105722
-5.253557 1.540573 0.105628
-5.276087 1.445608 0.105532
-5.297151 1.350311 0.105435
-5.316375 1.254633 0.105338
-5.336881 1.142644 0.105224
-5.350112 1.062409 0.105141
-5.364338 0.965873 0.105042
-5.380823 0.836826 0.104909
-5.391322 0.739823 0.104808
-5.397324 0.675055 0.104740
-5.400044 0.642647 0.104706
-5.406989 0.545331 0.104604
-5.412433 0.447923 0.104502
-5.416003 0.350431 0.104399
-5.417976 0.252896 0.104295
-5.418354 0.155344 0.104192
-6.691195 -0.673691 0.150389
-6.683493 -0.733555 0.150324
-6.603091 -1.209584 0.149799
-6.505871 -1.620710 0.149340
-6.409117 -1.948781 0.148971
-6.337946 -2.158378 0.148734
-6.310434 -2.234028 0.148648
-6.230212 -2.440354 0.148412
-6.135474 -2.662515 0.148157
-6.102156 -2.735814 0.148073
-6.050529 -2.845002 0.147946
-6.015179 -2.917352 0.147862
-5.951168 -3.042898 0.147716
-5.903942 -3.131800 0.147613
-5.845486 -3.237522 0.147489
-5.805612 -3.307503 0.147407
-5.712781 -3.463156 0.147223
-5.648674 -3.565585 0.147102
-5.615981 -3.616398 0.147042
-5.526495 -3.750400 0.146882
-5.457525 -3.849653 0.146764
-3.442956 -5.743774 0.144376
-3.374111 -5.786082 0.144319
-3.304714 -5.827495 0.144262
-3.234834 -5.868106 0.144206
-3.199717 -5.888110 0.144178
-3.146808 -5.917709 0.144137
-3.075879 -5.956496 0.144083
-2.968643 -6.013139 0.144003
-2.842253 -6.076788 0.143913
-2.751250 -6.120820 0.143850
-2.659531 -6.163377 0.143788
-2.585788 -6.196638 0.143739
-2.511608 -6.228940 0.143691
-2.455714 -6.252576 0.143656
-2.380880 -6.283373 0.143610
-2.324530 -6.305931 0.143576
-2.249030 -6.335101 0.143531
-2.135248 -6.377491 0.143466
-2.097141 -6.391146 0.143444
-2.039820 -6.411187 0.143413
-1.943881 -6.443445 0.143361
-1.847527 -6.474482 0.143311
-1.789488 -6.492412 0.143281
-1.711845 -6.515498 0.143243
-1.672920 -6.526703 0.143224
-1.575314 -6.553703 0.143178
-1.457675 -6.584269 0.143124
-1.339502 -6.612789 0.143073
-1.220829 -6.639252 0.143024
-1.121585 -6.659756 0.142984
-1.041943 -6.674985 0.142954
-0.922200 -6.696385 0.142910
-0.842127 -6.709301 0.142882
-0.761936 -6.721519 0.142855
-0.661468 -6.735309 0.142822
-0.540642 -6.749967 0.142785
-0.480132 -6.756536 0.142767
-0.379143 -6.766234 0.142739
-0.257769 -6.775972 0.142707
-0.136221 -6.783594 0.142678
-0.055111 -6.787498 0.142659
0.046350 -6.790963 0.142638
0.127553 -6.792863 0.142621
0.229097 -6.793733 0.142603
0.350971 -6.792863 0.142582
0.472834 -6.789866 0.142564
0.574353 -6.785773 0.142550
0.655523 -6.781294 0.142541
0.736658 -6.776106 0.142532
0.858237 -6.766296 0.142521
0.959435 -6.756614 0.142514
1.020091 -6.750098 0.142510
1.121054 -6.737980 0.142505
1.241986 -6.721534 0.142502
1.342552 -6.706242 0.142500
1.622898 -6.655558 0.142505
1.742390 -6.630259 0.142511
1.841657 -6.607692 0.142518
2.176585 -6.520024 0.142553
2.215703 -6.508615 0.142559
2.526194 -6.409140 0.142611
3.038829 -6.208625 0.142735
3.498439 -5.987365 0.142892
3.677639 -5.889500 0.142965
4.197308 -5.564891 0.143222
6.065477 -3.663533 0.144934
6.132469 -3.560341 0.145033
6.186933 -3.473464 0.145116
6.229565 -3.403373 0.145184
6.260973 -3.350460 0.145235
6.291968 -3.297300 0.145287
6.322442 -3.243836 0.145339
6.372186 -3.154133 0.145426
6.420700 -3.063749 0.145515
6.477108 -2.954323 0.145622
6.531586 -2.843909 0.145731
6.575449 -2.751145 0.145823
6.626302 -2.638991 0.145934
6.659240 -2.563785 0.146009
6.706820 -2.450181 0.146123
6.737428 -2.373982 0.146199
6.774397 -2.278218 0.146296
6.816934 -2.162602 0.146412
6.857428 -2.046245 0.146530
6.883283 -1.968279 0.146609
6.920344 -1.850766 0.146729
6.955329 -1.732608 0.146849
7.014067 -1.514442 0.147073
7.023983 -1.474572 0.147114
7.047716 -1.374639 0.147217
7.102630 -1.113280 0.147488
7.117504 -1.032452 0.147572
7.131307 -0.951431 0.147657
7.212350 -0.237074 0.148409
7.194150 0.851081 0.149580
7.186020 0.932903 0.149669
7.171759 1.055414 0.149803
7.158340 1.157316 0.149915
7.093555 1.542426 0.150340
7.072900 1.643108 0.150451
7.046196 1.763515 0.150585
6.991766 1.982962 0.150830
6.981102 2.022664 0.150875
6.953395 2.121629 0.150986
6.881052 2.357409 0.151252
6.841772 2.474298 0.151384
6.807496 2.571170 0.151494
6.778954 2.648259 0.151582
6.734635 2.763319 0.151713
6.688218 2.877543 0.151844
6.656084 2.953194 0.151931
6.606406 3.066026 0.152061
6.572027 3.140676 0.152147
6.518985 3.251952 0.152275
6.464025 3.362285 0.152404
6.407166 3.471645 0.152531
6.368041 3.543899 0.152615
6.308033 3.651546 0.152741
6.287575 3.687170 0.152783
6.235493 3.775678 0.152888
6.203664 3.828434 0.152950
6.171321 3.880874 0.153012
6.138569 3.933057 0.153073
6.071544 4.036440 0.153196
6.026021 4.104806 0.153278
5.979601 4.172559 0.153358
5.920440 4.256454 0.153459
5.884395 4.306396 0.153519
4.014745 6.068400 0.155739
3.980216 6.090429 0.155769
3.910779 6.133874 0.155828
3.840844 6.176498 0.155886
3.752726 6.228588 0.155957
3.646023 6.289407 0.156041
3.556287 6.338598 0.156110
3.484049 6.377104 0.156164
3.411335 6.414685 0.156217
3.338141 6.451301 0.156269
3.227702 6.504873 0.156346
3.153503 6.539357 0.156396
3.060267 6.581368 0.156458
3.004039 6.605915 0.156494
2.928729 6.637835 0.156542
2.853015 6.668756 0.156588
2.777038 6.699008 0.156634
2.700679 6.728254 0.156679
2.623990 6.756601 0.156723
2.546946 6.783933 0.156766
2.450286 6.817049 0.156818
2.372604 6.842450 0.156859
2.275113 6.872946 0.156909
2.196809 6.896288 0.156948
2.157559 6.907614 0.156967
2.059154 6.934893 0.157013
1.940584 6.965753 0.157068
1.821512 6.994525 0.157119
1.721934 7.016929 0.157161
1.642026 7.033660 0.157193
1.561981 7.049689 0.157224
1.461653 7.068230 0.157262
1.340943 7.088574 0.157305
1.280472 7.097980 0.157326
1.078374 7.125399 0.157391
0.977067 7.136860 0.157421
0.855318 7.148694 0.157455
0.753728 7.156876 0.157482
0.631707 7.164873 0.157512
0.570654 7.168000 0.157526
0.448496 7.172711 0.157552
0.326297 7.175283 0.157577
0.224460 7.175823 0.157595
0.143006 7.175044 0.157609
0.061570 7.173552 0.157621
-0.040171 7.170175 0.157636
-0.162159 7.164203 0.157651
-0.789294 7.099536 0.157692
-1.308559 7.001949 0.157679
-1.701838 6.900410 0.157639
-2.011625 6.802885 0.157589
-2.240666 6.720276 0.157541
-2.466697 6.629987 0.157484
-2.504041 6.614161 0.157473
-2.670888 6.540257 0.157423
-2.926369 6.416788 0.157336
-3.123402 6.312624 0.157259
-3.264450 6.232850 0.157198
-3.351718 6.181486 0.157158
-3.438147 6.128755 0.157117
-3.557889 6.052949 0.157056
-3.642447 5.997327 0.157012
-3.742761 5.928890 0.156956
-3.841898 5.858795 0.156898
-3.907343 5.811182 0.156859
-5.659710 3.930167 0.155149
-5.713057 3.844590 0.155066
-5.754857 3.775597 0.154999
-5.826030 3.653704 0.154881
-5.885162 3.548167 0.154778
-5.904441 3.512753 0.154744
-5.942383 3.441597 0.154674
-5.988621 3.352039 0.154586
-6.033610 3.261857 0.154497
-6.077237 3.171018 0.154407
-6.136054 3.042801 0.154280
-6.176609 2.950572 0.154188
-6.215665 2.857708 0.154096
-6.260851 2.745591 0.153983
-6.290001 2.670465 0.153908
-6.331819 2.557068 0.153793
-6.371776 2.443013 0.153678
-6.397424 2.366640 0.153601
-6.409861 2.328328 0.153562
-6.428074 2.270720 0.153503
-6.463054 2.155065 0.153385
-6.485260 2.077639 0.153306
-6.516888 1.961039 0.153186
-6.546493 1.843918 0.153066
-6.574065 1.726310 0.152944
-6.595514 1.627963 0.152843
-6.611513 1.549046 0.152761
-6.630458 1.450196 0.152658
-6.647804 1.351059 0.152555
-6.660835 1.271608 0.152472
-6.715437 0.832287 0.152010
-8.784975 -0.043199 0.223618
-8.782604 -0.121367 0.223532
-8.777058 -0.251587 0.223391
-8.771304 -0.355697 0.223277
-8.718324 -0.926615 0.222653
-8.701298 -1.055829 0.222511
-8.690133 -1.133227 0.222427
-8.674260 -1.236277 0.222313
-8.661615 -1.313448 0.222229
-8.638968 -1.441798 0.222088
-8.619554 -1.544243 0.221975
-8.593670 -1.671983 0.221834
-8.571614 -1.773894 0.221722
-8.511366 -2.027514 0.221442
-8.478479 -2.153643 0.221303
-8.450896 -2.254209 0.221191
-8.422159 -2.354454 0.221081
-8.392272 -2.454365 0.220970
-8.361238 -2.553928 0.220859
-8.337248 -2.628377 0.220777
-8.304217 -2.727302 0.220667
-8.287275 -2.776622 0.220612
-8.261297 -2.850407 0.220530
-8.234753 -2.923992 0.220448
-8.189012 -3.046086 0.220312
-8.151186 -3.143296 0.220204
-8.102370 -3.264206 0.220069
-8.072192 -3.336392 0.219988
-8.041460 -3.408346 0.219908
-7.977979 -3.551383 0.219748
-7.923330 -3.669799 0.219616
-7.878343 -3.763943 0.219510
-7.832273 -3.857568 0.219405
-7.773207 -3.973870 0.219274
-7.736912 -4.043216 0.219196
-7.700086 -4.112284 0.219119
-7.637297 -4.226643 0.218990
-7.598887 -4.294855 0.218913
-7.546716 -4.385264 0.218811
-7.520240 -4.430244 0.218760
-7.493505 -4.475073 0.218710
-7.452887 -4.542009 0.218634
-7.411755 -4.608636 0.218559
-7.369984 -4.674869 0.218484
-7.327704 -4.740782 0.218409
-7.299180 -4.784510 0.218359
-7.270404 -4.828074 0.218310
-7.212100 -4.914707 0.218212
-7.182573 -4.957773 0.218163
-7.152798 -5.000669 0.218114
-7.092506 -5.085951 0.218017
-7.046613 -5.149437 0.217945
-7.000231 -5.212573 0.217873
-6.968986 -5.254426 0.217825
-4.930426 -7.229819 0.215532
-4.822776 -7.304384 0.215443
-4.757631 -7.348331 0.215391
-4.626236 -7.434600 0.215288
-4.559995 -7.476916 0.215237
-4.515614 -7.504788 0.215203
-4.471070 -7.532406 0.215170
-4.381500 -7.586872 0.215104
-4.336476 -7.613719 0.215072
-4.245907 -7.666550 0.215008
-4.131926 -7.731285 0.214930
-4.040037 -7.781847 0.214868
-3.947558 -7.831351 0.214808
-3.854500 -7.879790 0.214748
-3.760876 -7.927157 0.214690
-3.690311 -7.962008 0.214647
-3.548188 -8.029722 0.214563
-3.452852 -8.073650 0.214509
-3.332891 -8.126865 0.214442
-3.236372 -8.168220 0.214390
-3.115058 -8.218382 0.214327
-3.041892 -8.247582 0.214290
-2.943955 -8.285580 0.214242
-2.845571 -8.322447 0.214194
-2.746753 -8.358179 0.214149
-2.622651 -8.401274 0.214093
-2.547865 -8.426213 0.214060
-2.447821 -8.458507 0.214018
-2.246600 -8.519621 0.213937
-1.967631 -8.596074 0.213834
-1.763206 -8.646067 0.213765
-1.634832 -8.674870 0.213724
-1.557614 -8.691320 0.213701
-1.506046 -8.701891 0.213686
-1.428567 -8.717149 0.213663
-1.350964 -8.731809 0.213642
-1.273213 -8.745720 0.213621
-1.169357 -8.763268 0.213595
-1.065288 -8.779613 0.213569
-0.934929 -8.798385 0.213540
-0.856567 -8.808681 0.213523
-0.751943 -8.821400 0.213501
-0.647161 -8.832904 0.213481
-0.542237 -8.843194 0.213463
-0.437183 -8.852266 0.213445
-0.332014 -8.860119 0.213429
-0.253073 -8.865245 0.213418
-0.147736 -8.870961 0.213404
-0.068680 -8.874406 0.213394
0.036781 -8.877979 0.213383
0.142293 -8.880328 0.213373
0.221451 -8.881322 0.213366
0.353415 -8.881344 0.213356
0.458996 -8.880010 0.213350
0.564572 -8.877449 0.213345
0.643742 -8.874761 0.213343
0.749275 -8.870050 0.213340
0.828393 -8.865672 0.213339
0.933838 -8.858812 0.213339
1.590720 -8.788181 0.213368
1.669191 -8.776449 0.213375
1.773676 -8.759788 0.213386
1.851926 -8.746531 0.213395
1.904028 -8.737286 0.213401
2.034052 -8.712807 0.213418
2.137830 -8.691887 0.213433
2.241374 -8.669756 0.213450
2.318877 -8.652402 0.213463
2.447702 -8.621867 0.213487
2.524805 -8.602703 0.213502
2.576112 -8.589526 0.213513
2.652924 -8.569161 0.213530
2.780585 -8.533821 0.213559
2.856925 -8.511661 0.213577
2.958434 -8.481122 0.213603
3.034349 -8.457476 0.213623
3.160394 -8.416484 0.213659
3.260819 -8.382393 0.213689
3.335895 -8.356090 0.213712
3.460487 -8.310686 0.213752
3.559703 -8.273079 0.213786
3.633846 -8.244146 0.213812
3.732300 -8.204507 0.213848
4.525923 -7.833888 0.214193
4.643015 -7.771113 0.214253
4.736021 -7.719627 0.214302
4.782302 -7.693474 0.214327
4.851421 -7.653699 0.214366
4.920235 -7.613382 0.214404
4.965903 -7.586144 0.214431
5.034092 -7.544749 0.214471
5.101963 -7.502820 0.214511
5.169429 -7.460223 0.214553
5.236567 -7.417098 0.214595
5.281104 -7.387995 0.214623
5.347573 -7.343817 0.214666
5.435628 -7.284043 0.214725
5.522990 -7.223233 0.214785
5.652704 -7.130090 0.214877
7.717422 -5.027341 0.217012
7.897269 -4.761962 0.217287
8.553769 -3.568264 0.218537
8.586776 -3.495105 0.218614
8.640254 -3.372481 0.218743
8.681766 -3.273826 0.218847
8.731958 -3.149795 0.218978
8.780444 -3.025073 0.219110
8.897749 -2.697483 0.219458
9.009923 -2.339849 0.219838
9.039256 -2.236832 0.219948
9.060420 -2.159331 0.220031
9.087622 -2.055719 0.220141
9.113602 -1.951787 0.220252
9.144388 -1.821454 0.220392
9.161876 -1.743023 0.220476
9.184164 -1.638219 0.220588
9.205214 -1.533154 0.220701
9.225024 -1.427843 0.220814
9.239104 -1.348713 0.220899
9.252407 -1.269446 0.220984
9.269102 -1.163583 0.221097
9.288254 -1.030989 0.221240
9.295350 -0.977870 0.221297
9.302133 -0.924710 0.221355
9.311679 -0.844889 0.221441
9.323361 -0.738339 0.221556
9.331335 -0.658341 0.221642
9.340815 -0.551565 0.221757
9.347056 -0.471408 0.221844
9.354326 -0.364454 0.221959
9.360332 -0.257417 0.222075
9.364048 -0.177097 0.222162
9.368553 -0.043160 0.222307
9.370765 0.064030 0.222424
9.371711 0.171242 0.222540
9.371629 0.251655 0.222628
9.370756 0.332065 0.222715
9.367823 0.466059 0.222861
9.365050 0.546429 0.222948
9.360299 0.653548 0.223065
9.354282 0.760604 0.223182
9.348981 0.840850 0.223269
9.340753 0.947761 0.223386
9.333714 1.027874 0.223474
9.323277 1.134593 0.223590
9.311582 1.241182 0.223707
9.295233 1.374217 0.223853
9.284418 1.453909 0.223940
9.268953 1.560017 0.224056
9.252236 1.665934 0.224173
9.238917 1.745245 0.224260
9.220015 1.850793 0.224376
9.210096 1.903481 0.224434
9.199866 1.956110 0.224492
9.183902 2.034928 0.224578
9.161583 2.139803 0.224694
9.131984 2.270522 0.224838
9.113237 2.348722 0.224924
9.087217 2.452735 0.225039
9.059972 2.556432 0.225154
9.024235 2.685597 0.225297
9.009392 2.737107 0.225354
8.994246 2.788528 0.225411
8.970919 2.865477 0.225496
8.946989 2.942239 0.225581
8.913976 3.044233 0.225694
8.897019 3.095081 0.225751
8.870985 3.171149 0.225835
8.844353 3.247008 0.225920
8.807752 3.347759 0.226032
8.789006 3.397969 0.226088
8.760297 3.473059 0.226171
8.721036 3.572794 0.226283
8.680602 3.672054 0.226393
8.639001 3.770826 0.226504
8.607074 3.844592 0.226586
8.552321 3.966849 0.226723
8.518665 4.039834 0.226805
8.495846 4.088311 0.226859
8.461048 4.160752 0.226940
8.413703 4.256875 0.227048
8.365232 4.352427 0.227155
8.315637 4.447396 0.227262
8.264930 4.541767 0.227368
8.213114 4.635527 0.227474
8.146743 4.751817 0.227605
8.065010 4.890136 0.227761
8.023153 4.958695 0.227838
7.952143 5.072176 0.227967
7.923260 5.117262 0.228018
7.894113 5.162176 0.228069
7.834942 5.251420 0.228170
7.759674 5.362085 0.228296
7.713736 5.427944 0.228371
7.682768 5.471605 0.228420
7.651544 5.515081 0.228470
7.556266 5.644321 0.228617
7.458896 5.771970 0.228763
5.401776 7.702497 0.231008
5.313198 7.762036 0.231080
5.268651 7.791412 0.231115
5.223936 7.820523 0.231150
5.156529 7.863659 0.231201
5.066104 7.920285 0.231269
4.975031 7.975838 0.231336
4.906329 8.016828 0.231386
4.837236 8.057138 0.231435
4.767836 8.096904 0.231483
4.721367 8.123048 0.231514
4.651364 8.161716 0.231562
4.581068 8.199830 0.231608
4.534009 8.224870 0.231639
4.486808 8.249631 0.231669
4.391984 8.298316 0.231729
4.344363 8.322238 0.231758
4.272660 8.357557 0.231802
4.128393 8.426356 0.231887
4.031567 8.470798 0.231942
3.909847 8.524777 0.232009
3.836426 8.556244 0.232049
3.762769 8.587132 0.232088
3.639390 8.637066 0.232151
3.540196 8.675731 0.232200
3.465529 8.703998 0.232236
3.340525 8.749542 0.232295
3.240076 8.784680 0.232340
3.164494 8.810292 0.232373
3.038021 8.851398 0.232427
2.936444 8.882969 0.232469
2.834519 8.913346 0.232509
2.732261 8.942521 0.232548
2.629683 8.970492 0.232586
2.552558 8.990717 0.232614
2.371935 9.035135 0.232675
2.268353 9.058870 0.232708
2.164516 9.081388 0.232740
2.086486 9.097512 0.232763
1.956134 9.122760 0.232800
1.851619 9.141611 0.232828
1.746907 9.159236 0.232855
1.615767 9.179578 0.232886
1.536950 9.190800 0.232904
-0.629922 9.229618 0.233103
-0.735097 9.218264 0.233098
-0.840115 9.205690 0.233092
-1.258340 9.143215 0.233054
-1.336387 9.129380 0.233045
-1.440232 9.109827 0.233031
-1.672933 9.061399 0.232995
-1.827287 9.025773 0.232968
-1.904221 9.006992 0.232953
-2.032024 8.974110 0.232926
-2.159330 8.939453 0.232898
-2.235438 8.917719 0.232880
-2.336615 8.887762 0.232855
-2.412267 8.864563 0.232835
-2.537843 8.824346 0.232800
-2.637866 8.790898 0.232771
-2.712628 8.765090 0.232748
-2.836667 8.720545 0.232709
-2.935417 8.683650 0.232676
-3.009200 8.655269 0.232651
-3.107154 8.616387 0.232615
-3.155954 8.596523 0.232597
-3.228914 8.566165 0.232570
-3.325785 8.524755 0.232532
-3.398125 8.493000 0.232502
-3.470145 8.460552 0.232472
-3.589569 8.405184 0.232421
-3.660795 8.371084 0.232389
-3.731748 8.336439 0.232356
-3.849261 8.277249 0.232301
-3.942644 8.228711 0.232255
-4.058569 8.166566 0.232195
-4.127648 8.128428 0.232159
-4.196423 8.089762 0.232122
-4.264812 8.050438 0.232084
-4.332890 8.010592 0.232046
-4.445503 7.942795 0.231980
-4.512619 7.901395 0.231940
-4.623600 7.831030 0.231872
-4.689720 7.788100 0.231830
-4.777255 7.729936 0.231773
-4.820764 7.700478 0.231744
-4.864099 7.670771 0.231715
-4.950240 7.610614 0.231656
-4.993042 7.580166 0.231626
-5.035666 7.549473 0.231596
-5.141405 7.471647 0.231519
-5.204332 7.424275 0.231472
-5.266793 7.376304 0.231424
-7.259357 5.239184 0.229246
-7.302686 5.173759 0.229178
-7.373548 5.063852 0.229064
-7.442746 4.952911 0.228948
-7.497149 4.863582 0.228855
-7.523898 4.818649 0.228808
-7.576612 4.728331 0.228714
-7.602577 4.682950 0.228667
-7.666301 4.568841 0.228547
-7.728347 4.453828 0.228427
-7.776917 4.361262 0.228330
-7.800755 4.314751 0.228281
-7.824323 4.268106 0.228232
-7.981705 3.937958 0.227885
-8.013651 3.866403 0.227809
-8.055325 3.770599 0.227708
-8.085889 3.698454 0.227632
-8.115757 3.626024 0.227555
-8.164235 3.504790 0.227427
-8.183122 3.456101 0.227376
-8.201726 3.407307 0.227324
-8.220050 3.358408 0.227272
-8.264588 3.235702 0.227142
-8.290517 3.161801 0.227064
-8.307424 3.112405 0.227011
-8.332214 3.038122 0.226932
-8.364316 2.938772 0.226827
-8.387675 2.864036 0.226747
-8.402865 2.814097 0.226694
-8.417768 2.764072 0.226641
-8.453723 2.638641 0.226507
-8.481215 2.537947 0.226400
-8.507546 2.436950 0.226292
-8.532712 2.335664 0.226184
-8.556712 2.234100 0.226075
-8.573979 2.157762 0.225993
-8.595929 2.055746 0.225884
-8.606462 2.004647 0.225829
-8.621675 1.927883 0.225747
-8.636298 1.851007 0.225665
-8.645655 1.799685 0.225610
-8.667714 1.671152 0.225472
-8.684060 1.568115 0.225361
-8.695579 1.490727 0.225278
-8.702862 1.439078 0.225222
-8.716537 1.335664 0.225111
-8.725976 1.258002 0.225027
-8.737569 1.154341 0.224915
-8.745518 1.076518 0.224831
-8.757176 0.946665 0.224691
-8.765188 0.842678 0.224579
-8.772005 0.738608 0.224466
-8.776371 0.660512 0.224382
-8.782051 0.530278 0.224240
-8.784620 0.452107 0.224156
-8.786442 0.373917 0.224071
-8.787664 0.295716 0.223986
-8.788105 0.165370 0.223844
-8.786869 0.048068 0.223721
-12.388861 -0.078948 0.351539
-12.386503 -0.170350 0.351432
-12.384108 -0.243429 0.351351
-12.379680 -0.353015 0.351230
-12.374418 -0.462563 0.351109
-12.370354 -0.535565 0.351028
-12.363425 -0.645018 0.350907
-12.355662 -0.754413 0.350787
-12.349933 -0.827302 0.350707
-12.340507 -0.936565 0.350586
-12.330248 -1.045752 0.350466
-12.318951 -1.154837 0.350346
-12.306824 -1.263832 0.350227
-12.298186 -1.336431 0.350147
-12.284400 -1.445229 0.350028
-12.269787 -1.553918 0.349909
-12.254140 -1.662464 0.349790
-12.237667 -1.770887 0.349672
-12.226135 -1.843084 0.349593
-12.208013 -1.951246 0.349475
-12.189068 -2.059267 0.349357
-12.175890 -2.131183 0.349279
-12.155302 -2.238905 0.349162
-12.133894 -2.346468 0.349045
-12.111464 -2.453824 0.348929
-12.088215 -2.561008 0.348812
-12.072172 -2.632345 0.348735
-12.047295 -2.739165 0.348619
-12.021604 -2.845794 0.348504
-12.003935 -2.916750 0.348427
-11.985861 -2.987604 0.348351
-11.967382 -3.058355 0.348274
-11.938857 -3.164270 0.348160
-11.909526 -3.269966 0.348046
-11.889434 -3.340281 0.347971
-11.858495 -3.445524 0.347857
-11.826755 -3.550530 0.347745
-11.805059 -3.620373 0.347669
-11.782967 -3.690093 0.347595
-11.760476 -3.759686 0.347520
-11.725945 -3.863819 0.347409
-11.690619 -3.967690 0.347298
-11.666542 -4.036758 0.347224
-11.629637 -4.140085 0.347113
-11.591945 -4.243132 0.347003
-11.553271 -4.345819 0.346894
-11.513814 -4.448213 0.346785
-11.473382 -4.550231 0.346676
-11.432175 -4.651943 0.346569
-11.404183 -4.719542 0.346497
-11.375808 -4.786983 0.346425
-11.347045 -4.854262 0.346354
-11.317898 -4.921378 0.346283
-11.288367 -4.988328 0.346212
-11.258452 -5.055111 0.346141
-11.228156 -5.121725 0.346071
-11.197478 -5.188166 0.346001
-11.166420 -5.254433 0.345931
-11.119075 -5.353481 0.345827
-11.070972 -5.452169 0.345723
-11.021930 -5.550402 0.345620
-10.972138 -5.648263 0.345517
-10.921412 -5.745651 0.345415
-10.869943 -5.842655 0.345313
-10.835135 -5.907065 0.345246
-10.799958 -5.971278 0.345179
-10.746459 -6.067197 0.345079
-10.692225 -6.162711 0.344979
-10.637080 -6.257710 0.344880
-10.581208 -6.352293 0.344782
-10.524434 -6.446346 0.344684
-10.466939 -6.539969 0.344587
-10.428133 -6.602095 0.344523
-10.388968 -6.664000 0.344459
-10.329512 -6.756414 0.344363
-10.269349 -6.848378 0.344268
-10.228771 -6.909383 0.344205
-10.187842 -6.970159 0.344143
-10.125751 -7.060858 0.344050
-10.062964 -7.151087 0.343957
-10.020647 -7.210923 0.343896
-9.977984 -7.270519 0.343834
-9.934979 -7.329873 0.343774
-9.891633 -7.388984 0.343713
-9.847946 -7.447848 0.343653
-9.803920 -7.506466 0.343593
-9.759557 -7.564833 0.343534
-9.714858 -7.622949 0.343475
-7.203553 -10.080940 0.341046
-7.144281 -10.124537 0.341005
-7.084754 -10.167796 0.340964
-7.024975 -10.210715 0.340923
-6.934806 -10.274414 0.340863
-6.844141 -10.337426 0.340804
-6.783370 -10.378975 0.340765
-6.722355 -10.420177 0.340727
-6.661100 -10.461033 0.340689
-6.568739 -10.521616 0.340633
-6.475905 -10.581495 0.340577
-6.413705 -10.620945 0.340541
-6.351273 -10.660040 0.340505
-6.288611 -10.698778 0.340470
-6.225721 -10.737160 0.340434
-6.162606 -10.775182 0.340400
-6.067488 -10.831493 0.340349
-5.971929 -10.887080 0.340298
-5.907932 -10.923654 0.340265
-5.843720 -10.959861 0.340233
-5.779294 -10.995702 0.340201
-5.714657 -11.031175 0.340169
-5.649811 -11.066278 0.340138
-5.552129 -11.118191 0.340092
-5.454038 -11.169359 0.340047
-5.355445 -11.219592 0.340003
-5.256456 -11.269072 0.339960
-5.156981 -11.317608 0.339918
-5.057123 -11.365384 0.339877
-4.990299 -11.396727 0.339850
-4.923290 -11.427688 0.339824
-4.856095 -11.458263 0.339798
-4.788720 -11.488456 0.339773
-4.721164 -11.518261 0.339748
-4.653432 -11.547681 0.339723
-4.585524 -11.576712 0.339699
-4.517442 -11.605353 0.339675
-4.449191 -11.633605 0.339652
-4.346476 -11.675200 0.339618
-4.243431 -11.716008 0.339585
-4.139980 -11.755831 0.339554
-4.036212 -11.794863 0.339523
-3.966825 -11.820354 0.339503
-3.862440 -11.857796 0.339474
-3.757755 -11.894436 0.339445
-3.652705 -11.930075 0.339419
-3.547368 -11.964909 0.339392
-3.476957 -11.987593 0.339376
-3.406409 -12.009872 0.339359
-3.335725 -12.031747 0.339344
-3.264909 -12.053215 0.339328
-3.158425 -12.084602 0.339306
-3.051687 -12.115171 0.339285
-2.944641 -12.144718 0.339265
-2.837355 -12.173443 0.339246
-2.765675 -12.192043 0.339234
-2.657928 -12.219118 0.339217
-2.549960 -12.245365 0.339201
-2.441724 -12.270576 0.339186
-2.333281 -12.294954 0.339172
-2.260852 -12.310651 0.339163
-2.152014 -12.333360 0.339151
-2.042988 -12.355232 0.339140
-1.970183 -12.369254 0.339133
-1.860801 -12.389447 0.339124
-1.751249 -12.408798 0.339115
-1.641496 -12.427095 0.339108
-1.531589 -12.444546 0.339102
-1.458218 -12.455615 0.339098
-1.348022 -12.471372 0.339094
-1.237690 -12.486279 0.339091
-1.164050 -12.495649 0.339089
-1.053468 -12.508854 0.339088
-0.942771 -12.521204 0.339087
-0.868900 -12.528869 0.339088
-0.757992 -12.539511 0.339089
-0.646988 -12.549297 0.339092
-0.572925 -12.555248 0.339094
-0.461750 -12.563319 0.339098
-0.350498 -12.570530 0.339104
-0.239161 -12.576666 0.339110
-0.127762 -12.581941 0.339118
-0.053460 -12.584884 0.339124
0.058040 -12.588435 0.339133
0.169582 -12.591124 0.339143
0.243967 -12.592341 0.339151
0.355571 -12.593303 0.339163
0.467196 -12.593400 0.339177
0.541623 -12.592890 0.339186
0.653270 -12.591257 0.339201
0.764919 -12.588758 0.339218
0.839348 -12.586517 0.339229
0.950979 -12.582288 0.339247
1.062591 -12.577193 0.339266
1.136982 -12.573219 0.339279
1.248536 -12.566392 0.339300
1.360050 -12.558700 0.339322
1.434363 -12.552993 0.339338
1.545779 -12.543569 0.339361
1.657136 -12.533278 0.339386
1.731330 -12.525841 0.339403
1.842548 -12.513819 0.339430
1.953686 -12.500934 0.339458
2.027721 -12.491766 0.339477
2.138680 -12.477151 0.339507
2.249540 -12.461673 0.339537
2.360265 -12.445117 0.339569
2.470875 -12.427697 0.339601
2.544534 -12.415509 0.339624
2.618130 -12.402892 0.339647
2.691659 -12.389844 0.339670
2.765119 -12.376367 0.339694
2.838508 -12.362458 0.339718
2.948442 -12.340739 0.339755
3.058221 -12.318161 0.339794
3.131299 -12.302539 0.339820
3.240747 -12.278249 0.339860
3.350019 -12.253104 0.339901
3.459063 -12.226894 0.339943
3.567916 -12.199831 0.339986
3.640353 -12.181223 0.340016
3.748804 -12.152461 0.340061
3.857045 -12.122850 0.340106
3.929061 -12.102546 0.340138
4.036860 -12.071244 0.340185
4.144428 -12.039098 0.340234
4.215982 -12.017106 0.340267
4.287415 -11.994694 0.340301
4.358723 -11.971863 0.340334
4.429905 -11.948612 0.340369
4.536419 -11.912900 0.340421
4.642666 -11.876353 0.340475
4.748573 -11.838766 0.340529
4.854198 -11.800347 0.340584
4.959464 -11.760894 0.340641
5.064435 -11.720615 0.340698
5.134214 -11.693213 0.340737
5.238574 -11.651288 0.340796
5.342619 -11.608543 0.340856
5.446262 -11.564779 0.340917
5.549574 -11.520200 0.340979
5.652466 -11.474606 0.341042
5.755013 -11.428202 0.341106
5.857122 -11.380791 0.341171
5.958871 -11.332578 0.341237
6.060164 -11.283364 0.341304
6.161083 -11.233353 0.341371
6.261527 -11.182348 0.341440
6.361583 -11.130553 0.341510
6.461146 -11.077774 0.341580
6.560308 -11.024209 0.341651
6.658959 -10.969668 0.341724
6.757194 -10.914350 0.341797
6.854901 -10.858062 0.341871
6.952178 -10.801004 0.341947
7.048909 -10.742988 0.342023
7.145196 -10.684208 0.342100
7.240921 -10.624478 0.342177
7.367789 -10.543579 0.342282
7.462358 -10.481965 0.342362
7.525090 -10.440392 0.342416
7.587582 -10.398446 0.342470
7.649834 -10.356129 0.342525
7.711841 -10.313442 0.342579
7.773603 -10.270389 0.342635
7.835118 -10.226967 0.342690
7.896382 -10.183181 0.342746
7.957394 -10.139030 0.342803
8.048401 -10.072082 0.342888
8.138893 -10.004411 0.342974
8.198874 -9.958821 0.343032
10.685252 -7.442407 0.346126
10.752663 -7.351095 0.346235
10.819359 -7.259245 0.346345
10.863343 -7.197657 0.346419
10.906967 -7.135805 0.346493
10.971676 -7.042505 0.346604
11.035654 -6.948689 0.346716
11.077816 -6.885805 0.346791
11.119609 -6.822667 0.346866
11.161031 -6.759278 0.346942
11.222417 -6.663700 0.347055
11.283054 -6.567631 0.347169
11.322977 -6.503262 0.347245
11.362521 -6.438653 0.347322
11.421076 -6.341267 0.347437
11.478867 -6.243412 0.347553
11.535696 -6.144982 0.347669
11.591752 -6.046097 0.347786
11.646837 -5.946653 0.347903
11.701139 -5.846768 0.348020
11.754460 -5.746341 0.348138
11.806991 -5.645488 0.348256
11.858530 -5.544111 0.348375
11.909272 -5.442322 0.348494
11.959011 -5.340026 0.348614
12.007946 -5.237332 0.348734
12.040030 -5.168608 0.348814
12.071709 -5.099691 0.348895
12.102980 -5.030583 0.348975
12.133843 -4.961288 0.349056
12.179319 -4.856975 0.349177
12.223973 -4.752297 0.349299
12.267596 -4.647174 0.349421
12.310390 -4.541701 0.349543
12.352144 -4.435802 0.349666
12.393062 -4.329568 0.349789
12.419783 -4.258527 0.349871
12.459023 -4.151644 0.349994
12.497419 -4.044448 0.350118
12.534759 -3.936868 0.350242
12.571249 -3.828989 0.350366
12.595008 -3.756875 0.350449
12.629792 -3.648418 0.350574
12.663719 -3.539683 0.350698
12.685765 -3.467012 0.350782
12.717973 -3.357741 0.350907
12.749318 -3.248212 0.351032
12.779581 -3.138370 0.351158
12.808975 -3.028286 0.351284
12.827992 -2.954740 0.351368
12.855644 -2.844192 0.351494
12.882423 -2.733423 0.351620
12.899693 -2.659434 0.351705
12.924717 -2.548244 0.351831
12.948863 -2.436853 0.351958
12.964375 -2.362464 0.352042
12.986757 -2.250694 0.352169
13.008255 -2.138746 0.352296
13.021997 -2.063998 0.352381
13.041724 -1.951713 0.352508
13.060560 -1.839270 0.352635
13.072526 -1.764208 0.352720
13.089582 -1.651472 0.352847
13.105746 -1.538600 0.352974
13.115928 -1.463265 0.353059
13.130304 -1.350142 0.353187
13.143786 -1.236905 0.353314
13.152176 -1.161342 0.353399
13.163863 -1.047897 0.353526
13.174652 -0.934360 0.353654
13.181246 -0.858611 0.353739
13.190237 -0.744909 0.353866
13.198328 -0.631137 0.353993
13.203120 -0.555246 0.354078
13.209409 -0.441353 0.354206
13.214795 -0.327412 0.354333
13.217784 -0.251422 0.354418
13.220323 -0.175415 0.354502
13.223226 -0.061375 0.354629
13.225226 0.052687 0.354756
13.225959 0.128738 0.354841
13.226152 0.242822 0.354968
13.225443 0.356906 0.355094
13.224367 0.432957 0.355179
13.221850 0.547019 0.355305
13.218431 0.661060 0.355431
13.215549 0.737068 0.355515
13.210322 0.851043 0.355641
13.204193 0.964974 0.355767
13.199506 1.040895 0.355851
13.191573 1.154717 0.355976
13.182738 1.268473 0.356102
13.176249 1.344263 0.356185
13.165613 1.457866 0.356310
13.154078 1.571383 0.356435
13.145787 1.646998 0.356518
13.132456 1.760318 0.356642
13.118226 1.873529 0.356766
13.108143 1.948926 0.356849
13.092122 2.061897 0.356972
13.075207 2.174737 0.357095
13.063334 2.249872 0.357177
13.044634 2.362430 0.357300
13.025043 2.474834 0.357423
13.011388 2.549665 0.357504
12.990019 2.661744 0.357626
12.967763 2.773648 0.357748
12.952334 2.848131 0.357829
12.928310 2.959666 0.357950
12.903402 3.071007 0.358070
12.886209 3.145099 0.358151
12.859542 3.256027 0.358271
12.831998 3.366739 0.358390
12.813051 3.440398 0.358470
12.783757 3.550655 0.358589
12.753592 3.660675 0.358707
12.732903 3.733858 0.358786
12.711779 3.806916 0.358865
12.690221 3.879846 0.358943
12.668232 3.952646 0.359021
12.634384 4.061577 0.359138
12.599677 4.170234 0.359255
12.575966 4.242485 0.359332
12.539544 4.350572 0.359448
12.502269 4.458364 0.359563
12.476851 4.530025 0.359640
12.437876 4.637207 0.359754
12.398055 4.744073 0.359868
12.357180 4.850536 0.359981
12.315465 4.956667 0.360094
12.272704 5.062375 0.360207
12.229110 5.167738 0.360318
12.199492 5.237745 0.360393
12.154239 5.342396 0.360503
12.108161 5.446681 0.360614
12.061056 5.550499 0.360723
12.013133 5.653936 0.360832
11.964191 5.756889 0.360941
11.914439 5.859446 0.361049
11.863680 5.961500 0.361156
11.812115 6.063144 0.361263
11.759552 6.164266 0.361369
11.706194 6.264965 0.361474
11.651845 6.365124 0.361579
11.596710 6.464844 0.361683
11.540595 6.564007 0.361787
11.483701 6.662718 0.361889
11.425838 6.760854 0.361991
11.367204 6.858524 0.362093
11.327603 6.923322 0.362160
11.287621 6.987881 0.362227
11.247259 7.052199 0.362294
11.206518 7.116274 0.362360
11.165401 7.180103 0.362426
11.123906 7.243683 0.362492
11.060918 7.338553 0.362589
10.975695 7.464198 0.362719
10.910856 7.557788 0.362815
10.845101 7.650725 0.362910
10.778618 7.743134 0.363005
10.733813 7.804382 0.363068
10.688649 7.865361 0.363130
10.643128 7.926068 0.363192
10.597250 7.986501 0.363253
10.551017 8.046658 0.363315
10.504432 8.106536 0.363376
10.457496 8.166133 0.363436
10.410209 8.225449 0.363496
10.362576 8.284478 0.363556
7.735484 10.724174 0.365951
7.642173 10.788572 0.366011
7.548246 10.852042 0.366070
7.453834 10.914762 0.366128
7.358823 10.976544 0.366186
7.263340 11.037569 0.366242
7.199375 11.077746 0.366279
7.135179 11.117541 0.366316
7.038431 11.176468 0.366369
6.941234 11.234627 0.366422
6.876141 11.272883 0.366457
6.810829 11.310753 0.366491
6.745301 11.348232 0.366525
6.679560 11.385323 0.366558
6.613607 11.422021 0.366591
6.547445 11.458327 0.366623
6.481077 11.494240 0.366655
6.414505 11.529757 0.366687
6.347730 11.564878 0.366718
6.280756 11.599603 0.366748
6.213585 11.633928 0.366778
6.146220 11.667855 0.366808
6.044788 11.717943 0.366851
5.942980 11.767228 0.366894
5.874860 11.799547 0.366922
5.806558 11.831461 0.366949
5.738076 11.862969 0.366976
5.669416 11.894072 0.367002
5.600581 11.924766 0.367028
5.531574 11.955051 0.367053
5.462396 11.984928 0.367078
5.358295 12.028922 0.367114
5.253867 12.072093 0.367150
5.149038 12.114230 0.367184
5.043895 12.155540 0.367217
4.973595 12.182525 0.367239
4.903146 12.209095 0.367260
4.832548 12.235248 0.367280
4.761805 12.260981 0.367301
4.690919 12.286297 0.367320
4.619894 12.311193 0.367339
4.548730 12.335669 0.367358
4.441715 12.371541 0.367385
4.334437 12.406569 0.367411
4.262748 12.429357 0.367428
4.154965 12.462690 0.367452
4.046940 12.495175 0.367475
3.938620 12.526597 0.367497
3.830074 12.557165 0.367518
3.757562 12.576974 0.367531
3.684943 12.596356 0.367544
3.612219 12.615309 0.367556
3.539393 12.633833 0.367568
3.466468 12.651929 0.367579
3.356886 12.678211 0.367595
3.247119 12.703632 0.367610
3.137128 12.727974 0.367624
3.026966 12.751454 0.367637
2.953415 12.766531 0.367645
2.842931 12.788279 0.367656
2.732297 12.809160 0.367666
2.658445 12.822503 0.367672
2.547531 12.841648 0.367680
2.436487 12.859924 0.367686
2.362375 12.871528 0.367690
2.251092 12.888062 0.367695
2.139699 12.903727 0.367699
2.065369 12.913589 0.367702
1.953779 12.927507 0.367704
1.842100 12.940553 0.367705
1.767593 12.948668 0.367705
1.655757 12.959967 0.367704
1.543854 12.970392 0.367702
1.469210 12.976760 0.367700
1.357191 12.985435 0.367696
1.245125 12.993237 0.367691
1.170387 12.997855 0.367688
1.058246 13.003908 0.367681
0.946079 13.009085 0.367673
0.871287 13.011954 0.367667
0.759087 13.015382 0.367658
0.646880 13.017937 0.367647
0.572076 13.019057 0.367639
0.459877 13.019864 0.367627
0.347692 13.019796 0.367613
0.272916 13.019170 0.367603
0.160781 13.017358 0.367588
0.048680 13.014674 0.367572
-0.026027 13.012303 0.367560
-0.138039 13.007877 0.367542
-0.249995 13.002581 0.367522
-0.361874 12.996197 0.367502
-0.473682 12.988945 0.367480
-0.548170 12.983532 0.367465
-0.659817 12.974546 0.367442
-0.771375 12.964694 0.367417
-0.845682 12.957550 0.367401
-0.957039 12.945969 0.367374
-1.068285 12.933526 0.367347
-1.142371 12.924657 0.367328
-1.253376 12.910491 0.367299
-1.364251 12.895468 0.367269
-1.438077 12.884879 0.367249
-1.548671 12.868141 0.367217
-1.659115 12.850549 0.367184
-1.732641 12.838251 0.367162
-1.842765 12.818953 0.367127
-1.952718 12.798803 0.367091
-2.062451 12.777594 0.367055
-2.171999 12.755537 0.367017
-2.244904 12.740270 0.366991
-2.354063 12.716525 0.366952
-2.463018 12.691938 0.366911
-2.535515 12.674987 0.366884
-2.644043 12.648723 0.366842
-2.752347 12.621623 0.366798
-2.824397 12.603002 0.366769
-2.896330 12.583963 0.366739
-2.968142 12.564509 0.366709
-3.039833 12.544641 0.366678
-3.147117 12.514012 0.366632
-3.254145 12.482559 0.366584
-3.360843 12.450078 0.366535
-3.467270 12.416778 0.366485
-3.538038 12.394032 0.366451
-3.643905 12.359099 0.366400
-3.749483 12.323355 0.366347
-3.854691 12.286598 0.366294
-3.959595 12.249035 0.366240
-4.029326 12.223456 0.366203
-4.098899 12.197476 0.366166
-4.168313 12.171098 0.366128
-4.237565 12.144320 0.366090
-4.306652 12.117144 0.366051
-4.375573 12.089571 0.366012
-4.444326 12.061603 0.365973
-4.547112 12.018861 0.365913
-4.649549 11.975333 0.365853
-4.751543 11.930828 0.365791
-4.853175 11.885543 0.365728
-4.954346 11.839288 0.365665
-5.055143 11.792260 0.365601
-5.155463 11.744271 0.365535
-5.255395 11.695517 0.365469
-5.354834 11.645810 0.365402
-5.453872 11.595345 0.365334
-5.552402 11.543938 0.365265
-5.650517 11.491778 0.365195
-5.748108 11.438687 0.365125
-5.845273 11.384853 0.365053
-5.941897 11.330094 0.364981
-6.038082 11.274601 0.364908
-6.101911 11.237118 0.364858
-6.165514 11.199270 0.364808
-6.260465 11.141774 0.364733
-6.354958 11.083557 0.364657
-6.448869 11.024444 0.364580
-6.542308 10.964617 0.364503
-6.604284 10.924260 0.364450
-6.666020 10.883550 0.364398
-6.758137 10.821783 0.364318
-6.849764 10.759316 0.364238
-6.910518 10.717210 0.364184
-6.971022 10.674758 0.364129
-7.031274 10.631962 0.364074
-7.091271 10.588822 0.364019
-7.151013 10.545343 0.363964
-7.210497 10.501524 0.363908
-7.269721 10.457367 0.363852
-7.328683 10.412874 0.363795
-7.387383 10.368047 0.363738
-7.445817 10.322886 0.363681
-7.532932 10.254481 0.363595
-7.648185 10.162180 0.363478
-7.733942 10.092139 0.363390
-10.076204 7.557655 0.360294
-10.139007 7.467047 0.360185
-10.221573 7.345457 0.360040
-10.282616 7.253687 0.359931
-10.342770 7.161350 0.359821
-10.421784 7.037489 0.359674
-10.480147 6.944042 0.359563
-10.537608 6.850053 0.359452
-10.594342 6.755636 0.359341
-10.650166 6.660693 0.359228
-10.723375 6.533413 0.359078
-10.777361 6.437444 0.358965
-10.830422 6.340974 0.358852
-10.882739 6.244111 0.358738
-10.934123 6.146763 0.358623
-10.984757 6.049035 0.358509
-11.034450 5.950837 0.358394
-11.083387 5.852273 0.358278
-11.131377 5.753256 0.358163
-11.178604 5.653883 0.358047
-11.224876 5.554075 0.357930
-11.314923 5.353355 0.357696
-11.358692 5.252457 0.357579
-11.387356 5.184975 0.357501
-11.415631 5.117335 0.357422
-11.443516 5.049537 0.357343
-11.484563 4.947534 0.357225
-11.524829 4.845227 0.357107
-11.564112 4.742551 0.356988
-11.602608 4.639585 0.356869
-11.640117 4.536266 0.356750
-11.676834 4.432672 0.356630
-11.814546 4.015274 0.356150
-11.836098 3.945270 0.356070
-11.867622 3.840029 0.355949
-11.898339 3.734558 0.355828
-11.918282 3.664093 0.355747
-11.947384 3.558178 0.355626
-11.975677 3.452051 0.355505
-11.993998 3.381161 0.355424
-12.011913 3.310171 0.355343
-12.029421 3.239083 0.355262
-12.046520 3.167899 0.355181
-12.071355 3.060936 0.355059
-12.095371 2.953794 0.354937
-12.118365 2.846434 0.354815
-12.140539 2.738907 0.354693
-12.154774 2.667116 0.354612
-12.175304 2.559275 0.354489
-12.195010 2.451286 0.354367
-12.302288 1.727614 0.353550
-12.310736 1.654948 0.353469
-12.322577 1.545859 0.353346
-12.333586 1.436688 0.353223
-12.340371 1.363856 0.353142
-12.349716 1.254537 0.353019
-12.358227 1.145153 0.352897
-12.363345 1.072192 0.352815
-12.370189 0.962698 0.352693
-12.376199 0.853159 0.352570
-12.385297 0.633951 0.352325
-12.387495 0.560854 0.352244
-12.389956 0.451190 0.352122
-12.391582 0.341512 0.352000
-12.392110 0.268389 0.351919
-12.392066 0.158704 0.351797
-12.391186 0.049025 0.351675
-2.950339 -2.448114 0.052706
-2.447882 -2.950665 0.052331
3.049250 -2.741566 0.052956
3.135285 -2.630777 0.051204
4.153523 -0.550403 0.048155
4.163581 0.967277 0.051992
3.548203 2.447727 0.053407
3.160593 2.950325 0.054964
2.754438 3.347961 0.056835
2.327090 3.645930 0.056555
2.153620 3.737206 0.055681
1.730836 3.945885 0.056420
1.435975 4.048329 0.055972
1.154428 4.137419 0.056907
0.540603 4.243247 0.057353
0.442649 4.237202 0.056163
0.353950 4.241961 0.056171
0.259210 4.244714 0.056175
0.140754 4.245135 0.056178
0.031275 4.251486 0.056930
-0.049644 4.229499 0.055425
-0.154912 4.231012 0.056172
-0.743609 4.147144 0.056789
-1.052375 4.052228 0.056034
-1.345509 3.955932 0.056587
-1.552539 3.855011 0.055867
-1.759374 3.760425 0.056393
-1.937267 3.657958 0.056291
-2.049180 3.564667 0.055037
-2.238240 3.455370 0.056099
-2.361453 3.348470 0.055438
-2.445602 3.241229 0.053686
-2.556181 3.142238 0.053622
-2.656659 3.066145 0.054384
-2.750306 2.949872 0.053493
-2.849852 2.839891 0.053416
-3.152445 2.447773 0.053125
-3.777138 0.934012 0.051849
-4.564387 0.075602 0.076509
-4.560095 -0.041405 0.076389
-4.552646 -0.165135 0.076268
-4.545905 -0.247496 0.076186
-4.537576 -0.329710 0.076104
-4.520662 -0.466384 0.075968
-4.336548 -1.353925 0.076187
-4.235173 -1.556210 0.074838
-4.160976 -1.734151 0.074646
-4.147073 -1.858356 0.076311
-4.055169 -1.958308 0.074401
-4.042030 -2.040368 0.075535
-3.951294 -2.152640 0.074186
-3.816549 -2.376959 0.073934
-3.458411 -2.865515 0.073367
-2.758616 -3.547122 0.072524
-2.615953 -3.655649 0.072382
-2.446401 -3.774149 0.072223
-2.152789 -3.954926 0.071971
-1.857551 -4.153404 0.074270
-1.568445 -4.235431 0.071547
-0.964380 -4.430733 0.071200
2.148755 -4.154817 0.070655
2.556708 -3.947005 0.070750
2.640691 -3.898095 0.070775
2.851593 -3.763953 0.070850
2.988385 -3.668706 0.070906
3.047976 -3.624667 0.070934
3.157989 -3.539794 0.070987
3.261919 -3.454673 0.071042
3.452054 -3.355093 0.076296
3.560327 -3.234468 0.075104
3.578630 -3.162601 0.071243
3.648918 -3.144821 0.075182
3.749176 -3.056186 0.076581
3.768466 -2.959330 0.071390
3.852792 -2.860603 0.071463
3.946184 -2.745266 0.071551
4.055603 -2.662820 0.075615
4.152744 -2.459623 0.071773
4.243256 -2.353961 0.073874
4.284214 -2.251786 0.071940
4.333228 -2.167535 0.072009
4.456003 -2.044410 0.077520
4.541779 -1.843347 0.076347
4.538961 -1.761917 0.072348
4.645082 -1.555863 0.074564
4.671416 -1.434830 0.072630
4.759152 -1.327984 0.078167
4.742508 -1.223506 0.072816
4.843393 -0.947320 0.075785
4.842645 -0.846376 0.073155
4.948538 -0.534518 0.078871
4.951863 -0.425833 0.077610
4.256634 2.670800 0.076714
4.063876 2.961281 0.077046
3.857873 3.261624 0.079726
3.770913 3.349193 0.078886
3.558896 3.555723 0.077753
3.469078 3.643317 0.077862
3.324627 3.774503 0.078026
3.144830 3.963992 0.081517
2.967763 4.056840 0.078393
2.860847 4.150282 0.080096
2.641678 4.270654 0.078685
2.456206 4.376445 0.078836
2.270275 4.471548 0.078976
2.054782 4.569297 0.079128
1.873917 4.641732 0.079245
1.530902 4.756351 0.079445
1.261024 4.848104 0.081399
1.153069 4.850114 0.079635
1.057555 4.868776 0.079678
0.555654 4.965341 0.082403
0.436868 4.941316 0.079910
0.325835 4.945740 0.079943
0.242518 4.947215 0.079967
0.131426 4.947021 0.079995
0.048135 4.945256 0.080015
-0.062825 4.940448 0.080040
-0.641407 4.873353 0.080126
-0.764006 4.849867 0.080135
-1.047260 4.782532 0.080144
-1.649659 4.575535 0.080101
-2.049577 4.385078 0.080021
-3.439162 3.345315 0.081900
-3.660780 3.037134 0.080675
-3.747861 2.935826 0.081093
-4.149086 2.246204 0.080461
-4.349637 1.756792 0.080019
-4.435952 1.365508 0.078448
-4.539745 0.957967 0.078818
-4.554384 0.862002 0.078732
-4.533096 0.742466 0.077141
-4.542114 0.660293 0.077064
-4.551731 0.550498 0.076960
-5.520565 0.054823 0.110396
-5.517054 -0.052762 0.110284
-5.495016 -0.366534 0.109972
-5.484505 -0.465312 0.109872
-5.452398 -0.958322 0.111021
-5.367203 -1.133451 0.109192
-5.339225 -1.245901 0.109076
-5.286204 -1.437335 0.108876
-5.257106 -1.532302 0.108777
-5.221193 -1.642474 0.108661
-5.182954 -1.751862 0.108545
-5.142645 -1.860505 0.108430
-5.112396 -1.937554 0.108348
-5.061800 -2.059944 0.108217
-5.015282 -2.166084 0.108102
-4.980633 -2.241261 0.108021
-4.932790 -2.340723 0.107913
-4.878144 -2.449142 0.107795
-4.831540 -2.536873 0.107698
-4.767158 -2.652631 0.107570
-4.708701 -2.752716 0.107459
-4.683023 -2.795242 0.107412
-4.639357 -2.865587 0.107333
-4.647309 -2.941128 0.109271
-2.737062 -4.725272 0.105086
-2.665611 -4.767414 0.105029
-2.649020 -4.851614 0.108529
-2.550010 -4.832649 0.104939
-2.462280 -4.879730 0.104873
-2.447663 -4.942353 0.107552
-2.344106 -4.940239 0.104788
-2.269570 -4.976731 0.104735
-2.164278 -5.025874 0.104663
-2.042743 -5.079430 0.104584
-1.950829 -5.117857 0.104525
-1.858180 -5.154505 0.104469
-1.764966 -5.189721 0.104413
-1.739447 -5.233581 0.106334
-1.639695 -5.234029 0.104342
-1.545042 -5.265260 0.104290
-1.449909 -5.295028 0.104240
-1.455970 -5.344180 0.107231
-1.370206 -5.318470 0.104199
-1.258046 -5.349307 0.104143
-1.161456 -5.374080 0.104098
-1.096806 -5.389599 0.104068
-1.050644 -5.450275 0.107156
-0.950691 -5.421749 0.104004
-0.836467 -5.444061 0.103956
-0.738233 -5.461494 0.103917
-0.639670 -5.477058 0.103880
-0.540845 -5.490937 0.103844
-0.455698 -5.550768 0.107089
-0.342515 -5.513590 0.103777
-0.243065 -5.522324 0.103747
-0.143472 -5.529421 0.103717
-0.043746 -5.534591 0.103690
0.072703 -5.538610 0.103660
0.155931 -5.540002 0.103640
0.255831 -5.539953 0.103617
0.372377 -5.537879 0.103593
0.455597 -5.534918 0.103578
0.555397 -5.529644 0.103560
0.671722 -5.521476 0.103542
0.771290 -5.512528 0.103529
0.821019 -5.507427 0.103522
0.887253 -5.499918 0.103515
0.969921 -5.489424 0.103507
1.052444 -5.477777 0.103500
1.151228 -5.462091 0.103493
1.266156 -5.441796 0.103487
1.331637 -5.429106 0.103485
1.413287 -5.412196 0.103483
1.478427 -5.397793 0.103482
1.559612 -5.378699 0.103483
1.640508 -5.358376 0.103485
1.737213 -5.332520 0.103488
1.837101 -5.337383 0.106074
1.897395 -5.285769 0.103498
1.961074 -5.265725 0.103503
2.056125 -5.234176 0.103513
2.142845 -5.254841 0.107460
2.182069 -5.189744 0.103528
2.229011 -5.172268 0.103535
2.337941 -5.129879 0.103552
2.461396 -5.078795 0.103574
2.537978 -5.045474 0.103590
5.084297 -2.821270 0.105196
5.119144 -2.763927 0.105244
5.187074 -2.648175 0.105342
5.246741 -2.540566 0.105434
5.283727 -2.471542 0.105493
5.344698 -2.351929 0.105597
5.374131 -2.291589 0.105649
5.444523 -2.139210 0.105783
5.484753 -2.046869 0.105864
5.523176 -1.953751 0.105946
5.635853 -1.738955 0.109213
5.775436 -1.171145 0.106656
5.826627 -0.941577 0.106869
5.839520 -0.875613 0.106931
5.860145 -0.759808 0.107040
5.878537 -0.643620 0.107149
5.920530 -0.276311 0.107499
5.928839 -0.158940 0.107612
5.933424 -0.075015 0.107694
5.937213 0.025779 0.107791
5.939316 0.143440 0.107906
5.939150 0.261125 0.108021
5.937524 0.345174 0.108104
5.933817 0.445987 0.108203
5.927438 0.563511 0.108320
5.921377 0.647365 0.108403
5.953346 0.751617 0.112997
5.943524 0.844199 0.113080
5.847167 1.357077 0.112063
5.842059 1.445228 0.113616
5.762212 1.832088 0.116131
5.658759 2.146918 0.116384
3.042875 5.171457 0.113478
2.856175 5.272973 0.113619
2.640720 5.379653 0.113772
2.441599 5.468416 0.113903
2.254952 5.543538 0.114019
2.160651 5.578532 0.114074
1.842330 5.683417 0.114248
1.551140 5.761734 0.114390
1.453241 5.784448 0.114434
1.074769 5.855428 0.114589
0.958752 5.871876 0.114631
0.842455 5.886093 0.114671
0.775881 5.893106 0.114692
-0.342769 5.894652 0.114945
-1.550269 5.644522 0.114971
-1.739652 5.579773 0.114950
-1.972970 5.489699 0.114914
-2.760953 5.152481 0.117228
-2.831375 5.048413 0.114675
-2.922749 5.052149 0.117121
-4.759511 3.129235 0.114715
-4.752140 3.059721 0.113159
-4.825243 2.929498 0.113048
-4.871978 2.841603 0.112972
-4.917346 2.753004 0.112896
-4.960992 2.663555 0.112818
-5.040717 2.558599 0.113703
-5.057022 2.452157 0.112632
-5.151110 2.335770 0.113987
-5.144243 2.237027 0.112441
-5.179024 2.143825 0.112358
-5.237523 2.063250 0.113254
-5.243577 1.955661 0.112188
-5.273300 1.860750 0.112102
-5.336423 1.637482 0.111898
-5.360789 1.541082 0.111809
-5.383291 1.444237 0.111719
-5.440944 1.151660 0.111445
-5.456862 1.053542 0.111353
-5.470886 0.955143 0.111260
-5.483326 0.856537 0.111166
-5.494086 0.757737 0.111072
-5.532818 0.654347 0.111966
-5.554427 0.560668 0.112378
-5.515873 0.460443 0.110786
-5.519599 0.361149 0.110689
-5.521952 0.245254 0.110576
-5.522171 0.162457 0.110495
-6.834734 -0.557263 0.157723
-6.820627 -0.679403 0.157599
-6.807288 -0.780990 0.157496
-6.801531 -0.821567 0.157454
-6.795540 -0.862109 0.157413
-6.779512 -0.963302 0.157310
-6.762085 -1.064263 0.157206
-6.746957 -1.144815 0.157124
-6.731133 -1.225234 0.157041
-6.709878 -1.325454 0.156938
-6.682503 -1.445305 0.156814
-6.653058 -1.564664 0.156690
-6.626976 -1.663735 0.156587
-6.610595 -1.722981 0.156525
-6.576358 -1.841054 0.156402
-6.546299 -1.938992 0.156300
-6.514774 -2.036469 0.156197
-6.475128 -2.152838 0.156075
-6.440509 -2.249260 0.155973
-6.397265 -2.364343 0.155852
-6.367174 -2.440581 0.155771
-6.320593 -2.554357 0.155650
-6.272085 -2.667328 0.155529
-6.238508 -2.742101 0.155449
-6.251935 -2.852055 0.157306
-6.177947 -2.872131 0.155309
-6.133056 -2.964236 0.155210
-6.114718 -3.000891 0.155171
-6.077408 -3.073882 0.155092
-6.039154 -3.146383 0.155013
-6.045964 -3.257116 0.156958
-5.970462 -3.272327 0.154876
-5.930027 -3.343642 0.154799
-5.867836 -3.449731 0.154683
-5.814638 -3.537325 0.154586
-5.749041 -3.641356 0.154472
-5.704422 -3.710146 0.154396
-5.658945 -3.778376 0.154320
-5.624297 -3.829186 0.154264
-5.565639 -3.913246 0.154170
-3.655174 -5.752205 0.152020
-3.534063 -5.829699 0.151922
-3.464126 -5.872837 0.151867
-3.450885 -5.952195 0.154752
-3.340513 -5.946338 0.151774
-3.233442 -6.007451 0.151695
-3.161387 -6.047011 0.151643
-3.034336 -6.114495 0.151555
-2.924315 -6.170221 0.151481
-2.868954 -6.197395 0.151444
-2.831906 -6.215227 0.151420
-2.738820 -6.258844 0.151361
-2.645128 -6.301167 0.151303
-2.550798 -6.342081 0.151247
-2.436836 -6.389409 0.151181
-2.360404 -6.419862 0.151138
-2.245094 -6.463882 0.151074
-2.148428 -6.499063 0.151023
-2.109614 -6.512733 0.151003
-2.051232 -6.532790 0.150973
-1.953528 -6.565053 0.150925
-1.875085 -6.590026 0.150887
-1.756801 -6.625537 0.150831
-1.677637 -6.648196 0.150796
-1.578276 -6.675106 0.150752
-1.458537 -6.705534 0.150702
-1.338268 -6.733879 0.150653
-1.237673 -6.755931 0.150614
-1.156935 -6.772385 0.150585
-1.076051 -6.788136 0.150555
-0.954332 -6.809751 0.150513
-0.832263 -6.829405 0.150473
-0.750664 -6.841158 0.150448
-0.648506 -6.854754 0.150417
-0.566624 -6.864494 0.150394
-0.443587 -6.877323 0.150360
-0.340886 -6.886407 0.150334
-0.258616 -6.892459 0.150314
-0.176289 -6.897795 0.150295
-0.052665 -6.903747 0.150268
0.050432 -6.907180 0.150248
0.153586 -6.908976 0.150228
0.236128 -6.909526 0.150214
0.339320 -6.908686 0.150198
0.463137 -6.905735 0.150180
0.566282 -6.901658 0.150166
0.628142 -6.898444 0.150159
0.751785 -6.890459 0.150146
0.875290 -6.880318 0.150136
0.978082 -6.870251 0.150128
1.019159 -6.865794 0.150126
1.121739 -6.853576 0.150121
1.244607 -6.836981 0.150117
1.367188 -6.818242 0.150115
1.428364 -6.808100 0.150115
1.530118 -6.789930 0.150115
1.651883 -6.766207 0.150119
1.753030 -6.744765 0.150123
1.874029 -6.717227 0.150130
1.914251 -6.707552 0.150133
1.994531 -6.687499 0.150139
2.034585 -6.677120 0.150143
2.134452 -6.650125 0.150153
2.253787 -6.615845 0.150167
2.372525 -6.579480 0.150183
2.451334 -6.554083 0.150195
2.549405 -6.520957 0.150212
2.627579 -6.493610 0.150226
2.744160 -6.450633 0.150249
2.840780 -6.413372 0.150270
2.898495 -6.390337 0.150283
2.936854 -6.374681 0.150292
3.051357 -6.326295 0.150321
3.146178 -6.284550 0.150347
3.259139 -6.232574 0.150379
3.352593 -6.187778 0.150408
3.445372 -6.141562 0.150439
3.500740 -6.113225 0.150458
3.555834 -6.084348 0.150477
3.628922 -6.045130 0.150504
3.737699 -5.984701 0.150546
3.827556 -5.932913 0.150582
3.934370 -5.869005 0.150628
4.022512 -5.814291 0.150667
4.144566 -5.735523 0.150725
6.149290 -3.739030 0.152375
6.183692 -3.686880 0.152421
6.273050 -3.546249 0.152546
6.337917 -3.439419 0.152641
6.380247 -3.367640 0.152706
6.441898 -3.258891 0.152803
6.482113 -3.185888 0.152869
6.559684 -3.038320 0.153003
6.597279 -2.963911 0.153071
6.615714 -2.926522 0.153105
6.651851 -2.851382 0.153174
6.704587 -2.737968 0.153277
6.738475 -2.661770 0.153348
6.771693 -2.585273 0.153418
6.851854 -2.539798 0.158472
6.827435 -2.450375 0.153543
6.865487 -2.353297 0.153633
6.895086 -2.275304 0.153706
6.930624 -2.177260 0.153797
6.971404 -2.058937 0.153908
6.991041 -1.999517 0.153964
7.010098 -1.939903 0.154020
7.046692 -1.820195 0.154133
7.075604 -1.719958 0.154228
7.092198 -1.659599 0.154285
7.113535 -1.578904 0.154362
7.143763 -1.457398 0.154478
7.167266 -1.355729 0.154575
7.193636 -1.233308 0.154693
7.209885 -1.151412 0.154771
7.225330 -1.069357 0.154850
7.243151 -0.966513 0.154950
7.262576 -0.842770 0.155069
7.277127 -0.739399 0.155170
7.285079 -0.677268 0.155230
7.301607 -0.532047 0.155372
7.311529 -0.428112 0.155474
7.318392 -0.344865 0.155556
7.338866 0.134967 0.156030
7.338986 0.239404 0.156133
7.337508 0.343835 0.156238
7.335418 0.427364 0.156321
7.331240 0.531728 0.156426
7.324239 0.656874 0.156551
7.316749 0.761061 0.156656
7.311472 0.823513 0.156719
7.301534 0.927499 0.156824
7.265502 1.217755 0.157119
7.246328 1.341641 0.157246
7.225132 1.465201 0.157372
7.209616 1.547326 0.157457
7.144373 1.853886 0.157489
7.115036 1.975804 0.157333
7.035996 2.257523 0.157633
7.011290 2.337394 0.157718
6.910350 2.634188 0.158036
6.820217 2.868224 0.158289
6.845681 2.935683 0.163168
6.744729 3.167175 0.163372
3.733793 6.436141 0.166118
2.262006 7.041212 0.165454
1.925497 7.147764 0.166608
1.825087 7.124821 0.163427
1.454453 7.245836 0.166662
1.355803 7.216163 0.163596
1.273651 7.228902 0.163622
1.170755 7.243341 0.163653
0.439338 7.332830 0.165718
0.356145 7.334811 0.165726
0.252322 7.373782 0.168046
0.147518 7.335368 0.165719
0.055358 7.364072 0.167542
-0.023742 7.346587 0.166620
-0.258574 7.288521 0.163930
-0.341310 7.282433 0.163937
-0.444591 7.273285 0.163945
-0.568320 7.260360 0.163951
-0.671230 7.247970 0.163955
-0.753390 7.236835 0.163957
-0.855923 7.221812 0.163959
-0.970822 7.265081 0.167282
-0.999038 7.198181 0.163958
-1.080576 7.183354 0.163956
-1.141601 7.171582 0.163954
-1.222803 7.155098 0.163950
-1.344215 7.128604 0.163943
-1.446843 7.136038 0.165519
-1.485233 7.095054 0.163931
-1.565482 7.074581 0.163923
-1.645455 7.053099 0.163914
-1.725209 7.030845 0.163905
-1.851526 7.057802 0.166944
-1.844288 6.995615 0.163888
-1.943014 6.964648 0.163873
-2.060867 6.925636 0.163852
-2.178001 6.884580 0.163829
-2.255674 6.856080 0.163813
-2.352244 6.819108 0.163791
-2.467472 6.773112 0.163762
-2.543763 6.741191 0.163742
-2.649881 6.746297 0.165838
-2.695280 6.674929 0.163699
-2.732901 6.657799 0.163688
-2.839134 6.659864 0.165742
-2.882351 6.587108 0.163640
-2.956400 6.550399 0.163615
-3.062740 6.548978 0.165621
-3.066740 6.493913 0.163575
-3.139652 6.455044 0.163547
-3.245982 6.450697 0.165514
-3.284249 6.375103 0.163489
-3.373596 6.323361 0.163451
-3.479808 6.259607 0.163403
-3.549983 6.216087 0.163370
-3.619640 6.171758 0.163336
-3.742749 6.147874 0.165192
-3.774444 6.069126 0.163257
-3.808468 6.045770 0.163239
-3.876102 5.998471 0.163201
-3.959837 5.938232 0.163154
-5.755725 4.028919 0.161501
-5.788784 3.976831 0.161453
-5.821337 3.924430 0.161405
-5.874538 3.836462 0.161324
-5.926612 3.747833 0.161242
-5.977237 3.658381 0.161160
-6.036360 3.550151 0.161059
-6.093697 3.440978 0.160957
-6.139904 3.349204 0.160871
-6.184830 3.256807 0.160784
-6.278837 3.051300 0.160590
-6.358601 2.862014 0.160411
-6.396447 2.766550 0.160320
-6.474728 2.554664 0.160117
-6.494939 2.496474 0.160061
-6.594003 2.183314 0.159758
-8.959699 -0.033228 0.231459
-8.957303 -0.112913 0.231376
-8.951680 -0.245657 0.231237
-8.945840 -0.351784 0.231126
-8.938778 -0.457832 0.231015
-8.930499 -0.563790 0.230904
-8.918473 -0.696090 0.230765
-8.913116 -0.748957 0.230710
-8.891935 -0.933721 0.230515
-8.881774 -1.012772 0.230432
-8.815897 -1.432658 0.229990
-8.770339 -1.667354 0.229742
-8.748163 -1.771271 0.229632
-8.730784 -1.849046 0.229549
-8.706521 -1.952494 0.229440
-8.687506 -2.029884 0.229358
-8.661167 -2.132822 0.229248
-8.633646 -2.235451 0.229139
-8.612267 -2.312221 0.229058
-8.597623 -2.363290 0.229004
-8.575070 -2.439723 0.228922
-8.544025 -2.541342 0.228814
-8.520011 -2.617329 0.228733
-8.478438 -2.743475 0.228599
-8.443905 -2.843964 0.228491
-8.417285 -2.919079 0.228411
-8.371383 -3.043719 0.228278
-8.333404 -3.142960 0.228172
-8.304207 -3.217116 0.228092
-8.284363 -3.266403 0.228040
-8.254032 -3.340104 0.227960
-8.212648 -3.437980 0.227856
-8.170142 -3.535377 0.227751
-8.126517 -3.632280 0.227647
-8.081780 -3.728677 0.227543
-8.012600 -3.872296 0.227388
-7.965107 -3.967374 0.227286
-7.904239 -4.085463 0.227159
-7.866850 -4.155866 0.227083
-7.828921 -4.225982 0.227007
-7.764276 -4.342061 0.226881
-7.724741 -4.411290 0.226806
-7.643731 -4.548628 0.226657
-7.588556 -4.639494 0.226559
-7.517977 -4.752092 0.226436
-7.474905 -4.819194 0.226363
-7.416534 -4.908058 0.226266
-7.372052 -4.974243 0.226194
-7.296733 -5.083753 0.226075
-7.250736 -5.148904 0.226004
-7.204238 -5.213701 0.225933
-7.157120 -5.278052 0.225862
-7.109507 -5.342043 0.225792
-5.034223 -7.351687 0.223551
-4.968642 -7.397380 0.223499
-4.924686 -7.427507 0.223464
-4.858402 -7.472192 0.223413
-4.747068 -7.545393 0.223329
-4.634746 -7.617098 0.223246
-4.544112 -7.673254 0.223181
-4.452828 -7.728365 0.223117
-4.360904 -7.782426 0.223055
-4.268353 -7.835428 0.222993
-4.128376 -7.912928 0.222902
-4.034309 -7.963251 0.222843
-3.939658 -8.012489 0.222785
-3.844433 -8.060637 0.222728
-3.724633 -8.119312 0.222659
-3.652315 -8.153633 0.222618
-3.579730 -8.187399 0.222577
-3.458057 -8.242187 0.222512
-3.360156 -8.284782 0.222461
-3.286419 -8.316023 0.222423
-3.162877 -8.366579 0.222362
-3.088420 -8.396115 0.222326
-3.038628 -8.415424 0.222302
-2.938704 -8.453180 0.222256
-2.863457 -8.480705 0.222222
-2.762768 -8.516440 0.222177
-2.636333 -8.559510 0.222123
-2.560148 -8.584418 0.222092
-2.458243 -8.616650 0.222051
-2.381577 -8.640090 0.222022
-2.253310 -8.677581 0.221974
-2.176102 -8.699246 0.221946
-2.124516 -8.713294 0.221927
-2.046970 -8.733768 0.221901
-1.943306 -8.760072 0.221866
-1.839331 -8.785179 0.221832
-1.735058 -8.809083 0.221800
-1.367964 -8.883229 0.221697
-1.288913 -8.897220 0.221677
-1.156865 -8.918911 0.221645
-1.050999 -8.934919 0.221621
-0.944939 -8.949702 0.221598
-0.838701 -8.963256 0.221577
-0.572417 -8.991755 0.221528
-0.492368 -8.998838 0.221515
-0.144776 -9.021280 0.221468
-0.037650 -9.025561 0.221456
0.069533 -9.028599 0.221445
0.149949 -9.030101 0.221438
0.257200 -9.030962 0.221430
0.337650 -9.030752 0.221424
0.444923 -9.029435 0.221418
0.552188 -9.026872 0.221413
0.659431 -9.023063 0.221410
0.793435 -9.016588 0.221407
0.847014 -9.013439 0.221407
0.927352 -9.008091 0.221407
1.007653 -9.002120 0.221407
1.141374 -8.990509 0.221410
1.248241 -8.979853 0.221414
1.354993 -8.967953 0.221419
1.461615 -8.954811 0.221425
1.568093 -8.940429 0.221433
1.647853 -8.928868 0.221439
1.754043 -8.912318 0.221449
1.807070 -8.903580 0.221454
2.255682 -8.816815 0.221514
3.670302 -8.385802 0.221864
4.214550 -8.150580 0.222072
4.360337 -8.080376 0.222135
4.432758 -8.044277 0.222167
4.504903 -8.007613 0.222201
4.648155 -7.932221 0.222269
5.070066 -7.691412 0.222491
5.276180 -7.562633 0.222611
5.456567 -7.443640 0.222722
5.523522 -7.397959 0.222765
5.634172 -7.320428 0.222839
5.700058 -7.273180 0.222883
7.791253 -5.170538 0.224931
7.822709 -5.126344 0.224975
7.869377 -5.059681 0.225041
7.945854 -4.947659 0.225152
8.020799 -4.834584 0.225265
8.079517 -4.743300 0.225356
8.137167 -4.651322 0.225448
8.179730 -4.581912 0.225518
8.207745 -4.535414 0.225564
8.249221 -4.465336 0.225635
8.290151 -4.394930 0.225705
8.330392 -4.324120 0.225776
8.396169 -4.205365 0.225895
8.434742 -4.133615 0.225968
8.485239 -4.037440 0.226064
8.582837 -3.843315 0.226260
9.010148 -2.815020 0.227303
9.036472 -2.737817 0.227382
9.111503 -2.504876 0.227619
9.477599 -0.666605 0.229511
9.487290 -0.558130 0.229624
9.495703 -0.449544 0.229737
9.496593 0.856682 0.231099
9.486097 0.992486 0.231242
9.481321 1.046763 0.231299
9.473519 1.128119 0.231384
9.462050 1.236489 0.231498
9.449303 1.344718 0.231612
9.435279 1.452791 0.231725
9.415999 1.587648 0.231867
9.399113 1.695316 0.231981
9.390193 1.749075 0.232038
9.376180 1.829605 0.232123
9.356441 1.936791 0.232236
9.340848 2.017032 0.232321
9.313178 2.150430 0.232462
9.289659 2.256854 0.232574
9.264885 2.362993 0.232687
9.238861 2.468834 0.232799
9.204618 2.600701 0.232939
9.190360 2.653301 0.232995
9.168355 2.732029 0.233079
9.137985 2.836705 0.233190
9.098329 2.967047 0.233329
9.073552 3.044947 0.233412
9.039497 3.148482 0.233522
9.013194 3.225879 0.233605
8.995253 3.277337 0.233659
8.967737 3.354309 0.233742
8.930041 3.456572 0.233851
8.901017 3.532987 0.233933
8.881269 3.583776 0.233987
8.840874 3.685000 0.234096
8.820230 3.735431 0.234150
8.799289 3.785739 0.234204
8.767284 3.860950 0.234284
8.712570 3.985704 0.234418
8.678803 4.060136 0.234498
8.632808 4.158930 0.234604
8.573718 4.281662 0.234737
8.537342 4.354847 0.234816
8.475378 4.476144 0.234946
8.437287 4.548448 0.235024
8.385557 4.644345 0.235128
8.332701 4.739622 0.235231
8.278728 4.834267 0.235334
8.223643 4.928265 0.235436
8.138953 5.068021 0.235587
8.081129 5.160345 0.235688
8.022222 5.251978 0.235787
7.962242 5.342906 0.235886
7.916590 5.410654 0.235960
7.885803 5.455577 0.236009
7.839095 5.522595 0.236082
7.791863 5.589243 0.236155
7.743982 5.655420 0.236228
7.679279 5.743020 0.236324
7.630111 5.808238 0.236395
7.596993 5.851457 0.236442
5.444287 7.871285 0.238700
5.285551 7.975985 0.238820
5.147748 8.062978 0.238920
4.961825 8.175358 0.239051
4.773297 8.283222 0.239176
4.389020 8.485450 0.239414
4.193488 8.579706 0.239526
3.057412 9.022174 0.240067
2.745724 9.114448 0.240185
2.641157 9.142756 0.240222
2.352045 9.214283 0.240317
2.272817 9.232117 0.240341
2.166964 9.254860 0.240372
2.060866 9.276359 0.240402
1.927928 9.301517 0.240437
1.847993 9.315613 0.240458
1.741248 9.333365 0.240483
1.634317 9.349864 0.240508
1.554010 9.361453 0.240526
1.446788 9.375754 0.240548
1.366271 9.385616 0.240564
1.285686 9.394848 0.240579
1.231922 9.400582 0.240589
1.151218 9.408555 0.240603
1.043528 9.418133 0.240621
0.908792 9.428371 0.240641
0.827892 9.433506 0.240652
0.746962 9.438007 0.240662
0.666001 9.441720 0.240672
0.558024 9.445619 0.240683
0.477025 9.447753 0.240691
0.342014 9.449626 0.240703
0.234012 9.449736 0.240710
0.153023 9.449030 0.240715
0.072054 9.447536 0.240719
-0.035866 9.444492 0.240723
-0.170686 9.438956 0.240727
-0.251518 9.434628 0.240728
-0.359219 9.427808 0.240729
-0.466818 9.419733 0.240728
-0.547445 9.412892 0.240726
-0.601154 9.407914 0.240725
-0.735270 9.394063 0.240720
-0.842394 9.381605 0.240714
-0.949350 9.367902 0.240707
-1.056124 9.352953 0.240699
-1.162700 9.336764 0.240690
-1.269064 9.319333 0.240679
-1.348698 9.305488 0.240670
-1.428183 9.290872 0.240660
-1.533955 9.270356 0.240646
-1.665809 9.243024 0.240627
-1.744700 9.225645 0.240615
-1.823445 9.207655 0.240601
-1.875842 9.195256 0.240592
-1.954283 9.176049 0.240577
-2.084643 9.142622 0.240552
-2.162592 9.121599 0.240535
-2.266234 9.092565 0.240512
-2.343741 9.070039 0.240494
-2.472422 9.030899 0.240462
-2.549361 9.006581 0.240442
-2.626051 8.981522 0.240421
-2.702536 8.955870 0.240400
-2.829451 8.911545 0.240363
-2.930504 8.874795 0.240331
-3.031108 8.836876 0.240299
-3.156225 8.787883 0.240256
-3.230914 8.757561 0.240230
-3.330090 8.716175 0.240194
-3.453368 8.662870 0.240147
-3.526922 8.629977 0.240118
-3.648846 8.573743 0.240067
-3.769976 8.515871 0.240015
-3.866228 8.468272 0.239973
-3.961906 8.419566 0.239928
-4.056998 8.369758 0.239883
-4.151491 8.318857 0.239837
-4.245374 8.266869 0.239789
-4.315397 8.227203 0.239752
-4.431257 8.159665 0.239690
-4.500320 8.118395 0.239652
-4.568973 8.076466 0.239613
-4.659954 8.019684 0.239560
-4.727767 7.976444 0.239520
-4.817554 7.917841 0.239465
-4.862187 7.888153 0.239437
-4.906643 7.858208 0.239409
-4.995022 7.797555 0.239352
-5.060810 7.751369 0.239308
-5.169603 7.673221 0.239234
-5.234284 7.625535 0.239189
-5.298590 7.577354 0.239143
-5.362419 7.528561 0.239097
-7.354363 5.418546 0.237035
-7.414032 5.330040 0.236946
-7.458074 5.263197 0.236880
-7.544466 5.128437 0.236745
-7.586812 5.060529 0.236677
-7.655979 4.946503 0.236563
-7.696737 4.877651 0.236494
-7.763239 4.762084 0.236378
-7.815257 4.668972 0.236285
-7.878789 4.551780 0.236167
-7.903711 4.504646 0.236120
-7.928360 4.457372 0.236072
-7.976834 4.362407 0.235976
-8.000657 4.314720 0.235928
-8.035839 4.242922 0.235856
-8.093177 4.122646 0.235734
-8.126686 4.050070 0.235661
-8.213044 3.855211 0.235464
-8.254527 3.757061 0.235364
-8.284927 3.683159 0.235289
-8.304813 3.633739 0.235239
-8.334071 3.559387 0.235164
-8.372124 3.459889 0.235062
-8.399942 3.385000 0.234986
-8.444766 3.259636 0.234859
-8.479346 3.158908 0.234756
-8.576077 2.854478 0.234445
-8.812029 1.871824 0.233437
-8.905120 1.240528 0.232784
-8.916384 1.134774 0.232675
-8.926430 1.028903 0.232565
-8.933203 0.949435 0.232483
-8.939212 0.869908 0.232400
-8.944611 0.790340 0.232318
-8.951980 0.657635 0.232180
-8.956531 0.551410 0.232069
-8.959858 0.445144 0.231959
-8.961964 0.338852 0.231848
-8.962914 0.205970 0.231709
-8.962743 0.152818 0.231654
-8.961581 0.059812 0.231566
-12.641886 -0.062631 0.361944
-12.639486 -0.155867 0.361831
-12.637010 -0.230410 0.361750
-12.632442 -0.342190 0.361628
-12.627023 -0.453928 0.361507
-12.622841 -0.528388 0.361426
-12.615717 -0.640023 0.361305
-12.607741 -0.751598 0.361184
-12.601857 -0.825937 0.361104
-12.592180 -0.937370 0.360983
-12.581655 -1.048724 0.360863
-12.570067 -1.159969 0.360743
-12.557632 -1.271120 0.360623
-12.548778 -1.345154 0.360543
-12.534649 -1.456098 0.360423
-12.519674 -1.566928 0.360304
-12.509129 -1.640735 0.360225
-12.492465 -1.751320 0.360106
-12.474959 -1.861772 0.359987
-12.462728 -1.935315 0.359908
-12.443540 -2.045485 0.359790
-12.423512 -2.155503 0.359672
-12.409603 -2.228744 0.359593
-12.387900 -2.338441 0.359476
-12.365360 -2.447968 0.359359
-12.341780 -2.557275 0.359242
-12.317365 -2.666397 0.359125
-12.300534 -2.739019 0.359048
-12.274459 -2.847755 0.358932
-12.247555 -2.956288 0.358816
-12.229067 -3.028505 0.358739
-12.210167 -3.100615 0.358662
-12.190855 -3.172615 0.358586
-12.171131 -3.244503 0.358509
-12.140724 -3.352107 0.358395
-12.109496 -3.459475 0.358281
-12.088133 -3.530894 0.358205
-12.055272 -3.637774 0.358092
-12.021596 -3.744401 0.357979
-11.986905 -3.850703 0.357867
-11.951405 -3.956738 0.357755
-11.914894 -4.062431 0.357643
-11.877578 -4.167843 0.357532
-11.852164 -4.237927 0.357458
-11.813243 -4.342760 0.357347
-11.773524 -4.447294 0.357237
-11.732809 -4.551447 0.357128
-11.691300 -4.655287 0.357019
-11.648802 -4.758730 0.356910
-11.605516 -4.861846 0.356802
-11.561247 -4.964548 0.356694
-11.516195 -5.066911 0.356587
-11.485641 -5.134923 0.356516
-11.439030 -5.236591 0.356410
-11.391644 -5.337903 0.356304
-11.343294 -5.438762 0.356199
-11.294174 -5.539251 0.356094
-11.244095 -5.639270 0.355990
-11.193254 -5.738907 0.355887
-11.141463 -5.838059 0.355784
-11.088917 -5.936815 0.355681
-11.035427 -6.035070 0.355579
-10.962860 -6.165394 0.355445
-10.907501 -6.262619 0.355344
-10.851216 -6.359315 0.355244
-10.794191 -6.455582 0.355145
-10.736249 -6.551305 0.355046
-10.677576 -6.646587 0.354948
-10.637975 -6.709811 0.354883
-10.598011 -6.772809 0.354819
-10.537344 -6.866849 0.354722
-10.475959 -6.960427 0.354626
-10.434557 -7.022501 0.354563
-10.392800 -7.084340 0.354499
-10.350689 -7.145940 0.354436
-10.308224 -7.207301 0.354374
-10.265407 -7.268419 0.354311
-10.222239 -7.329293 0.354249
-10.178720 -7.389921 0.354187
-10.134854 -7.450302 0.354126
-10.068363 -7.540371 0.354034
-10.001184 -7.629935 0.353943
-9.955938 -7.689304 0.353883
-9.910353 -7.748415 0.353823
-7.351542 -10.246499 0.351354
-7.291196 -10.290767 0.351312
-7.230593 -10.334690 0.351270
-7.169734 -10.378268 0.351229
-7.108624 -10.421498 0.351187
-7.047260 -10.464380 0.351147
-6.954718 -10.528001 0.351087
-6.861682 -10.590917 0.351027
-6.768038 -10.652946 0.350969
-6.642379 -10.734462 0.350893
-6.547542 -10.794702 0.350836
-6.452120 -10.854036 0.350781
-6.356238 -10.912643 0.350727
-6.259787 -10.970337 0.350674
-6.162887 -11.027295 0.350621
-6.097991 -11.064775 0.350587
-6.032876 -11.101883 0.350553
-5.934771 -11.156801 0.350503
-5.836237 -11.210971 0.350453
-5.737176 -11.264200 0.350405
-5.637699 -11.316673 0.350358
-5.537711 -11.368197 0.350312
-5.437320 -11.418958 0.350266
-5.336434 -11.468760 0.350222
-5.235158 -11.517793 0.350179
-5.167385 -11.549964 0.350150
-5.099422 -11.581748 0.350123
-5.031271 -11.613144 0.350095
-4.962936 -11.644149 0.350068
-4.894417 -11.674762 0.350042
-4.825718 -11.704984 0.350015
-4.756841 -11.734811 0.349990
-4.653172 -11.778762 0.349952
-4.549159 -11.821921 0.349916
-4.444721 -11.864085 0.349880
-4.339950 -11.905451 0.349845
-4.269885 -11.932493 0.349823
-4.164467 -11.972253 0.349790
-4.058735 -12.011207 0.349758
-3.952619 -12.049149 0.349727
-3.846202 -12.086278 0.349697
-3.739417 -12.122388 0.349669
-3.632346 -12.157681 0.349641
-3.560777 -12.180662 0.349623
-3.453151 -12.214313 0.349597
-3.345256 -12.247138 0.349572
-3.237034 -12.278930 0.349548
-3.128557 -12.309892 0.349525
-3.056074 -12.329979 0.349510
-2.947108 -12.359276 0.349489
-2.837907 -12.387735 0.349469
-2.764953 -12.406152 0.349456
-2.655299 -12.432935 0.349438
-2.545430 -12.458877 0.349421
-2.472043 -12.475609 0.349410
-2.398554 -12.491919 0.349399
-2.324965 -12.507805 0.349389
-2.251279 -12.523269 0.349380
-2.140560 -12.545614 0.349366
-2.029659 -12.567108 0.349354
-1.955607 -12.580870 0.349346
-1.881470 -12.594204 0.349339
-1.807250 -12.607112 0.349333
-1.732950 -12.619591 0.349326
-1.658571 -12.631641 0.349321
-1.546854 -12.648860 0.349313
-1.434993 -12.665218 0.349306
-1.360327 -12.675550 0.349303
-1.248197 -12.690187 0.349298
-1.135944 -12.703960 0.349294
-1.061030 -12.712565 0.349292
-0.948548 -12.724609 0.349290
-0.835962 -12.735785 0.349289
-0.760840 -12.742659 0.349289
-0.648065 -12.752099 0.349290
-0.535206 -12.760671 0.349292
-0.459915 -12.765804 0.349294
-0.346907 -12.772635 0.349298
-0.233835 -12.778593 0.349303
-0.158414 -12.781983 0.349306
-0.045234 -12.786196 0.349313
0.067992 -12.789536 0.349321
0.143501 -12.791179 0.349326
0.256794 -12.792769 0.349336
0.370112 -12.793484 0.349347
0.445670 -12.793377 0.349354
0.559016 -12.792341 0.349367
0.672366 -12.790427 0.349380
0.747931 -12.788568 0.349390
0.861269 -12.784902 0.349405
0.974591 -12.780359 0.349421
1.050123 -12.776747 0.349433
1.125642 -12.772695 0.349445
1.238884 -12.765741 0.349463
1.352084 -12.757910 0.349483
1.427519 -12.752105 0.349497
1.540616 -12.742520 0.349519
1.653650 -12.732059 0.349542
1.728961 -12.724503 0.349557
1.841852 -12.712289 0.349582
1.954660 -12.699202 0.349607
2.029806 -12.689893 0.349625
2.142429 -12.675056 0.349652
2.254950 -12.659345 0.349681
2.329891 -12.648288 0.349700
2.442185 -12.630830 0.349731
2.554357 -12.612499 0.349762
2.629052 -12.599699 0.349783
2.740957 -12.579627 0.349816
2.852719 -12.558686 0.349850
2.927127 -12.544146 0.349873
3.038582 -12.521467 0.349909
3.149873 -12.497922 0.349946
3.260950 -12.473295 0.349984
3.371849 -12.447803 0.350023
3.445657 -12.430233 0.350049
3.519370 -12.412231 0.350076
3.592985 -12.393800 0.350104
3.666499 -12.374938 0.350132
3.739909 -12.355646 0.350160
3.849811 -12.325851 0.350203
3.959495 -12.295199 0.350248
4.032467 -12.274195 0.350278
4.141691 -12.241834 0.350324
4.250676 -12.208620 0.350371
4.359353 -12.174345 0.350419
4.467775 -12.139221 0.350469
4.539882 -12.115242 0.350502
4.647775 -12.078426 0.350553
4.755394 -12.040770 0.350605
4.826953 -12.015104 0.350640
4.898368 -11.989018 0.350675
4.969637 -11.962515 0.350711
5.040759 -11.935594 0.350748
5.111729 -11.908254 0.350785
5.182546 -11.880499 0.350822
5.253207 -11.852327 0.350860
5.323710 -11.823742 0.350898
5.394052 -11.794743 0.350937
5.464231 -11.765329 0.350976
5.534245 -11.735503 0.351015
5.604090 -11.705268 0.351055
5.673765 -11.674621 0.351096
5.743267 -11.643564 0.351136
5.812593 -11.612100 0.351178
5.881742 -11.580228 0.351219
5.950711 -11.547949 0.351261
6.019496 -11.515264 0.351304
6.088098 -11.482174 0.351347
6.156511 -11.448682 0.351390
6.224735 -11.414786 0.351434
6.292766 -11.380489 0.351478
6.360603 -11.345792 0.351523
6.428243 -11.310694 0.351568
6.495683 -11.275199 0.351613
6.562922 -11.239305 0.351659
6.629956 -11.203017 0.351705
6.696784 -11.166333 0.351752
6.763403 -11.129255 0.351799
6.862907 -11.072853 0.351870
6.961983 -11.015670 0.351943
7.060512 -10.957513 0.352016
7.158599 -10.898582 0.352090
7.256122 -10.838686 0.352165
7.353188 -10.778024 0.352241
7.417589 -10.737073 0.352292
7.481756 -10.695741 0.352343
7.545687 -10.654031 0.352395
7.609378 -10.611942 0.352447
7.672829 -10.569478 0.352500
7.736035 -10.526637 0.352553
7.798997 -10.483424 0.352606
7.861710 -10.439837 0.352660
7.955277 -10.373718 0.352742
8.048338 -10.306860 0.352824
8.140756 -10.239085 0.352907
8.263111 -10.147505 0.353019
10.843815 -7.546117 0.356113
10.912249 -7.453523 0.356221
10.957390 -7.391431 0.356293
11.002169 -7.329069 0.356366
11.068607 -7.234991 0.356475
11.134312 -7.140384 0.356585
11.177622 -7.076964 0.356658
11.220561 -7.013285 0.356732
11.263128 -6.949348 0.356806
11.326231 -6.852936 0.356917
11.388579 -6.756020 0.357029
11.449981 -6.658484 0.357142
11.510620 -6.560459 0.357255
11.570301 -6.461830 0.357368
11.629210 -6.362725 0.357482
11.667966 -6.296341 0.357558
11.706333 -6.229725 0.357635
11.744309 -6.162879 0.357711
11.781893 -6.095806 0.357788
11.819084 -6.028506 0.357866
11.855879 -5.960984 0.357943
11.892278 -5.893241 0.358020
11.928279 -5.825280 0.358098
11.963881 -5.757102 0.358176
11.999083 -5.688711 0.358254
12.033884 -5.620109 0.358332
12.068280 -5.551297 0.358411
12.119066 -5.447668 0.358529
12.169040 -5.343633 0.358647
12.217992 -5.239099 0.358766
12.266125 -5.134174 0.358885
12.297666 -5.063967 0.358965
12.344148 -4.958278 0.359085
12.389801 -4.852217 0.359205
12.434413 -4.745701 0.359326
12.478189 -4.638828 0.359447
12.506812 -4.567345 0.359527
12.548905 -4.459777 0.359649
12.590154 -4.351872 0.359771
12.630341 -4.243556 0.359893
12.669676 -4.134916 0.360015
12.695332 -4.062280 0.360097
12.732956 -3.953018 0.360220
12.769721 -3.843453 0.360343
12.793656 -3.770214 0.360425
12.828696 -3.660067 0.360549
12.862868 -3.549639 0.360673
12.885071 -3.475837 0.360756
12.906837 -3.401901 0.360838
12.928166 -3.327834 0.360921
12.949059 -3.253638 0.361004
12.979523 -3.142092 0.361129
13.009107 -3.030302 0.361254
13.028242 -2.955617 0.361337
13.056063 -2.843359 0.361462
13.082999 -2.730877 0.361588
13.100367 -2.655745 0.361671
13.125528 -2.542837 0.361797
13.149799 -2.429728 0.361923
13.165386 -2.354191 0.362007
13.187872 -2.240698 0.362133
13.209464 -2.127024 0.362259
13.223261 -2.051125 0.362343
13.236609 -1.975143 0.362427
13.255731 -1.861008 0.362553
13.273954 -1.746720 0.362680
13.285501 -1.670430 0.362764
13.296597 -1.594069 0.362849
13.307240 -1.517641 0.362933
13.317432 -1.441148 0.363017
13.327171 -1.364593 0.363102
13.340872 -1.249643 0.363229
13.353667 -1.134582 0.363355
13.361591 -1.057806 0.363440
13.372568 -0.942546 0.363567
13.382634 -0.827198 0.363693
13.388740 -0.750244 0.363778
13.394387 -0.673253 0.363863
13.399580 -0.596227 0.363947
13.404316 -0.519169 0.364032
13.408595 -0.442082 0.364116
13.412418 -0.364968 0.364201
13.417240 -0.249252 0.364327
13.421145 -0.133496 0.364454
13.423141 -0.056303 0.364538
13.425219 0.059510 0.364665
13.426381 0.175339 0.364791
13.426546 0.252566 0.364875
13.426253 0.329795 0.364960
13.424899 0.445635 0.365086
13.422629 0.561464 0.365212
13.420506 0.638672 0.365296
13.416405 0.754459 0.365422
13.411390 0.870213 0.365547
13.407436 0.947357 0.365631
13.403027 1.024477 0.365715
13.395495 1.140104 0.365840
13.387052 1.255672 0.365965
13.380813 1.332672 0.366049
13.370543 1.448098 0.366174
13.359360 1.563442 0.366298
13.351296 1.640278 0.366381
13.338292 1.755436 0.366506
13.324375 1.870490 0.366630
13.314493 1.947119 0.366712
13.304155 2.023688 0.366795
13.287741 2.138419 0.366918
13.270421 2.253017 0.367041
13.258269 2.329324 0.367123
13.239138 2.443639 0.367246
13.219104 2.557800 0.367369
13.205146 2.633801 0.367450
13.183308 2.747633 0.367572
13.160571 2.861291 0.367694
13.144814 2.936942 0.367775
13.120283 3.050228 0.367896
13.094856 3.163318 0.368017
13.077309 3.238575 0.368097
13.050097 3.351250 0.368217
13.021995 3.463706 0.368337
13.002667 3.538527 0.368416
12.972790 3.650526 0.368536
12.942028 3.762285 0.368654
12.920932 3.836627 0.368733
12.888407 3.947886 0.368852
12.855003 4.058884 0.368969
12.832149 4.132704 0.369047
12.808859 4.206387 0.369126
12.785132 4.279930 0.369203
12.760968 4.353331 0.369281
12.723856 4.463141 0.369397
12.685876 4.572654 0.369513
12.659980 4.645460 0.369589
12.620274 4.754356 0.369704
12.579708 4.862935 0.369819
12.552094 4.935103 0.369895
12.524053 5.007106 0.369970
12.495584 5.078940 0.370046
12.466692 5.150604 0.370121
12.422504 5.257752 0.370234
12.377473 5.364545 0.370345
12.346889 5.435500 0.370420
12.315888 5.506271 0.370494
12.284466 5.576856 0.370568
12.252627 5.647253 0.370641
12.220373 5.717459 0.370715
12.187704 5.787470 0.370788
12.154619 5.857286 0.370861
12.121123 5.926903 0.370933
12.087215 5.996319 0.371005
12.052897 6.065532 0.371078
12.018170 6.134539 0.371149
11.965264 6.237631 0.371257
11.911548 6.340298 0.371363
11.856821 6.442426 0.371469
11.801290 6.544116 0.371574
11.744760 6.645248 0.371679
11.687434 6.745926 0.371783
11.629119 6.846030 0.371886
11.570017 6.945666 0.371989
11.530094 7.011774 0.372057
11.489779 7.077643 0.372125
11.449079 7.143270 0.372193
11.407990 7.208652 0.372260
11.366515 7.273789 0.372327
11.324656 7.338676 0.372393
11.261105 7.435503 0.372493
11.175104 7.563757 0.372624
11.109660 7.659300 0.372722
11.043279 7.754188 0.372818
10.976154 7.848544 0.372915
10.930911 7.911089 0.372978
10.885300 7.973364 0.373042
10.839323 8.035365 0.373105
10.792980 8.097090 0.373167
10.746275 8.158538 0.373230
10.675495 8.250147 0.373323
10.603998 8.341191 0.373415
10.555858 8.401506 0.373476
7.926578 10.876808 0.375913
7.832031 10.943078 0.375976
7.736975 11.008595 0.376038
7.641289 11.073167 0.376099
7.545106 11.136977 0.376159
7.480657 11.179008 0.376198
7.415966 11.220655 0.376237
7.351034 11.261916 0.376276
7.253162 11.323035 0.376332
7.154821 11.383374 0.376388
7.055902 11.442738 0.376443
6.956531 11.501316 0.376497
6.856599 11.558907 0.376550
6.756227 11.615705 0.376602
6.655314 11.671505 0.376653
6.553976 11.726506 0.376703
6.452115 11.780502 0.376751
6.349842 11.833690 0.376799
6.281391 11.868608 0.376830
6.212739 11.903119 0.376861
6.143892 11.937223 0.376892
6.074850 11.970918 0.376922
6.005615 12.004202 0.376951
5.936191 12.037076 0.376980
5.866580 12.069536 0.377008
5.761796 12.117402 0.377050
5.656650 12.164436 0.377091
5.586316 12.195239 0.377117
5.515807 12.225624 0.377143
5.445127 12.255590 0.377169
5.374276 12.285138 0.377194
5.303259 12.314265 0.377219
5.232078 12.342973 0.377243
5.160734 12.371257 0.377267
5.089231 12.399118 0.377290
5.017571 12.426557 0.377313
4.945757 12.453569 0.377335
4.873792 12.480158 0.377357
4.801677 12.506320 0.377378
4.729416 12.532055 0.377399
4.657011 12.557363 0.377420
4.584464 12.582242 0.377439
4.511778 12.606690 0.377459
4.438955 12.630711 0.377478
4.366000 12.654299 0.377496
4.292913 12.677456 0.377514
4.219697 12.700181 0.377532
4.146356 12.722473 0.377549
4.072891 12.744332 0.377565
3.962454 12.776251 0.377589
3.851783 12.807301 0.377612
3.740829 12.837259 0.377634
3.629658 12.866344 0.377654
3.555402 12.885151 0.377667
3.443815 12.912484 0.377686
3.332031 12.938939 0.377704
3.257381 12.955990 0.377715
3.145224 12.980685 0.377731
3.032891 13.004498 0.377745
2.957889 13.019785 0.377754
2.845224 13.041831 0.377767
2.732404 13.062992 0.377779
2.657092 13.076509 0.377786
2.581709 13.089581 0.377793
2.506257 13.102211 0.377799
2.430740 13.114396 0.377805
2.355160 13.126138 0.377810
2.241670 13.142859 0.377817
2.128067 13.158691 0.377823
2.052261 13.168653 0.377827
1.938454 13.182702 0.377830
1.824555 13.195860 0.377833
1.748565 13.204038 0.377835
1.672536 13.211768 0.377836
1.558421 13.222472 0.377836
1.444241 13.232281 0.377835
1.368081 13.238226 0.377834
1.253791 13.246249 0.377831
1.139457 13.253377 0.377828
1.063209 13.257534 0.377825
0.948808 13.262875 0.377819
0.834383 13.267323 0.377813
0.758089 13.269691 0.377808
0.643640 13.272350 0.377799
0.529188 13.274116 0.377790
0.452890 13.274697 0.377783
0.338455 13.274677 0.377771
0.224040 13.273765 0.377759
0.147779 13.272560 0.377750
0.071535 13.270911 0.377741
-0.042792 13.267546 0.377725
-0.157074 13.263289 0.377709
-0.233228 13.259858 0.377698
-0.347399 13.253822 0.377680
-0.461504 13.246898 0.377661
-0.537526 13.241690 0.377648
-0.651478 13.232990 0.377627
-0.765344 13.223404 0.377605
-0.841192 13.216423 0.377590
-0.954863 13.205068 0.377566
-1.068427 13.192830 0.377542
-1.144060 13.184082 0.377525
-1.257388 13.170081 0.377498
-1.370588 13.155200 0.377470
-1.445965 13.144693 0.377452
-1.558889 13.128056 0.377422
-1.671664 13.110543 0.377392
-1.746744 13.098286 0.377371
-1.859202 13.079025 0.377339
-1.971491 13.058895 0.377306
-2.046233 13.044894 0.377283
-2.158164 13.023025 0.377248
-2.269907 13.000290 0.377212
-2.344271 12.984556 0.377187
-2.455616 12.960093 0.377150
-2.566751 12.934770 0.377111
-2.640697 12.917315 0.377085
-2.751395 12.890274 0.377044
-2.861864 12.862378 0.377002
-2.935353 12.843212 0.376974
-3.045344 12.813613 0.376931
-3.155087 12.783165 0.376887
-3.228079 12.762301 0.376857
-3.337306 12.730161 0.376811
-3.446264 12.697180 0.376764
-3.554878 12.663148 0.376716
-3.663210 12.628280 0.376667
-3.735239 12.604478 0.376634
-3.842987 12.567944 0.376584
-3.950433 12.530580 0.376532
-4.021859 12.505118 0.376497
-4.093128 12.479246 0.376462
-4.164237 12.452962 0.376426
-4.235186 12.426268 0.376390
-4.341280 12.385408 0.376335
-4.447039 12.343734 0.376279
-4.517318 12.315409 0.376241
-4.587425 12.286679 0.376203
-4.657355 12.257546 0.376164
-4.727108 12.228010 0.376125
-4.796681 12.198071 0.376085
-4.866072 12.167734 0.376045
-4.935278 12.136996 0.376005
-5.004298 12.105861 0.375964
-5.073128 12.074327 0.375923
-5.141767 12.042398 0.375881
-5.210212 12.010077 0.375839
-5.278461 11.977360 0.375796
-5.346513 11.944250 0.375754
-5.414363 11.910750 0.375710
-5.482011 11.876862 0.375666
-5.549456 11.842584 0.375622
-5.616692 11.807919 0.375578
-5.683720 11.772868 0.375533
-5.750536 11.737432 0.375488
-5.817138 11.701612 0.375442
-5.883525 11.665412 0.375396
-5.949695 11.628832 0.375349
-6.048507 11.573201 0.375279
-6.146873 11.516816 0.375208
-6.244673 11.459493 0.375135
-6.342015 11.401425 0.375062
-6.438774 11.342428 0.374988
-6.566999 11.262538 0.374888
-6.662569 11.201705 0.374813
-6.757531 11.139962 0.374736
-6.852001 11.077497 0.374658
-6.914649 11.035373 0.374606
-6.977046 10.992892 0.374554
-7.039190 10.950054 0.374501
-7.101079 10.906861 0.374447
-7.162711 10.863317 0.374394
-7.224083 10.819419 0.374340
-7.285195 10.775172 0.374285
-7.346043 10.730577 0.374231
-7.436784 10.662990 0.374148
-7.556878 10.571728 0.374036
-7.646270 10.502427 0.373952
-7.734976 10.432279 0.373867
-7.852323 10.337629 0.373752
-10.277932 7.730136 0.370666
-10.342185 7.637703 0.370559
-10.405719 7.544789 0.370451
-10.468350 7.451283 0.370343
-10.530255 7.357309 0.370234
-10.571040 7.294351 0.370162
-10.611458 7.231164 0.370089
-10.671350 7.135933 0.369979
-10.730503 7.040255 0.369869
-10.769444 6.976175 0.369795
-10.808013 6.911877 0.369721
-10.846209 6.847364 0.369647
-10.884029 6.782637 0.369572
-10.921474 6.717698 0.369498
-10.958543 6.652550 0.369423
-10.995234 6.587195 0.369348
-11.031544 6.521635 0.369273
-11.067475 6.455872 0.369198
-11.120609 6.356827 0.369085
-11.172976 6.257389 0.368971
-11.224383 6.157465 0.368857
-11.275019 6.057159 0.368742
-11.324684 5.956385 0.368628
-11.373571 5.855243 0.368512
-11.421483 5.753650 0.368397
-11.468611 5.651702 0.368281
-11.499505 5.583504 0.368203
-11.530005 5.515134 0.368126
-11.589818 5.377889 0.367970
-11.619129 5.309018 0.367892
-11.648043 5.239984 0.367814
-11.676558 5.170790 0.367736
-11.813122 4.822494 0.367342
-11.839228 4.752386 0.367263
-11.877576 4.646936 0.367144
-11.915112 4.541205 0.367025
-11.939596 4.470533 0.366946
-11.975505 4.364258 0.366826
-12.010598 4.257719 0.366707
-12.044667 4.150859 0.366587
-12.077915 4.043750 0.366467
-12.099531 3.972182 0.366386
-12.201424 3.612608 0.365984
-12.318310 3.141195 0.365458
-12.342843 3.031848 0.365337
-12.358640 2.958831 0.365256
-12.381495 2.849137 0.365134
-12.403510 2.739277 0.365012
-12.417626 2.665932 0.364930
-12.437957 2.555764 0.364808
-12.457445 2.445450 0.364686
-12.469874 2.371814 0.364604
-12.487672 2.261228 0.364482
-12.504623 2.150517 0.364359
-12.520516 2.039656 0.364237
-12.535561 1.928683 0.364115
-12.545024 1.854631 0.364033
-12.558371 1.743454 0.363910
-12.570867 1.632184 0.363788
-12.578629 1.557947 0.363706
-12.589424 1.446511 0.363583
-12.599366 1.335001 0.363461
-12.605427 1.260617 0.363379
-12.613664 1.148979 0.363256
-12.621049 1.037288 0.363134
-12.625402 0.962794 0.363052
-12.631081 0.851013 0.362930
-12.635905 0.739197 0.362807
-12.638552 0.664634 0.362726
-12.641669 0.552767 0.362603
-12.644871 0.366288 0.362400
-12.645424 0.254393 0.362278
-12.645125 0.142500 0.362156
-12.644356 0.067912 0.362074
-3.642886 -1.345207 0.055809
-3.351652 -1.932472 0.055422
2.859154 -2.943786 0.055097
3.348167 -2.448149 0.055543
3.955914 -1.540999 0.058822
4.153228 -1.048399 0.061202
3.156672 3.056326 0.060557
2.667793 3.433197 0.058389
0.644966 4.246414 0.058568
-2.947361 -3.556475 0.081993
-1.644445 -4.345736 0.082088
3.342247 -3.486799 0.078752
3.863885 -2.963969 0.079314
4.171221 -2.564658 0.079720
4.365708 -2.258371 0.080021
4.672942 -1.632543 0.080611
4.757521 -1.463255 0.082210
4.856881 -1.156840 0.082462
4.868486 -1.041918 0.081144
4.956677 -0.742405 0.082798
4.957572 -0.626920 0.081505
5.037404 -0.243792 0.083872
5.044891 -0.151507 0.083942
5.050046 -0.066148 0.084006
5.054695 0.047781 0.084091
5.050251 0.150513 0.083764
5.056485 0.247321 0.084238
5.053700 0.361328 0.084322
5.039744 0.436766 0.083713
5.050285 0.544085 0.084850
5.046153 0.646890 0.085187
4.948443 1.035150 0.082856
4.963091 1.139493 0.084879
4.942517 1.237056 0.084948
4.851362 1.546867 0.084522
4.846048 1.644840 0.085869
4.753960 1.844207 0.084729
4.742741 1.941824 0.086066
4.665990 2.144710 0.086517
4.556496 2.337801 0.085695
3.639393 3.648948 0.087445
2.556243 4.455916 0.087561
-2.732665 4.024633 0.083275
-2.857532 3.926337 0.083163
-2.957899 3.842381 0.083068
-3.049019 3.762026 0.082978
-3.264425 3.554731 0.082753
-3.538855 3.248960 0.082432
-3.650555 3.149538 0.084060
-3.845079 2.867150 0.083366
-4.027542 2.532760 0.081720
-4.144041 2.364760 0.083364
-4.260632 2.055006 0.081270
-4.342700 1.846729 0.081079
-4.447603 1.527836 0.080792
-4.470423 1.447063 0.080720
-4.570753 1.173056 0.083320
-4.560216 1.051607 0.080374
-5.549932 -0.662338 0.112888
-5.566711 -0.778449 0.116087
-5.545110 -0.861567 0.115368
-5.536236 -0.944741 0.115968
-5.477857 -1.059248 0.112585
-5.455462 -1.157605 0.112511
-5.451191 -1.267967 0.114636
-5.450334 -1.356831 0.116783
-5.285945 -1.738390 0.112087
-5.247919 -1.843844 0.112012
-5.260732 -1.944031 0.116946
-5.165953 -2.052527 0.111866
-5.151657 -2.139582 0.114034
-5.085303 -2.237514 0.111739
-5.048206 -2.364394 0.113884
-4.975600 -2.464687 0.111586
-4.956474 -2.545082 0.113767
-4.872500 -2.657524 0.111459
-4.860999 -2.757844 0.115866
-4.771034 -2.832041 0.111346
-4.748239 -2.935929 0.115308
-2.814955 -4.791847 0.110328
-2.760384 -4.853493 0.113603
-2.562831 -4.955164 0.112469
-2.064832 -5.176091 0.110237
-1.558335 -5.363600 0.110235
0.948769 -5.589925 0.110798
1.066255 -5.573652 0.110846
1.133235 -5.563236 0.110875
1.548761 -5.480429 0.111066
1.665882 -5.476421 0.114041
1.736500 -5.449402 0.113100
1.941234 -5.372780 0.111271
2.040603 -5.357889 0.113243
2.142581 -5.355343 0.116470
2.261980 -5.262059 0.111458
2.349168 -5.268333 0.115768
2.451231 -5.186774 0.111575
2.567099 -5.164354 0.114459
2.650920 -5.150268 0.116539
2.755516 -5.067935 0.113635
2.859734 -5.042503 0.116106
2.968006 -4.959498 0.113769
3.049122 -4.950951 0.116959
3.167075 -4.857665 0.114812
3.265980 -4.767612 0.112161
3.349338 -4.746426 0.114932
5.356281 -2.651160 0.119078
5.962453 -0.656848 0.116326
5.976374 -0.555444 0.116413
5.972699 0.941809 0.117635
5.958354 1.043169 0.117714
5.942358 1.144282 0.117792
5.924389 1.245062 0.117869
5.860178 1.545338 0.118095
5.835263 1.644621 0.118169
5.850262 1.754765 0.120318
5.750098 1.939612 0.118385
5.718360 2.036919 0.118455
5.637377 2.261562 0.118614
5.654108 2.341373 0.120718
5.560849 2.451386 0.118747
5.519958 2.545194 0.118811
5.463006 2.669172 0.118895
5.418484 2.761301 0.118958
5.324442 2.943033 0.119078
5.255462 3.159627 0.121249
5.147599 3.247750 0.119274
5.043100 3.410247 0.119376
-2.130275 5.506469 0.118950
-2.329687 5.414472 0.118815
-2.435550 5.361822 0.118741
-2.561601 5.352687 0.121298
-2.643984 5.250277 0.118587
-2.861967 5.121430 0.118417
-4.859486 3.039226 0.116119
-5.583456 0.745994 0.114029
-5.650029 0.544360 0.118131
-6.984580 0.060643 0.161207
-6.980989 -0.053785 0.161332
-6.975844 -0.178538 0.161231
-6.971215 -0.261648 0.161164
-6.967144 -0.323945 0.161114
-6.957245 -0.448410 0.161016
-6.893251 -0.964596 0.160614
-6.883098 -1.026196 0.160567
-6.861056 -1.149099 0.160474
-6.837047 -1.271634 0.160381
-6.843569 -1.367974 0.162785
-6.841754 -1.436566 0.163973
-6.777574 -1.535554 0.160185
-6.746807 -1.656579 0.160097
-6.741911 -1.772919 0.162495
-6.685005 -1.877018 0.159937
-6.660675 -1.956641 0.159881
-6.635656 -2.036051 0.159824
-6.655658 -2.135696 0.164732
-6.589444 -2.174235 0.159727
-6.561802 -2.252778 0.159672
-6.518642 -2.369985 0.159591
-6.481156 -2.467089 0.159524
-6.450063 -2.544341 0.159472
-6.460942 -2.644460 0.164395
-6.385431 -2.697842 0.159369
-6.351751 -2.774011 0.159318
-6.325887 -2.830869 0.159280
-6.272740 -2.943933 0.159206
-6.249996 -3.043726 0.161640
-6.170161 -3.148732 0.159074
-6.165294 -3.232668 0.162769
-6.061277 -3.350280 0.158947
-6.038627 -3.436086 0.161393
-5.988644 -3.476698 0.158868
-5.935159 -3.566064 0.158814
-5.880436 -3.654686 0.158760
-5.849407 -3.744769 0.161205
-5.743752 -3.863999 0.158637
-5.696717 -3.932799 0.158597
-3.748402 -5.853690 0.159547
-3.667812 -5.889431 0.157705
-3.636896 -5.958547 0.163172
-3.543953 -5.967135 0.157685
-3.469085 -6.055367 0.162527
-3.382444 -6.063399 0.157663
-3.347912 -6.125406 0.162503
-3.249460 -6.159183 0.160067
-3.163228 -6.185134 0.157640
-3.061189 -6.253660 0.159441
-2.958606 -6.289970 0.157626
-2.938546 -6.339923 0.162438
-2.862672 -6.376121 0.162428
-2.788756 -6.370927 0.157620
-2.658161 -6.468365 0.162404
-2.578306 -6.463777 0.157617
-2.449020 -6.545516 0.161197
-2.364969 -6.549948 0.157622
-2.267078 -6.586823 0.157626
-2.153790 -6.655446 0.161190
-2.049863 -6.662958 0.157640
-1.951415 -6.736325 0.162963
-1.853960 -6.752498 0.161194
-1.749908 -6.755677 0.157670
-1.669239 -6.778182 0.157680
-1.550088 -6.836477 0.161209
-1.440623 -6.854399 0.160051
-1.323591 -6.863379 0.157732
-1.241631 -6.880818 0.157747
-1.159516 -6.897544 0.157762
-1.056970 -6.948516 0.161952
-0.953264 -6.955896 0.160577
-0.870553 -6.948141 0.157822
-0.766856 -6.963331 0.157846
-0.642132 -6.979608 0.157877
-0.537980 -6.991540 0.157904
-0.496267 -6.995877 0.157915
-0.421053 -7.029163 0.161359
-0.347579 -7.035345 0.161373
-0.232108 -7.043704 0.161397
-0.126976 -7.049699 0.161420
-0.059052 -7.061341 0.162565
0.051177 -7.051043 0.160785
0.167809 -7.058281 0.161491
0.252096 -7.058411 0.161514
0.336389 -7.057807 0.161536
0.441747 -7.055493 0.161566
0.547074 -7.051588 0.161596
0.644013 -7.055624 0.162734
0.736527 -7.040962 0.161654
0.862671 -7.031065 0.161695
0.928621 -6.998417 0.158416
1.033090 -6.987437 0.158462
1.158248 -6.972291 0.158519
1.262350 -6.958028 0.158567
1.345470 -6.945420 0.158607
1.448484 -6.955857 0.161907
1.573163 -6.933544 0.161957
1.676469 -6.885715 0.158773
1.758749 -6.868237 0.158816
1.862606 -6.873047 0.162078
1.951097 -6.842650 0.161052
2.040216 -6.844123 0.163582
2.085889 -6.789345 0.158996
2.126518 -6.778396 0.159020
2.250108 -6.762743 0.161201
2.357888 -6.730578 0.161260
2.469199 -6.675746 0.159225
2.569017 -6.642362 0.159288
2.643400 -6.646256 0.162461
2.727693 -6.585872 0.159390
2.851854 -6.569343 0.162572
2.950227 -6.530491 0.162628
2.963187 -6.494206 0.159549
3.040969 -6.461818 0.159603
3.136150 -6.441789 0.161717
3.252888 -6.368044 0.159755
3.353819 -6.342089 0.161861
3.480584 -6.258039 0.159926
3.565331 -6.248029 0.163011
3.648769 -6.170266 0.160057
3.742298 -6.142023 0.162130
3.796376 -6.088652 0.160176
3.851207 -6.057102 0.160222
3.955064 -6.061282 0.165873
3.978124 -5.981704 0.160328
4.062719 -5.965731 0.163357
4.138982 -5.880896 0.160468
4.257586 -5.852845 0.164482
4.298523 -5.777821 0.159948
4.364770 -5.769002 0.163255
6.248842 -3.842166 0.164209
6.452106 -3.569960 0.166477
6.545918 -3.359787 0.164671
6.992626 -2.334602 0.163680
7.083685 -2.074663 0.163924
7.158914 -1.831771 0.164149
7.187757 -1.729811 0.164242
7.198863 -1.688906 0.164280
7.230738 -1.565803 0.164392
7.260358 -1.442133 0.164503
7.283493 -1.338711 0.164596
7.296645 -1.276496 0.164652
7.321158 -1.151699 0.164763
7.340022 -1.047402 0.164855
7.360574 -0.921882 0.164965
7.376040 -0.817019 0.165056
7.384529 -0.753987 0.165111
7.397526 -0.648785 0.165202
7.461923 -0.629853 0.168919
7.455084 -0.549860 0.168058
7.416934 -0.458968 0.165365
7.427103 -0.332164 0.165472
7.432639 -0.247535 0.165544
7.436170 -0.184025 0.165597
7.441405 -0.056916 0.165703
7.430623 0.642458 0.166275
7.422974 0.748203 0.166360
7.413958 0.853840 0.166444
7.407779 0.917153 0.166494
7.393603 1.043586 0.166593
7.377365 1.169770 0.166692
7.365127 1.253698 0.166756
7.348690 1.358434 0.166837
7.330653 1.462907 0.166917
7.314974 1.546258 0.166980
7.298560 1.629467 0.167043
7.276487 1.733158 0.167121
7.248029 1.857148 0.167214
7.227844 1.939519 0.167275
7.206693 2.021645 0.167335
7.173162 2.144352 0.167425
7.143521 2.246125 0.167499
7.106123 2.367702 0.167587
7.079833 2.448319 0.167644
7.045878 2.548726 0.167715
7.017584 2.628658 0.167772
6.973389 2.747914 0.167855
6.927101 2.866368 0.167937
6.853730 3.042442 0.168058
6.819729 3.120101 0.168110
6.766914 3.235770 0.168188
6.730576 3.312355 0.168238
6.674392 3.426413 0.168314
6.626018 3.520673 0.168375
6.555941 3.651389 0.168459
6.514853 3.725511 0.168507
6.472790 3.799081 0.168553
6.440653 3.853913 0.168587
6.408088 3.908490 0.168622
6.363889 3.980784 0.168666
6.341473 4.016735 0.168688
6.237986 4.176827 0.168786
6.178722 4.264589 0.168838
6.118129 4.351429 0.168889
6.081207 4.403130 0.168920
4.144274 6.242470 0.169787
3.965146 6.354466 0.169819
3.837821 6.429627 0.169838
3.653416 6.532535 0.169861
3.578892 6.572283 0.169869
3.503858 6.611043 0.169876
3.447279 6.639506 0.169881
3.371480 6.676715 0.169886
3.314365 6.704064 0.169889
3.276150 6.721998 0.169892
3.180154 6.765821 0.169896
3.044706 6.824751 0.169899
2.947307 6.865282 0.169900
2.849314 6.904322 0.169899
2.750751 6.941864 0.169897
2.631796 6.985035 0.169893
2.532124 7.019438 0.169888
2.452008 7.045805 0.169883
2.371645 7.071388 0.169877
2.250534 7.107875 0.169867
2.149139 7.136621 0.169857
2.026952 7.169189 0.169843
1.842674 7.213956 0.169818
1.739844 7.236804 0.169802
1.636700 7.258125 0.169786
1.553958 7.273990 0.169771
1.367219 7.306375 0.169735
1.242301 7.325198 0.169709
1.137983 7.339240 0.169686
1.075299 7.346884 0.169671
0.949763 7.360586 0.169641
0.824027 7.372088 0.169608
0.719124 7.380020 0.169580
0.656134 7.383996 0.169562
0.530080 7.390354 0.169525
-0.142474 7.387016 0.169298
-0.247357 7.380743 0.169258
-0.352139 7.373128 0.169217
-0.435862 7.365866 0.169183
-0.561255 7.353148 0.169130
-0.623861 7.345999 0.169104
-0.728034 7.332792 0.169058
-0.852758 7.314983 0.169002
-0.914997 7.305294 0.168973
-1.080489 7.276729 0.168894
-1.142355 7.264997 0.168864
-1.265767 7.239979 0.168802
-1.368255 7.217522 0.168750
-1.409151 7.208111 0.168728
-1.531486 7.178457 0.168663
-1.633001 7.152093 0.168607
-1.754290 7.118553 0.168539
-1.975019 7.051636 0.168411
-2.054679 7.025438 0.168362
-2.153887 6.991625 0.168301
-2.232858 6.963474 0.168252
-2.350673 6.919538 0.168177
-2.467687 6.873564 0.168100
-2.564573 6.833733 0.168034
-2.622398 6.809118 0.167995
-2.756464 6.749760 0.167901
-2.945805 6.660314 0.167765
-3.020850 6.623132 0.167709
-3.150993 6.555773 0.167610
-3.224736 6.516120 0.167553
-3.352617 6.444645 0.167451
-3.479052 6.370688 0.167348
-3.568415 6.316301 0.167274
-3.656936 6.260580 0.167199
-3.744664 6.203640 0.167122
-3.848754 6.133554 0.167030
-3.951641 6.061745 0.166937
-4.019572 6.012955 0.166874
-6.359608 3.248893 0.167480
-6.453156 3.037748 0.167296
-6.431946 2.954594 0.163552
-6.516622 2.741640 0.163349
-6.552931 2.644011 0.163256
-6.647084 2.528192 0.166854
-6.627746 2.427438 0.163053
-6.653113 2.348078 0.162979
-6.677791 2.268504 0.162906
-6.707170 2.168598 0.162814
-6.740550 2.048182 0.162704
-6.766720 1.947400 0.162612
-6.796336 1.826016 0.162502
-6.954342 1.246075 0.165788
-6.920888 1.150564 0.161905
-6.934082 1.047312 0.161815
-6.948083 0.923193 0.161709
-6.952247 0.881767 0.161673
-6.961578 0.778101 0.161585
-6.970836 0.653546 0.161479
-6.976812 0.549638 0.161392
-6.980706 0.466466 0.161322
-6.984043 0.362443 0.161235
-6.986102 0.237570 0.161132
-6.986197 0.133496 0.161046
-9.102609 0.026476 0.234950
-9.101249 -0.040983 0.234892
-9.099795 -0.094922 0.234848
-9.098032 -0.148852 0.234804
-9.093574 -0.256676 0.234717
-9.089377 -0.337503 0.234651
-9.082749 -0.445214 0.234565
-9.074881 -0.552842 0.234479
-9.046906 -0.848275 0.234245
-9.037605 -0.928676 0.234183
-9.024178 -1.035753 0.234099
-9.009519 -1.142669 0.234017
-8.997756 -1.222748 0.233955
-8.976514 -1.355963 0.233854
-8.958174 -1.462313 0.233773
-8.938610 -1.568446 0.233693
-8.923174 -1.647903 0.233634
-8.954864 -1.729294 0.238069
-8.884367 -1.832740 0.233497
-8.860544 -1.938006 0.233420
-8.835510 -2.042993 0.233343
-8.837943 -2.158988 0.236259
-8.781825 -2.252075 0.233192
-8.753181 -2.356142 0.233118
-8.723339 -2.459876 0.233045
-8.745217 -2.542817 0.237489
-8.660080 -2.666289 0.232900
-8.626673 -2.768940 0.232829
-8.644703 -2.852234 0.237276
-8.583290 -2.896719 0.232741
-8.547232 -2.998480 0.232672
-8.519383 -3.074513 0.232621
-8.490952 -3.150332 0.232570
-8.461792 -3.225877 0.232520
-8.453677 -3.359648 0.236936
-8.380949 -3.426121 0.232388
-8.338800 -3.525538 0.232323
-8.273435 -3.673745 0.232228
-8.228437 -3.771919 0.232165
-8.170638 -3.893921 0.232089
-8.135059 -3.966695 0.232043
-8.086690 -4.063272 0.231984
-8.037209 -4.159289 0.231925
-7.986623 -4.254736 0.231867
-7.955675 -4.365281 0.234799
-7.882159 -4.443867 0.231754
-7.865138 -4.549781 0.236187
-7.759395 -4.653690 0.231632
-7.739255 -4.758774 0.236063
-7.674664 -4.791867 0.231553
-7.631325 -4.860359 0.231515
-7.572664 -4.951126 0.231464
-7.564343 -5.051873 0.237389
-7.497898 -5.063655 0.231403
-7.436807 -5.152827 0.231355
-7.359159 -5.263411 0.231296
-7.345320 -5.343588 0.235732
-7.279897 -5.372861 0.231238
-7.247737 -5.416313 0.231216
-5.145954 -7.468653 0.230403
-5.057826 -7.565640 0.234749
-4.990069 -7.576760 0.230380
-4.960183 -7.643218 0.236181
-4.854635 -7.666799 0.230362
-4.747592 -7.758271 0.233246
-4.671762 -7.783400 0.230343
-4.638769 -7.848028 0.236123
-4.579283 -7.840073 0.230335
-4.486144 -7.895679 0.230328
-4.436584 -7.957002 0.234651
-4.392357 -7.950210 0.230323
-4.248607 -8.046725 0.232474
-4.155136 -8.081787 0.230314
-4.056210 -8.154680 0.233184
-3.962630 -8.182101 0.230313
-3.923402 -8.242550 0.236042
-3.845568 -8.260550 0.233176
-3.767806 -8.277958 0.230316
-3.648849 -8.353569 0.233174
-3.545971 -8.380362 0.230325
-3.439148 -8.456388 0.234599
-3.321512 -8.477051 0.230340
-3.271283 -8.497736 0.230344
-3.226745 -8.554030 0.236022
-3.145165 -8.548144 0.230355
-3.069162 -8.577572 0.230363
-2.944137 -8.642992 0.233203
-2.858771 -8.673610 0.233211
-2.762549 -8.688528 0.230401
-2.648968 -8.754166 0.234638
-2.530069 -8.764700 0.230436
-2.452144 -8.788795 0.230449
-2.414721 -8.827336 0.234661
-2.270203 -8.860099 0.233279
-2.164579 -8.871168 0.230503
-2.085704 -8.892091 0.230519
-2.020077 -8.935649 0.234710
-1.944992 -8.963028 0.236112
-1.847943 -8.950590 0.230571
-1.741778 -8.974616 0.230596
-1.661975 -8.991866 0.230616
-1.645106 -9.048151 0.237709
-1.527764 -9.036712 0.233413
-1.446372 -9.069777 0.236191
-1.368042 -9.048993 0.230693
-1.260702 -9.067454 0.230723
-1.056241 -9.125170 0.234899
-0.942381 -9.149469 0.236294
-0.476755 -9.163932 0.230975
-0.340812 -9.173836 0.231025
-0.231949 -9.180370 0.231065
0.640742 -9.186996 0.231430
0.722563 -9.183491 0.231467
0.858869 -9.175954 0.231531
0.967844 -9.168527 0.231584
1.049527 -9.162163 0.231624
1.131155 -9.155005 0.231664
1.246483 -9.161867 0.234350
1.334897 -9.170521 0.237015
1.464092 -9.136847 0.234452
1.562700 -9.132996 0.235807
1.646579 -9.093412 0.231934
1.727643 -9.081033 0.231978
1.835576 -9.063476 0.232039
1.968944 -9.068324 0.236000
2.049853 -9.053216 0.236041
2.157545 -9.056927 0.239257
2.184928 -8.997765 0.232241
2.265189 -8.980671 0.232290
2.371990 -8.956837 0.232355
2.523308 -8.940419 0.235010
2.637776 -8.891799 0.232521
2.743566 -8.863611 0.232589
2.980406 -8.795709 0.232746
3.448520 -8.641211 0.233073
3.530693 -8.643474 0.236887
3.628331 -8.574452 0.233205
3.761961 -8.555273 0.237039
3.835066 -8.551538 0.240136
3.857539 -8.483301 0.233377
3.933394 -8.451527 0.233436
4.047556 -8.464617 0.240456
4.134361 -8.363637 0.233594
4.242363 -8.349100 0.237372
4.441197 -8.254355 0.237518
4.637828 -8.154965 0.237666
4.843927 -8.057099 0.239040
7.898323 -5.280296 0.237749
7.964816 -5.264795 0.241147
7.977776 -5.167685 0.237876
8.055552 -5.053891 0.238004
8.176687 -4.869574 0.238208
8.526582 -4.275620 0.238849
8.616714 -4.104824 0.239029
8.654214 -4.031031 0.239107
8.691136 -3.956943 0.239184
8.751121 -3.832691 0.239312
8.786293 -3.757744 0.239389
8.854507 -3.732088 0.242687
8.832112 -3.657307 0.239492
8.887684 -3.530989 0.239621
8.930833 -3.429360 0.239723
8.972785 -3.327224 0.239826
9.051601 -3.272916 0.243123
9.033456 -3.173098 0.239979
9.181866 -2.757041 0.240388
9.256735 -2.520051 0.240616
9.280242 -2.440602 0.240692
9.310544 -2.334363 0.240793
9.339596 -2.227770 0.240894
9.360599 -2.147612 0.240969
9.387448 -2.040434 0.241070
9.406716 -1.959834 0.241145
9.431352 -1.852117 0.241245
9.454718 -1.744112 0.241344
9.471446 -1.662938 0.241419
9.492582 -1.554467 0.241518
9.502670 -1.500139 0.241567
9.512438 -1.445751 0.241617
9.526450 -1.364055 0.241690
9.544061 -1.254946 0.241788
9.560386 -1.145634 0.241886
9.571824 -1.063531 0.241959
9.585892 -0.953899 0.242056
9.595555 -0.871563 0.242128
9.607358 -0.761660 0.242224
9.617867 -0.651622 0.242320
9.627078 -0.541465 0.242416
9.634990 -0.431205 0.242511
9.644420 -0.265655 0.242652
9.649079 -0.155205 0.242746
9.652437 -0.044705 0.242839
9.654492 0.065828 0.242931
9.655219 0.148740 0.243001
9.655131 0.231657 0.243069
9.654391 0.314570 0.243138
9.651422 0.452734 0.243251
9.647614 0.563225 0.243341
9.643943 0.646063 0.243409
9.639457 0.728860 0.243475
9.632394 0.839193 0.243564
9.626285 0.921887 0.243630
9.614368 1.059570 0.243739
9.603407 1.169584 0.243826
9.520009 1.771794 0.244291
9.505657 1.853457 0.244352
9.404207 2.340416 0.244714
9.307542 2.715009 0.244984
9.212456 3.032659 0.245207
9.106212 3.346719 0.245422
9.009249 3.605409 0.245596
8.915473 3.835660 0.245748
8.001324 5.503436 0.246745
7.708968 5.904855 0.246954
5.553152 7.938175 0.247728
5.415915 8.029944 0.247746
5.253734 8.133779 0.247763
5.136658 8.205944 0.247774
5.065885 8.248355 0.247779
4.947175 8.317739 0.247786
4.851428 8.371858 0.247790
4.730974 8.438092 0.247794
4.609568 8.502521 0.247796
4.536255 8.540258 0.247797
4.462655 8.577420 0.247796
4.339241 8.637810 0.247794
4.239908 8.684839 0.247791
4.140043 8.730696 0.247787
4.039661 8.775374 0.247781
3.938774 8.818868 0.247775
3.862802 8.850744 0.247769
3.761067 8.892153 0.247760
3.710024 8.912408 0.247755
3.633231 8.942188 0.247747
3.530470 8.980892 0.247736
3.401425 9.027605 0.247720
3.349618 9.045745 0.247713
3.271705 9.072343 0.247702
3.193594 9.098331 0.247691
3.141390 9.115249 0.247683
3.036701 9.148162 0.247666
2.957933 9.172001 0.247652
2.878989 9.195224 0.247638
2.826245 9.210293 0.247628
2.746962 9.232276 0.247613
2.614448 9.267467 0.247586
2.534694 9.287587 0.247569
2.428111 9.313372 0.247545
2.347997 9.331929 0.247526
2.267716 9.349703 0.247507
2.133616 9.377861 0.247474
2.052963 9.393750 0.247452
1.945237 9.413884 0.247424
1.837298 9.432756 0.247393
1.756219 9.446120 0.247370
1.647942 9.462778 0.247338
1.566615 9.474400 0.247313
1.458047 9.488838 0.247279
1.376528 9.498873 0.247253
1.322137 9.505139 0.247235
1.240487 9.513903 0.247208
1.158779 9.522029 0.247180
1.049739 9.531697 0.247142
0.967896 9.538073 0.247112
0.858708 9.545512 0.247072
0.749457 9.551674 0.247031
0.640156 9.556562 0.246989
0.558157 9.559430 0.246956
0.448806 9.562086 0.246912
0.366786 9.563200 0.246878
0.257430 9.563624 0.246832
0.148092 9.562773 0.246785
0.038787 9.560647 0.246737
-0.043164 9.558258 0.246701
-0.152377 9.553905 0.246651
-0.234236 9.549767 0.246613
-0.343310 9.543190 0.246561
-0.452285 9.535345 0.246508
-0.561145 9.526232 0.246454
-0.642711 9.518606 0.246413
-0.751337 9.507279 0.246358
-0.805593 9.501143 0.246330
-0.859809 9.494692 0.246302
-0.941046 9.484384 0.246259
-1.049212 9.469592 0.246201
-1.157182 9.453545 0.246141
-1.291857 9.431764 0.246066
-1.372481 9.417695 0.246020
-1.452987 9.403003 0.245974
-1.533337 9.387534 0.245927
-1.640253 9.365872 0.245864
-1.746894 9.342973 0.245800
-1.853247 9.318838 0.245735
-1.959298 9.293473 0.245669
-2.065031 9.266880 0.245602
-2.144126 9.246170 0.245551
-2.249272 9.217440 0.245483
-2.301712 9.202618 0.245448
-2.354062 9.187492 0.245413
-2.432402 9.164200 0.245361
-2.536536 9.132137 0.245290
-2.666162 9.090406 0.245200
-2.743610 9.064409 0.245146
-2.846521 9.028752 0.245073
-2.923435 9.001268 0.245017
-3.051027 8.953884 0.244924
-3.152593 8.914682 0.244848
-3.253684 8.874310 0.244772
-3.354286 8.832774 0.244695
-3.429425 8.800896 0.244636
-3.479347 8.779260 0.244597
-3.553971 8.746230 0.244538
-3.628330 8.712626 0.244479
-3.677724 8.689845 0.244439
-3.751541 8.655102 0.244379
-3.825081 8.619793 0.244318
-3.873921 8.595878 0.244278
-3.971169 8.547203 0.244196
-4.019576 8.522448 0.244155
-4.067835 8.497412 0.244114
-4.115945 8.472099 0.244072
-4.211711 8.420645 0.243989
-4.259365 8.394506 0.243947
-4.330534 8.354748 0.243884
-4.471840 8.273464 0.243757
-4.541969 8.231945 0.243693
-4.657969 8.161315 0.243585
-4.727100 8.118193 0.243520
-4.772960 8.089092 0.243476
-4.864162 8.030102 0.243388
-4.909502 8.000215 0.243344
-4.954664 7.970067 0.243300
-5.044454 7.908996 0.243211
-5.089077 7.878074 0.243167
-5.133519 7.846897 0.243122
-5.243792 7.767810 0.243010
-5.309433 7.719651 0.242942
-5.374599 7.670866 0.242874
-5.439381 7.621584 0.242806
-7.446188 5.508780 0.240201
-7.507104 5.419343 0.240101
-7.552076 5.351792 0.240026
-7.596523 5.283901 0.239951
-7.625804 5.238416 0.239900
-7.669198 5.169857 0.239825
-7.795915 4.962070 0.239599
-8.324524 3.927833 0.238516
-8.516445 3.451863 0.238040
-8.553499 3.350379 0.237940
-8.615480 3.171781 0.237765
-8.640989 3.094887 0.237691
-8.713365 2.862894 0.237467
-8.743612 2.759213 0.237369
-8.779775 2.629151 0.237245
-8.793698 2.576981 0.237196
-8.807322 2.524733 0.237147
-8.827154 2.446209 0.237073
-8.852590 2.341266 0.236975
-8.882719 2.209701 0.236853
-8.894225 2.156955 0.236805
-8.905427 2.104144 0.236756
-8.916323 2.051271 0.236708
-8.932060 1.971841 0.236635
-8.947186 1.892294 0.236563
-8.970763 1.759422 0.236442
-8.988278 1.652898 0.236346
-9.004564 1.546184 0.236251
-9.019622 1.439292 0.236156
-9.033446 1.332237 0.236061
-9.043044 1.251852 0.235990
-9.051871 1.171381 0.235920
-9.062610 1.063980 0.235826
-9.072111 0.956466 0.235733
-9.082286 0.821936 0.235617
-9.087399 0.741152 0.235548
-9.093183 0.633380 0.235456
-9.096745 0.552515 0.235387
-9.098708 0.498588 0.235341
-9.100359 0.444652 0.235296
-9.101700 0.390707 0.235251
-9.103655 0.255821 0.235138
-9.103853 0.147902 0.235048
-12.841483 -0.033836 0.365559
-12.839551 -0.128515 0.365477
-12.836245 -0.242062 0.365383
-12.832071 -0.355580 0.365290
-12.828712 -0.431236 0.365228
-12.822806 -0.544676 0.365136
-12.816034 -0.658067 0.365044
-12.810944 -0.733625 0.364983
-12.805420 -0.809152 0.364923
-12.799464 -0.884646 0.364863
-12.793076 -0.960105 0.364803
-12.786256 -1.035526 0.364743
-12.775162 -1.148576 0.364655
-12.763206 -1.261539 0.364566
-12.754661 -1.336785 0.364508
-12.740982 -1.449553 0.364421
-12.726441 -1.562214 0.364334
-12.716175 -1.637245 0.364277
-12.705479 -1.712218 0.364220
-12.694354 -1.787128 0.364164
-12.682800 -1.861974 0.364107
-12.670818 -1.936753 0.364051
-12.651988 -2.048782 0.363968
-12.632304 -2.160665 0.363885
-12.618612 -2.235152 0.363830
-12.604494 -2.309561 0.363776
-12.589950 -2.383889 0.363722
-12.574980 -2.458133 0.363668
-12.559585 -2.532291 0.363615
-12.535643 -2.643350 0.363535
-12.510853 -2.754225 0.363456
-12.493763 -2.828015 0.363404
-12.467283 -2.938503 0.363326
-12.439960 -3.048788 0.363249
-12.411583 -3.158810 0.363173
-12.382368 -3.268615 0.363098
-12.362331 -3.341670 0.363048
-12.331441 -3.451021 0.362974
-12.299716 -3.560136 0.362901
-12.278009 -3.632719 0.362853
-12.244619 -3.741343 0.362781
-12.210400 -3.849712 0.362709
-12.175146 -3.957754 0.362639
-12.139066 -4.065526 0.362569
-12.114464 -4.137192 0.362524
-12.076740 -4.244408 0.362455
-12.038197 -4.351336 0.362388
-12.011957 -4.422427 0.362344
-11.985310 -4.493368 0.362299
-11.958255 -4.564157 0.362256
-11.930795 -4.634791 0.362212
-11.937090 -4.749346 0.367433
-11.874660 -4.775589 0.362127
-11.845986 -4.845748 0.362084
-11.816911 -4.915744 0.362043
-11.787435 -4.985574 0.362001
-11.757557 -5.055235 0.361960
-11.727280 -5.124727 0.361919
-11.696605 -5.194047 0.361879
-11.665531 -5.263192 0.361839
-11.634061 -5.332160 0.361799
-11.651641 -5.437527 0.368754
-11.569933 -5.469557 0.361721
-11.537278 -5.537981 0.361683
-11.551987 -5.643115 0.368626
-11.470791 -5.674269 0.361607
-11.436960 -5.742129 0.361570
-11.448823 -5.846971 0.368501
-11.368132 -5.877270 0.361496
-11.333135 -5.944546 0.361460
-11.279868 -6.045061 0.361407
-11.225830 -6.145171 0.361355
-11.170835 -6.244766 0.361303
-11.155937 -6.355737 0.366462
-11.058371 -6.442592 0.361203
-11.040846 -6.552875 0.366353
-10.942505 -6.638480 0.361106
-10.883352 -6.735707 0.361059
-10.842175 -6.851402 0.364462
-10.741923 -6.960494 0.360953
-10.679993 -7.056008 0.360909
-10.638217 -7.119369 0.360880
-10.596077 -7.182494 0.360852
-10.553573 -7.245378 0.360824
-10.544636 -7.346137 0.367659
-10.467480 -7.370420 0.360769
-10.459722 -7.445650 0.365890
-10.379948 -7.494478 0.360716
-10.335646 -7.556133 0.360690
-10.268482 -7.648111 0.360652
-10.235054 -7.752922 0.365744
-10.146786 -7.849422 0.363989
-7.527341 -10.449556 0.366494
-7.455833 -10.460582 0.359941
-7.368216 -10.544934 0.363207
-7.270564 -10.594482 0.359938
-7.230512 -10.652839 0.364830
-7.145753 -10.681979 0.359937
-7.055415 -10.763396 0.363191
-6.964075 -10.843869 0.366437
-6.861197 -10.873553 0.359944
-6.733133 -10.956357 0.359950
-6.642448 -11.050324 0.366421
-6.539230 -11.077806 0.359962
-6.461787 -11.151863 0.364806
-6.376051 -11.176508 0.359975
-6.350422 -11.252582 0.367377
-6.264273 -11.268320 0.364809
-6.178306 -11.291800 0.359995
-6.131471 -11.344075 0.364814
-6.064738 -11.381384 0.364817
-5.946595 -11.437799 0.363223
-5.844280 -11.476357 0.360036
-5.744171 -11.545497 0.363241
-5.641291 -11.582477 0.360067
-5.539869 -11.649711 0.363264
-5.436441 -11.685091 0.360101
-5.351187 -11.749843 0.364874
-5.264331 -11.767853 0.360133
-5.160766 -11.846854 0.366480
-5.056229 -11.863958 0.360175
-4.951118 -11.940873 0.366505
-4.846438 -11.956467 0.360221
-4.739830 -12.031289 0.366533
-4.651636 -12.060449 0.364975
-4.564194 -12.074168 0.360288
-4.455665 -12.146192 0.366577
-4.350700 -12.158171 0.360343
-4.243413 -12.198842 0.360372
-4.151514 -12.253840 0.365072
-4.063746 -12.264427 0.360423
-3.952059 -12.331542 0.366672
-3.845027 -12.354209 0.363591
-3.737976 -12.376090 0.360521
-3.665172 -12.399745 0.360545
-3.553425 -12.448676 0.363670
-3.460690 -12.483970 0.365241
-3.372558 -12.490160 0.360641
-3.259614 -12.536423 0.363756
-3.166028 -12.569537 0.365322
-3.040820 -12.583734 0.360758
-2.954628 -12.647568 0.368371
-2.849136 -12.659969 0.366945
-2.743878 -12.659708 0.360869
-2.632067 -12.686483 0.360913
-2.544303 -12.746245 0.368933
-2.441489 -12.742649 0.364029
-2.345834 -12.769725 0.365583
-2.257602 -12.768543 0.361065
-2.144769 -12.790994 0.361113
-2.053778 -12.846993 0.368773
-1.959986 -12.864145 0.369173
-1.838562 -12.859896 0.364259
-1.741650 -12.882548 0.365804
-1.653593 -12.877238 0.361330
-1.577723 -12.888856 0.361365
-1.522200 -12.934581 0.369034
-1.445960 -12.945349 0.369073
-1.354633 -12.966520 0.370704
-1.263514 -12.958016 0.367489
-1.154052 -12.958404 0.364550
-1.055971 -12.976063 0.366085
-0.968331 -12.965955 0.361660
-0.853646 -12.977207 0.361718
-0.738861 -12.987572 0.361777
-0.662277 -12.993891 0.361817
-0.585650 -12.999765 0.361857
-0.526498 -13.040333 0.369570
-0.449570 -13.045383 0.369614
-0.356748 -13.059072 0.371303
-0.246683 -13.049957 0.368423
-0.141530 -13.061157 0.369794
-0.048368 -13.072554 0.371500
0.041567 -13.057735 0.368064
0.150574 -13.046849 0.365190
0.250168 -13.055068 0.366706
0.349963 -13.062561 0.368216
0.458692 -13.048968 0.365357
0.558514 -13.054974 0.366868
0.655785 -13.068977 0.370290
0.755712 -13.060419 0.369002
0.861564 -13.063368 0.370418
0.938743 -13.060424 0.370469
1.044229 -13.062924 0.372086
1.154107 -13.040712 0.368678
1.247333 -13.044196 0.370675
1.352916 -13.044305 0.372295
1.451684 -12.992681 0.363067
1.566868 -12.982938 0.363143
1.643615 -12.975845 0.363195
1.758664 -12.964312 0.363272
1.867511 -12.974843 0.367628
1.944266 -12.966110 0.367676
2.055013 -12.969625 0.371436
2.153693 -12.945560 0.369371
2.247161 -12.942274 0.371381
2.332450 -12.891887 0.363672
2.446839 -12.874322 0.363755
2.561103 -12.855865 0.363838
2.632793 -12.867460 0.368124
2.752885 -12.855495 0.370341
2.858304 -12.842257 0.371844
2.940829 -12.786930 0.364120
3.054364 -12.764030 0.364207
3.164668 -12.765857 0.368492
3.237949 -12.765385 0.372143
3.342938 -12.750229 0.373787
3.393850 -12.689580 0.364470
3.469036 -12.671809 0.364529
3.544124 -12.653597 0.364589
3.661293 -12.659793 0.371035
3.768777 -12.596325 0.364770
3.843449 -12.576357 0.364831
3.967151 -12.560339 0.367699
4.065092 -12.557638 0.372827
4.141004 -12.492111 0.365078
4.252081 -12.458666 0.365172
4.363331 -12.452616 0.369393
4.436684 -12.445785 0.373150
4.546930 -12.364852 0.365425
4.658366 -12.356878 0.369631
4.731682 -12.348531 0.373412
4.839618 -12.264129 0.365683
4.951220 -12.254248 0.369874
5.057617 -12.184083 0.365879
5.166124 -12.142672 0.365978
5.242547 -12.161850 0.373882
5.346129 -12.071387 0.366145
5.457984 -12.058205 0.370310
5.560810 -11.982420 0.366347
5.672760 -11.967838 0.370501
5.745827 -11.954412 0.374364
5.844651 -11.857917 0.366619
5.958985 -11.859225 0.374574
6.055644 -11.760164 0.366826
6.170529 -11.760303 0.374786
6.264944 -11.658689 0.367036
6.380391 -11.657673 0.375000
6.438046 -11.571356 0.367212
6.565615 -11.563385 0.375192
6.575602 -11.499613 0.367353
6.644072 -11.463133 0.367425
6.722153 -11.459891 0.371492
6.780382 -11.388962 0.367568
6.848217 -11.351273 0.367640
6.926671 -11.347273 0.371697
6.983238 -11.274694 0.367784
7.050418 -11.235807 0.367857
7.150741 -11.176683 0.367966
7.263192 -11.151580 0.372043
7.349902 -11.055871 0.368185
7.448727 -10.994193 0.368296
7.546957 -10.931540 0.368406
7.644706 -10.868114 0.368518
7.724705 -10.861069 0.372536
7.774141 -10.782133 0.368667
7.838486 -10.738569 0.368742
7.934499 -10.672461 0.368854
8.047089 -10.641972 0.372895
8.093327 -10.560516 0.369042
8.174270 -10.551672 0.373040
8.250461 -10.446134 0.369232
8.343998 -10.376463 0.369346
8.405998 -10.329523 0.369422
10.976784 -7.738357 0.373127
11.046523 -7.644329 0.373247
11.115524 -7.549747 0.373368
11.161033 -7.486327 0.373448
11.250514 -7.461188 0.377322
11.250931 -7.358675 0.373609
11.295318 -7.294447 0.373689
11.339327 -7.229954 0.373770
11.382958 -7.165199 0.373850
11.426208 -7.100183 0.373930
11.469077 -7.034910 0.374011
11.532612 -6.936489 0.374131
11.595377 -6.837563 0.374252
11.657170 -6.738014 0.374372
11.778212 -6.537329 0.374613
11.837453 -6.436207 0.374733
11.876417 -6.368478 0.374814
11.914984 -6.300516 0.374894
11.953150 -6.232324 0.374974
11.990914 -6.163904 0.375054
12.046755 -6.060823 0.375174
12.101786 -5.957299 0.375294
12.155799 -5.853229 0.375413
12.208994 -5.748729 0.375533
12.261163 -5.643701 0.375652
12.312505 -5.538259 0.375772
12.346180 -5.467691 0.375851
12.379439 -5.396923 0.375930
12.412282 -5.325955 0.376010
12.444705 -5.254791 0.376089
12.476708 -5.183434 0.376168
12.508292 -5.111884 0.376247
12.539453 -5.040146 0.376326
12.570190 -4.968223 0.376405
12.615447 -4.859970 0.376523
12.659851 -4.751358 0.376641
12.688885 -4.678713 0.376719
12.717488 -4.605896 0.376797
12.745663 -4.532907 0.376876
12.773406 -4.459750 0.376954
12.814156 -4.349684 0.377071
12.854039 -4.239294 0.377187
12.880048 -4.165489 0.377265
12.918189 -4.054472 0.377381
12.955455 -3.943151 0.377497
12.979713 -3.868740 0.377574
13.015223 -3.756834 0.377690
13.049849 -3.644646 0.377805
13.072343 -3.569671 0.377881
13.094394 -3.494560 0.377958
13.116001 -3.419319 0.378034
13.137163 -3.343947 0.378110
13.157880 -3.268450 0.378186
13.188061 -3.154957 0.378299
13.217347 -3.041225 0.378413
13.236273 -2.965249 0.378488
13.263762 -2.851059 0.378601
13.290350 -2.736651 0.378713
13.307474 -2.660239 0.378787
13.332255 -2.545417 0.378899
13.356130 -2.430398 0.379010
13.371441 -2.353593 0.379084
13.386297 -2.276696 0.379157
13.407672 -2.161175 0.379267
13.428135 -2.045486 0.379377
13.441167 -1.968251 0.379450
13.459802 -1.852245 0.379559
13.477520 -1.736092 0.379667
13.488721 -1.658563 0.379739
13.499462 -1.580968 0.379811
13.509746 -1.503309 0.379883
13.519567 -1.425588 0.379954
13.528930 -1.347810 0.380025
13.537830 -1.269975 0.380096
13.550261 -1.153120 0.380202
13.561768 -1.036166 0.380308
13.568824 -0.958137 0.380378
13.578483 -0.841012 0.380482
13.587216 -0.723812 0.380586
13.592422 -0.645633 0.380655
13.597164 -0.567423 0.380724
13.603351 -0.450054 0.380827
13.608610 -0.332639 0.380929
13.611498 -0.254335 0.380997
13.613922 -0.176014 0.381064
13.616631 -0.058507 0.381165
13.618411 0.059019 0.381265
13.618979 0.137378 0.381331
13.618902 0.254921 0.381431
13.617897 0.372460 0.381529
13.616608 0.450813 0.381594
13.614854 0.529157 0.381660
13.611297 0.646650 0.381757
13.606811 0.764111 0.381853
13.603201 0.842393 0.381917
13.596860 0.959770 0.382012
13.589592 1.077094 0.382107
13.584128 1.155269 0.382170
13.578202 1.233411 0.382232
13.568388 1.350549 0.382325
13.557647 1.467606 0.382417
13.549870 1.545585 0.382479
13.541633 1.623517 0.382540
13.528353 1.740312 0.382630
13.514151 1.856998 0.382720
13.504068 1.934711 0.382780
13.488025 2.051157 0.382869
13.471062 2.167471 0.382957
13.459141 2.244922 0.383015
13.440343 2.360952 0.383102
13.420630 2.476828 0.383188
13.406878 2.553972 0.383245
13.392669 2.631033 0.383301
13.370444 2.746450 0.383386
13.347309 2.861686 0.383469
13.331279 2.938385 0.383524
13.314795 3.014986 0.383579
13.297859 3.091488 0.383634
13.280469 3.167886 0.383688
13.262628 3.244180 0.383742
13.234963 3.358402 0.383822
13.206398 3.472401 0.383901
13.186756 3.548245 0.383954
13.156394 3.661773 0.384031
13.125139 3.775054 0.384109
13.103707 3.850407 0.384159
13.081829 3.925630 0.384210
13.048124 4.038198 0.384285
13.013532 4.150494 0.384359
12.977834 4.262438 0.384433
12.941254 4.374094 0.384505
12.916282 4.448334 0.384553
12.877946 4.559391 0.384624
12.838736 4.670139 0.384694
12.812015 4.743760 0.384741
12.771064 4.853867 0.384809
12.729247 4.963643 0.384877
12.700793 5.036602 0.384922
12.657252 5.145697 0.384988
12.612852 5.254440 0.385054
12.567384 5.362734 0.385118
12.521065 5.470662 0.385182
12.489620 5.542366 0.385224
12.441607 5.649539 0.385286
12.392752 5.756326 0.385347
12.342849 5.862620 0.385408
12.292111 5.968513 0.385467
12.257731 6.038835 0.385506
12.222937 6.108951 0.385544
12.187730 6.178856 0.385583
12.152111 6.248549 0.385620
12.116083 6.318028 0.385658
12.079644 6.387290 0.385695
12.042798 6.456333 0.385731
12.005547 6.525154 0.385767
11.967889 6.593750 0.385803
11.929830 6.662120 0.385838
11.871934 6.764214 0.385890
11.813240 6.865844 0.385941
11.773579 6.933283 0.385974
11.733521 7.000483 0.386007
11.693069 7.067442 0.386040
11.652224 7.134158 0.386072
11.610987 7.200628 0.386104
11.569359 7.266850 0.386135
11.527341 7.332823 0.386166
11.484938 7.398542 0.386196
11.442147 7.464006 0.386226
11.377194 7.561687 0.386270
11.311478 7.658848 0.386314
11.244812 7.755348 0.386356
11.177393 7.851313 0.386397
11.131948 7.914930 0.386424
11.086128 7.978273 0.386450
11.039939 8.041342 0.386476
10.969916 8.135390 0.386514
10.875330 8.259849 0.386563
10.803482 8.352484 0.386599
10.730731 8.444397 0.386633
8.045981 10.982106 0.387188
7.950360 11.049258 0.387188
7.854226 11.115652 0.387187
7.789796 11.159406 0.387186
7.725116 11.202775 0.387185
7.660187 11.245760 0.387183
7.595010 11.288360 0.387180
7.529590 11.330571 0.387177
7.463926 11.372394 0.387174
7.364954 11.434346 0.387167
7.265509 11.495514 0.387160
7.165482 11.555696 0.387152
7.064997 11.615086 0.387143
6.963949 11.673479 0.387132
6.862457 11.731073 0.387121
6.794504 11.768932 0.387112
6.726335 11.806390 0.387104
6.657952 11.843443 0.387095
6.589360 11.880090 0.387085
6.520558 11.916329 0.387075
6.451550 11.952162 0.387064
6.382339 11.987584 0.387054
6.312927 12.022597 0.387042
6.243316 12.057199 0.387030
6.173509 12.091387 0.387018
6.103508 12.125163 0.387005
6.033316 12.158524 0.386992
5.962935 12.191470 0.386978
5.856993 12.240054 0.386956
5.750686 12.287801 0.386934
5.643932 12.334499 0.386910
5.536829 12.380355 0.386885
5.465197 12.410362 0.386868
5.357414 12.454526 0.386842
5.249302 12.497840 0.386815
5.140787 12.540089 0.386786
5.031959 12.581482 0.386757
4.959200 12.608506 0.386737
4.849764 12.648182 0.386705
4.740033 12.686997 0.386673
4.666687 12.712298 0.386651
4.556391 12.749385 0.386618
4.445820 12.785603 0.386583
4.371929 12.809169 0.386559
4.260833 12.843646 0.386522
4.149485 12.877249 0.386485
4.075089 12.899069 0.386459
4.000573 12.920449 0.386433
3.925941 12.941392 0.386407
3.851193 12.961895 0.386380
3.776334 12.981957 0.386353
3.701366 13.001580 0.386325
3.626291 13.020761 0.386297
3.551113 13.039500 0.386268
3.438143 13.066725 0.386225
3.324979 13.093063 0.386180
3.249410 13.110031 0.386150
3.173751 13.126554 0.386119
3.060087 13.150450 0.386072
2.946255 13.173455 0.386024
2.870259 13.188199 0.385992
2.756110 13.209420 0.385942
2.641814 13.229749 0.385892
2.565523 13.242703 0.385858
2.450954 13.261243 0.385806
2.336258 13.278885 0.385753
2.259715 13.290050 0.385717
2.144787 13.305898 0.385662
2.029755 13.320848 0.385607
1.953001 13.330216 0.385570
1.876201 13.339135 0.385532
1.760916 13.351614 0.385474
1.645553 13.363193 0.385416
1.568595 13.370312 0.385376
1.453096 13.380090 0.385316
1.337538 13.388968 0.385256
1.260466 13.394284 0.385215
1.183372 13.399153 0.385173
1.106258 13.403568 0.385131
1.029127 13.407535 0.385089
0.951982 13.411051 0.385046
0.874826 13.414115 0.385003
0.759074 13.417812 0.384938
0.643313 13.420608 0.384872
0.566137 13.421871 0.384828
0.450376 13.422866 0.384760
0.334627 13.422961 0.384692
0.257473 13.422423 0.384646
0.141767 13.420719 0.384576
0.026093 13.418116 0.384505
-0.050997 13.415781 0.384458
-0.128065 13.412997 0.384410
-0.243615 13.407925 0.384338
-0.359106 13.401956 0.384264
-0.436057 13.397378 0.384215
-0.551412 13.389617 0.384140
-0.666687 13.380962 0.384065
-0.743480 13.374597 0.384014
-0.858576 13.364156 0.383937
-0.973573 13.352823 0.383860
-1.050166 13.344674 0.383808
-1.126703 13.336081 0.383755
-1.241390 13.322301 0.383676
-1.355951 13.307634 0.383596
-1.432237 13.297266 0.383542
-1.546526 13.280829 0.383461
-1.660669 13.263508 0.383379
-1.736663 13.251372 0.383323
-1.850493 13.232288 0.383240
-1.964158 13.212325 0.383156
-2.039819 13.198431 0.383100
-2.153130 13.176714 0.383014
-2.266254 13.154123 0.382929
-2.341542 13.138479 0.382871
-2.454273 13.114145 0.382784
-2.566797 13.088941 0.382696
-2.641671 13.071559 0.382637
-2.753762 13.044622 0.382548
-2.865626 13.016822 0.382459
-2.940047 12.997714 0.382399
-3.051438 12.968193 0.382308
-3.162583 12.937814 0.382217
-3.236511 12.916991 0.382155
-3.347143 12.884904 0.382063
-3.457509 12.851967 0.381970
-3.530905 12.829443 0.381908
-3.604162 12.806496 0.381845
-3.677278 12.783126 0.381782
-3.750250 12.759335 0.381719
-3.859413 12.722807 0.381624
-3.968277 12.685443 0.381528
-4.040649 12.659976 0.381463
-4.148895 12.620943 0.381367
-4.256821 12.581079 0.381269
-4.328556 12.553950 0.381204
-4.400125 12.526411 0.381138
-4.471527 12.498459 0.381073
-4.542758 12.470097 0.381007
-4.649260 12.426734 0.380907
-4.755410 12.382556 0.380807
-4.861112 12.337363 0.380707
-4.966448 12.291361 0.380606
-5.036425 12.260156 0.380538
-5.106213 12.228548 0.380470
-5.175811 12.196540 0.380402
-5.245215 12.164133 0.380334
-5.314425 12.131329 0.380265
-5.383437 12.098125 0.380196
-5.452249 12.064528 0.380127
-5.520859 12.030537 0.380058
-5.589265 11.996151 0.379989
-5.657465 11.961373 0.379919
-5.725456 11.926205 0.379849
-5.793236 11.890647 0.379779
-5.860803 11.854702 0.379709
-5.928154 11.818369 0.379639
-5.995289 11.781651 0.379568
-6.062204 11.744549 0.379497
-6.128897 11.707064 0.379426
-6.195366 11.669197 0.379355
-6.261609 11.630951 0.379283
-6.360517 11.572823 0.379176
-6.458961 11.513943 0.379068
-6.556820 11.454126 0.378960
-6.654203 11.393564 0.378851
-6.750984 11.332077 0.378742
-6.847277 11.269854 0.378633
-6.911144 11.227882 0.378560
-6.974761 11.185547 0.378486
-7.038128 11.142849 0.378413
-7.132671 11.078079 0.378302
-7.226701 11.012591 0.378192
-7.289042 10.968456 0.378118
-7.351124 10.923966 0.378043
-7.443717 10.856524 0.377932
-7.566287 10.765433 0.377783
-7.657541 10.696241 0.377670
-7.748112 10.626187 0.377558
-7.867953 10.531637 0.377407
-7.957135 10.459873 0.377294
-10.398079 7.855993 0.373655
-10.463701 7.762705 0.373538
-10.549993 7.637501 0.373381
-10.613802 7.542994 0.373264
-10.676697 7.447888 0.373146
-10.738856 7.352313 0.373029
-10.779804 7.288284 0.372951
-10.820379 7.224026 0.372873
-10.860584 7.159540 0.372794
-10.920142 7.062360 0.372677
-10.978950 6.964734 0.372560
-11.036815 6.866559 0.372443
-11.093922 6.767951 0.372326
-11.131487 6.701929 0.372248
-11.168670 6.635695 0.372171
-11.223676 6.535928 0.372054
-11.277914 6.435750 0.371937
-11.331187 6.335068 0.371821
-11.383683 6.233987 0.371705
-11.418161 6.166339 0.371627
-11.469097 6.064482 0.371511
-11.519249 5.962244 0.371395
-11.568416 5.859541 0.371280
-11.616793 5.756472 0.371164
-11.664178 5.652952 0.371049
-11.887900 5.129693 0.370475
-12.101371 4.561680 0.369870
-12.138425 4.454123 0.369757
-12.174655 4.346291 0.369645
-12.221444 4.202025 0.369495
-12.244216 4.129698 0.369421
-12.266572 4.057244 0.369347
-12.288511 3.984667 0.369273
-12.310035 3.911967 0.369198
-12.331139 3.839147 0.369125
-12.351825 3.766211 0.369051
-12.382016 3.656577 0.368940
-12.411367 3.546721 0.368830
-12.430373 3.473340 0.368757
-12.458040 3.363058 0.368648
-12.484861 3.252573 0.368539
-12.510626 3.141843 0.368430
-12.535542 3.030923 0.368322
-12.551588 2.956855 0.368250
-12.574806 2.845576 0.368142
-12.597172 2.734128 0.368035
-12.611513 2.659719 0.367964
-12.632172 2.547950 0.367857
-12.651977 2.436031 0.367751
-12.664609 2.361321 0.367681
-12.682700 2.249119 0.367575
-12.699934 2.136787 0.367471
-12.710850 2.061814 0.367401
-12.726364 1.949238 0.367297
-12.741018 1.836550 0.367193
-12.750214 1.761354 0.367124
-12.763144 1.648461 0.367021
-12.775211 1.535475 0.366919
-12.782681 1.460094 0.366851
-12.793023 1.346943 0.366749
-12.802499 1.233719 0.366648
-12.808240 1.158192 0.366581
-12.815986 1.044841 0.366481
-12.822865 0.931437 0.366381
-12.826876 0.855802 0.366315
-12.832023 0.742310 0.366216
-12.836304 0.628784 0.366118
-12.838579 0.553081 0.366053
-12.841127 0.439506 0.365955
-12.842807 0.325916 0.365858
-12.843456 0.174451 0.365730
-12.843131 0.098719 0.365667
-3.767131 -1.153333 0.058142
4.369320 0.246154 0.067192
4.356050 0.336329 0.063387
4.355650 0.451473 0.065117
4.353976 0.559093 0.067239
4.336402 0.645776 0.063192
4.244967 1.157135 0.065051
4.148010 1.535934 0.063946
3.944427 2.046940 0.068421
3.653563 2.539937 0.065864
3.331965 2.948409 0.063598
3.057738 3.253304 0.066285
2.536380 3.663298 0.064337
2.430221 3.740302 0.065100
2.242593 3.845127 0.064622
2.058629 3.951150 0.065607
0.740392 4.352142 0.064573
-0.346611 4.351260 0.063082
-0.846617 4.244627 0.061395
-1.252275 4.153890 0.063922
-1.451954 4.040599 0.061150
-1.837275 3.835190 0.061491
-2.151270 3.661170 0.060800
-3.955558 0.758318 0.058992
-4.629872 -0.754610 0.084440
-4.547132 -1.162722 0.083918
-4.444659 -1.458935 0.083918
-4.342338 -1.744318 0.083659
-4.138101 -2.162084 0.083543
-3.955275 -2.451433 0.083563
-3.746099 -2.766882 0.083409
-3.650348 -2.854053 0.083508
-3.530499 -3.031988 0.083371
-3.435521 -3.143906 0.083349
-3.347209 -3.236825 0.083342
-3.131739 -3.444394 0.083339
-2.750233 -3.748192 0.083297
-2.651046 -3.823855 0.083316
-2.131679 -4.147154 0.083423
-1.955916 -4.232025 0.083375
-1.453467 -4.444641 0.083553
-1.133397 -4.527097 0.083088
-1.053862 -4.555757 0.083315
-0.748466 -4.625045 0.083364
-0.636383 -4.645408 0.083384
-0.535258 -4.668269 0.083670
0.953191 -4.655041 0.083811
1.037647 -4.640908 0.083841
1.154762 -4.643841 0.087710
1.551854 -4.546640 0.087927
1.855272 -4.433749 0.086379
2.355367 -4.244765 0.089713
2.562095 -4.139998 0.090652
2.854231 -3.956601 0.089597
3.537437 -3.437871 0.091331
3.622545 -3.318768 0.085192
5.070577 0.774584 0.087261
4.496834 2.533144 0.087709
4.449002 2.646910 0.088067
4.382496 2.732549 0.087832
4.242821 2.950154 0.087966
4.160479 3.067876 0.088038
3.875688 3.455294 0.088485
3.758092 3.554748 0.088331
3.562215 3.751522 0.088447
3.463717 3.842429 0.088500
3.362858 3.930700 0.088551
2.972224 4.249438 0.088734
2.771526 4.361356 0.088793
1.936887 4.774234 0.089006
1.638721 4.877053 0.089053
-1.850330 4.648496 0.088655
-2.068065 4.541954 0.088569
-3.051575 3.865805 0.088053
-3.156626 3.769852 0.087982
-5.665215 -0.272076 0.119712
-5.656020 -0.373705 0.119644
-5.646941 -0.458250 0.119587
-5.634525 -0.559522 0.119519
-5.658028 -0.664659 0.118753
-5.659813 -0.733733 0.118493
-5.546287 -1.061737 0.119186
-5.547483 -1.165726 0.118721
-5.444655 -1.456754 0.118928
-5.434739 -1.571099 0.118513
-5.250365 -2.072644 0.118270
-5.146728 -2.251778 0.118418
-5.150182 -2.350662 0.117920
-5.048158 -2.455774 0.118290
-5.052543 -2.544241 0.117867
-4.939225 -2.660863 0.118162
-4.856981 -2.866572 0.117848
-0.737206 -5.635317 0.117883
-0.661410 -5.642520 0.117688
-0.559629 -5.656502 0.117712
2.467887 -5.255327 0.118857
2.738596 -5.128037 0.118452
2.950904 -5.029453 0.119123
3.139706 -4.933666 0.119807
3.258605 -4.856426 0.119310
5.256020 -2.849045 0.119897
5.349450 -2.757362 0.125482
5.443640 -2.535013 0.120845
5.545380 -2.342304 0.121335
5.647389 -2.147034 0.124611
5.752578 -1.935815 0.129428
5.762634 -1.851184 0.122242
5.846989 -1.670751 0.128337
5.959260 -1.259679 0.127149
6.050675 -0.846259 0.126840
5.863378 1.865999 0.122460
5.767853 2.162724 0.122652
5.656696 2.453982 0.122838
5.574147 2.644743 0.122959
5.461581 2.878915 0.123107
5.459449 2.956461 0.124094
5.372431 3.047320 0.123212
5.251258 3.257381 0.123342
5.196786 3.345901 0.123396
3.234337 5.265197 0.124487
3.144763 5.317650 0.124513
3.054352 5.368631 0.124538
2.975167 5.442831 0.124609
2.839919 5.481090 0.124591
2.731087 5.534097 0.124615
2.652649 5.570464 0.124631
2.557917 5.612751 0.124649
2.462386 5.653173 0.124666
2.341976 5.762888 0.124552
2.236950 5.741112 0.124701
2.038182 5.840509 0.124611
1.925720 5.845555 0.124737
1.626022 5.928272 0.124760
1.261206 6.051879 0.124416
1.135466 6.027857 0.124774
1.067238 6.038416 0.124773
-0.650503 6.038271 0.124581
-0.769551 6.019562 0.124555
-1.073546 5.960145 0.124481
-1.157377 5.940844 0.124458
-1.373856 5.884880 0.124396
-1.456517 5.861214 0.124370
-1.669656 5.793995 0.124301
-1.750921 5.766037 0.124273
-1.960135 5.687766 0.124196
-2.260086 5.559300 0.124075
-4.945538 3.157531 0.120975
-5.044742 2.944201 0.121212
-5.152268 2.761070 0.120705
-5.235210 2.541304 0.120933
-5.243420 2.445629 0.121615
-5.338233 2.262747 0.120930
-5.352612 2.158800 0.121407
-5.444211 1.973460 0.120555
-5.449638 1.855808 0.121189
-5.548011 1.655649 0.120004
-5.532917 1.537128 0.120963
-5.555200 1.437376 0.120892
-5.575555 1.337226 0.120821
-5.638226 1.228025 0.119749
-5.664020 1.157142 0.119381
-5.624099 1.051848 0.120621
-5.635703 0.967510 0.120562
-5.647891 0.866091 0.120491
-5.660072 0.747555 0.120409
-5.667274 0.662753 0.120350
-7.071656 0.072192 0.168755
-7.068389 -0.043571 0.168655
-7.062696 -0.169748 0.168566
-7.056317 -0.274801 0.168491
-7.051715 -0.337778 0.168447
-7.040942 -0.463597 0.168358
-7.032553 -0.547358 0.168300
-7.020622 -0.651897 0.168227
-7.037571 -0.766369 0.167710
-6.857192 -1.541047 0.167617
-6.774375 -1.845431 0.167413
-6.750219 -1.926007 0.167360
-6.744282 -2.040593 0.167007
-6.643841 -2.245174 0.167149
-6.648266 -2.356684 0.166720
-6.569952 -2.442024 0.167021
-6.522935 -2.559088 0.166945
-6.448723 -2.733152 0.166833
-6.462780 -2.851501 0.166394
-6.360921 -2.924182 0.166711
-6.352246 -3.034545 0.166444
-6.258066 -3.131310 0.166581
-6.255325 -3.222346 0.166372
-6.138350 -3.353372 0.166442
-6.022043 -3.553251 0.166319
-5.967102 -3.642872 0.166264
-5.846293 -3.864038 0.166139
-5.758577 -3.958637 0.166074
-3.548673 -6.029290 0.164973
-3.179816 -6.270503 0.165749
-2.557866 -6.569412 0.166157
-1.181764 -6.946179 0.164726
-0.540510 -7.067257 0.166258
0.921322 -7.074442 0.166789
1.026988 -7.063602 0.166834
1.153588 -7.048613 0.166889
1.216799 -7.040325 0.166917
1.636199 -6.970871 0.167111
1.740402 -6.949688 0.167161
1.858629 -6.931064 0.167864
2.147950 -6.858982 0.168027
2.242054 -6.818190 0.166753
2.448461 -6.752252 0.166514
2.542958 -6.743712 0.168597
2.751189 -6.664446 0.168109
2.822322 -6.633620 0.167739
3.050058 -6.543177 0.167873
3.236002 -6.462838 0.167988
3.448510 -6.363326 0.168126
3.544050 -6.315897 0.168188
3.661693 -6.247136 0.167537
3.844993 -6.154761 0.168388
4.051706 -6.045653 0.169645
4.152035 -5.958531 0.167489
4.232856 -5.931864 0.169786
4.352981 -5.839479 0.168755
6.352077 -3.847682 0.173967
6.373818 -3.741466 0.168340
6.450858 -3.665983 0.170773
6.556569 -3.538475 0.175864
6.563064 -3.456692 0.169758
6.658295 -3.331573 0.171825
6.657804 -3.262916 0.168733
6.753648 -3.154663 0.171958
6.757221 -3.073201 0.168886
6.861912 -2.948228 0.172502
6.951420 -2.755500 0.174942
6.964551 -2.626157 0.169243
7.057259 -2.554063 0.178989
7.058927 -2.441816 0.170932
7.156158 -2.234138 0.172618
7.241255 -1.951422 0.172048
7.353632 -1.643499 0.177038
7.478151 -0.748010 0.170680
7.540935 0.044272 0.171260
7.542689 0.151753 0.171337
7.543051 0.259255 0.171414
7.541769 0.366761 0.171491
7.539452 0.452747 0.171553
7.535386 0.560198 0.171629
7.558223 0.850625 0.174161
7.559045 0.979004 0.178986
7.557591 1.031709 0.178198
7.490918 1.096003 0.172006
7.482899 1.160047 0.172050
7.468360 1.266639 0.172124
7.455450 1.351733 0.172183
7.441788 1.436713 0.172241
7.446073 1.554029 0.173533
7.457115 1.629306 0.174781
7.394430 1.690562 0.172416
7.385665 1.732703 0.172444
7.362638 1.837822 0.172516
7.338002 1.942580 0.172587
7.363358 2.052584 0.174964
7.290035 2.130264 0.172713
7.255236 2.254643 0.172796
7.245405 2.379123 0.173989
7.198958 2.440030 0.172919
7.165525 2.542349 0.172987
7.130569 2.644159 0.173054
7.086784 2.765689 0.173133
7.056232 2.846209 0.173186
7.039646 2.963440 0.174287
6.976049 3.046022 0.173315
6.933787 3.145037 0.173379
6.881093 3.262993 0.173454
6.826323 3.380002 0.173529
6.779133 3.476772 0.173590
6.740223 3.553613 0.173638
6.748720 3.631126 0.175079
6.639325 3.743830 0.173757
6.576089 3.856492 0.173827
6.521923 3.949538 0.173885
6.466302 4.041721 0.173941
6.460042 4.155264 0.181143
6.397898 4.151321 0.174008
6.327427 4.259602 0.174073
6.279505 4.331167 0.174116
6.238992 4.443535 0.174965
6.181009 4.472479 0.174201
4.235649 6.339143 0.175201
4.163389 6.385800 0.175222
4.127056 6.408808 0.175232
4.053990 6.454178 0.175252
3.980401 6.498682 0.175271
3.943413 6.520607 0.175281
3.850374 6.574434 0.175303
3.756553 6.626863 0.175325
3.662029 6.677995 0.175345
3.566762 6.727708 0.175364
3.470756 6.775954 0.175382
3.354657 6.832006 0.175402
3.237600 6.885995 0.175420
3.139362 6.929428 0.175434
3.060268 6.962988 0.175445
2.980886 6.995847 0.175454
2.901084 7.027650 0.175463
2.861047 7.043199 0.175468
2.760557 7.081006 0.175477
2.739118 7.150537 0.175296
2.639279 7.124450 0.175487
2.537666 7.159041 0.175494
2.455979 7.185490 0.175499
2.353527 7.217437 0.175504
2.271222 7.241833 0.175507
2.147256 7.276607 0.175511
2.022716 7.309187 0.175512
1.960250 7.324683 0.175513
1.855836 7.349199 0.175512
1.730107 7.376626 0.175510
1.624997 7.397815 0.175507
1.561785 7.409737 0.175504
1.435082 7.431969 0.175498
1.329231 7.448818 0.175492
1.244370 7.461027 0.175486
1.138147 7.475136 0.175478
1.031734 7.487621 0.175468
0.989123 7.492166 0.175464
0.903831 7.500503 0.175455
0.839806 7.506068 0.175448
0.733014 7.514174 0.175435
0.647505 7.519380 0.175424
0.540568 7.524728 0.175409
0.433577 7.528446 0.175393
0.347962 7.530140 0.175380
0.240940 7.531099 0.175362
0.133931 7.530427 0.175343
0.048355 7.528612 0.175326
-0.058571 7.525185 0.175305
-0.165416 7.520132 0.175283
-0.250809 7.514814 0.175265
-0.357458 7.507013 0.175240
-0.463960 7.497591 0.175215
-0.549026 7.488786 0.175194
-0.634003 7.479234 0.175172
-0.740017 7.465714 0.175144
-0.845795 7.450586 0.175115
-0.951354 7.434101 0.175085
-1.056618 7.415934 0.175053
-1.182573 7.392254 0.175014
-1.224453 7.383844 0.175001
-1.328911 7.361722 0.174967
-1.453803 7.333206 0.174925
-1.557474 7.307809 0.174889
-1.598829 7.297216 0.174874
-1.640118 7.286382 0.174859
-1.743038 7.258218 0.174821
-1.845512 7.228540 0.174782
-1.967914 7.191102 0.174733
-2.049071 7.164788 0.174700
-2.129987 7.137768 0.174667
-2.210530 7.109693 0.174633
-2.250673 7.095304 0.174615
-2.350633 7.058286 0.174572
-2.469848 7.011991 0.174518
-2.548854 6.979976 0.174481
-2.647041 6.938625 0.174434
-2.725188 6.904635 0.174396
-2.822235 6.860755 0.174348
-2.957010 6.797038 0.174279
-3.052424 6.749811 0.174228
-3.184834 6.681451 0.174156
-3.259800 6.641100 0.174114
-3.371437 6.579134 0.174050
-3.426800 6.547365 0.174018
-3.554874 6.471397 0.173941
-3.699353 6.381545 0.173851
-3.735125 6.358545 0.173829
-3.876834 6.264493 0.173737
-3.981633 6.191821 0.173666
-5.929632 4.147802 0.171861
-5.985845 4.058188 0.171786
-6.018944 4.004039 0.171742
-6.051515 3.949579 0.171697
-6.083663 3.894873 0.171652
-6.125746 3.821489 0.171592
-6.166864 3.747574 0.171532
-6.227191 3.635981 0.171442
-6.266143 3.560930 0.171381
-6.323091 3.447619 0.171290
-6.369116 3.352504 0.171214
-6.422416 3.237474 0.171122
-6.465249 3.140917 0.171045
-6.538933 2.965680 0.170906
-6.585472 2.847828 0.170814
-6.622712 2.749039 0.170736
-6.658458 2.649716 0.170659
-6.752641 2.548569 0.169172
-6.732106 2.429529 0.170488
-6.757015 2.348874 0.170426
-6.781223 2.268013 0.170364
-6.910400 1.756842 0.169974
-6.935888 1.632919 0.169881
-6.955514 1.529343 0.169803
-6.969993 1.446271 0.169741
-6.986980 1.342251 0.169664
-7.002403 1.238000 0.169586
-7.013513 1.154436 0.169524
-7.023899 1.070784 0.169462
-7.037403 0.945081 0.169370
-7.048891 0.819192 0.169277
-7.052209 0.777188 0.169247
-7.059413 0.672107 0.169170
-7.066094 0.545904 0.169079
-7.068645 0.482770 0.169033
-7.071604 0.377511 0.168957
-7.073188 0.251173 0.168866
-7.072870 0.145893 0.168790
-9.168890 -0.654187 0.243350
-9.160778 -0.735579 0.243290
-9.145601 -0.871046 0.243189
-9.135625 -0.952220 0.243129
-9.124874 -1.033289 0.243069
-9.109505 -1.141233 0.242990
-9.092900 -1.248986 0.242911
-9.070447 -1.383396 0.242813
-9.055989 -1.463866 0.242755
-9.035688 -1.570964 0.242678
-9.019695 -1.651135 0.242620
-9.008626 -1.704497 0.242582
-8.985570 -1.811023 0.242505
-8.954996 -1.943779 0.242411
-8.929201 -2.049661 0.242336
-8.909097 -2.128881 0.242280
-8.881183 -2.234215 0.242207
-8.844557 -2.365405 0.242115
-8.813937 -2.469973 0.242043
-8.765764 -2.626142 0.241935
-8.723612 -2.755640 0.241846
-8.750907 -2.848990 0.241289
-8.661404 -2.935854 0.241724
-8.633692 -3.012715 0.241672
-8.585942 -3.140239 0.241587
-8.546460 -3.241764 0.241519
-8.516123 -3.317621 0.241468
-8.453424 -3.468503 0.241369
-8.421070 -3.543517 0.241320
-8.376978 -3.643117 0.241255
-8.320296 -3.766909 0.241175
-8.285382 -3.840762 0.241127
-8.249905 -3.914346 0.241080
-8.248571 -4.032593 0.240765
-8.176988 -4.060548 0.240987
-8.139555 -4.133155 0.240941
-8.153924 -4.250000 0.240617
-8.075875 -4.253489 0.240865
-8.036787 -4.325218 0.240821
-7.956836 -4.467691 0.240732
-7.915978 -4.538426 0.240689
-7.846444 -4.655477 0.240617
-7.846600 -4.748204 0.240497
-7.731774 -4.840683 0.240506
-7.687714 -4.909473 0.240465
-7.628006 -5.000570 0.240410
-7.505473 -5.180686 0.240305
-7.458429 -5.247476 0.240266
-5.215025 -7.491459 0.239147
-5.148100 -7.538525 0.239130
-5.058128 -7.642845 0.239958
-4.864254 -7.749402 0.239512
-4.735907 -7.850318 0.239976
-4.557140 -7.944804 0.239662
-4.367284 -8.053591 0.239664
-4.170945 -8.135949 0.238936
-4.040889 -8.251170 0.240431
-2.768063 -8.742184 0.238854
-2.350624 -8.873300 0.238868
-1.749683 -9.052351 0.240613
-1.237144 -9.148957 0.240785
-1.128483 -9.165684 0.240831
-0.630583 -9.234317 0.241662
-0.555544 -9.233185 0.241050
0.107635 -9.245055 0.239258
0.240990 -9.269179 0.241400
0.351065 -9.268927 0.241452
0.461146 -9.267407 0.241504
0.561033 -9.272318 0.242278
1.668304 -9.166981 0.242133
2.452962 -8.996480 0.240097
2.846980 -8.923385 0.243700
3.143856 -8.806948 0.240434
3.330413 -8.767279 0.243166
3.434994 -8.731299 0.243238
3.642928 -8.655700 0.243383
3.739018 -8.626129 0.244350
3.941513 -8.530162 0.242691
4.154948 -8.445680 0.243757
4.356335 -8.353367 0.243910
4.565847 -8.258806 0.245005
4.746686 -8.165612 0.245159
4.947345 -8.048534 0.244382
5.049369 -7.982610 0.243516
5.129079 -7.936018 0.243577
5.240075 -7.869460 0.243670
5.446556 -7.748336 0.244807
5.650280 -7.621936 0.245962
5.746281 -7.547238 0.245075
7.966662 -5.339300 0.244449
8.055506 -5.245086 0.246601
8.095705 -5.157692 0.244625
8.143613 -5.149639 0.248754
8.182614 -5.061527 0.246778
8.254876 -4.953032 0.246881
8.349905 -4.838806 0.249048
8.355671 -4.761796 0.245004
8.450715 -4.659073 0.248186
8.471179 -4.571033 0.245183
8.556472 -4.460941 0.247340
8.595807 -4.353201 0.245386
8.653458 -4.358398 0.255095
8.673339 -4.270798 0.248538
8.739148 -4.147292 0.248648
8.765551 -4.032734 0.245681
8.845118 -3.960996 0.249832
8.863942 -3.832321 0.245863
8.966272 -3.740724 0.255569
8.972841 -3.669361 0.249062
8.991567 -3.553012 0.246115
9.042635 -3.537529 0.250189
9.063248 -3.464240 0.249235
9.068017 -3.373094 0.246275
9.150899 -3.165562 0.246459
9.180761 -3.087243 0.246528
9.245912 -3.034394 0.250594
9.251898 -2.955686 0.248650
9.275184 -2.824227 0.246757
9.358008 -2.759907 0.255390
9.448107 -2.263198 0.247240
9.477114 -2.155139 0.247331
9.498076 -2.073876 0.247400
9.538278 -2.056848 0.250359
9.551749 -1.953583 0.249458
9.556493 -1.828935 0.247606
9.574577 -1.746953 0.247674
9.591856 -1.664788 0.247743
9.649406 -1.563410 0.250724
9.634491 -1.444957 0.247924
9.653865 -1.334660 0.248015
9.667583 -1.251791 0.248083
9.680489 -1.168784 0.248151
9.692741 -1.085671 0.248219
9.760226 -1.062402 0.256431
9.749468 -0.953061 0.251160
9.749439 -0.848839 0.250294
9.734234 -0.752145 0.248488
9.742721 -0.668530 0.248555
9.752942 -0.556928 0.248645
9.763907 -0.417256 0.248756
9.769433 -0.333368 0.248822
9.774298 -0.249433 0.248888
9.778337 -0.165448 0.248955
9.782622 -0.053412 0.249043
9.785583 0.058677 0.249130
9.787223 0.170804 0.249218
9.787624 0.254913 0.249283
9.787451 0.310990 0.249326
9.785527 0.451179 0.249434
9.782531 0.563311 0.249520
9.779456 0.647390 0.249584
9.775554 0.731440 0.249648
9.769248 0.843458 0.249733
9.761618 0.955401 0.249818
9.752666 1.067255 0.249902
9.745126 1.151081 0.249965
9.733862 1.262741 0.250048
9.724506 1.346395 0.250110
9.710934 1.457811 0.250193
9.696045 1.569066 0.250275
9.684057 1.652398 0.250336
9.671247 1.735613 0.250397
9.653076 1.846397 0.250478
9.638628 1.929351 0.250538
9.612806 2.067302 0.250638
9.596399 2.149901 0.250697
9.579179 2.232338 0.250756
9.555137 2.342027 0.250834
9.529797 2.451430 0.250912
9.509984 2.533294 0.250970
9.496346 2.587766 0.251009
9.475243 2.669313 0.251066
9.453499 2.750694 0.251123
9.430952 2.831859 0.251179
9.450385 2.954438 0.253509
9.391882 2.966716 0.251273
9.367419 3.047331 0.251329
9.342321 3.127753 0.251384
9.307697 3.234617 0.251457
9.289911 3.287895 0.251494
9.262601 3.367600 0.251548
9.225143 3.473512 0.251620
9.196266 3.552668 0.251673
9.166610 3.631537 0.251726
9.126033 3.736302 0.251796
9.084219 3.840582 0.251865
9.041173 3.944363 0.251933
9.008123 4.021878 0.251984
8.985682 4.073380 0.252018
8.951412 4.150367 0.252068
8.916535 4.227080 0.252118
8.892881 4.278039 0.252151
8.856800 4.354195 0.252200
8.795263 4.480450 0.252280
8.757388 4.555732 0.252328
8.718921 4.630714 0.252376
8.692882 4.680498 0.252407
8.653235 4.754864 0.252454
8.613005 4.828915 0.252500
8.585794 4.878069 0.252531
8.558295 4.927062 0.252561
8.502428 5.024555 0.252621
8.474064 5.073051 0.252651
8.430943 5.145459 0.252695
8.372503 5.241429 0.252753
8.327965 5.312971 0.252796
8.297897 5.360429 0.252825
8.267550 5.407709 0.252853
8.206020 5.501725 0.252909
8.159111 5.571732 0.252950
8.079648 5.687537 0.253018
8.031097 5.756412 0.253058
7.965463 5.847601 0.253110
7.915565 5.915503 0.253149
7.881945 5.960506 0.253174
7.848059 6.005311 0.253200
5.707608 8.054716 0.254196
5.661440 8.086579 0.254208
5.615087 8.118167 0.254220
5.545190 8.164998 0.254237
5.451391 8.226513 0.254258
5.380597 8.271953 0.254274
5.333165 8.301872 0.254284
5.261672 8.346186 0.254299
5.189836 8.389934 0.254313
5.069213 8.461325 0.254335
4.971991 8.517175 0.254351
4.874126 8.571869 0.254367
4.800332 8.612163 0.254378
4.726152 8.651725 0.254388
4.651668 8.690701 0.254397
4.526734 8.754085 0.254412
4.451365 8.791284 0.254420
4.400930 8.815686 0.254425
4.350354 8.839789 0.254430
4.274213 8.875343 0.254436
4.172241 8.921744 0.254444
4.069739 8.966935 0.254451
3.940906 9.021750 0.254457
3.863208 9.053660 0.254461
3.785266 9.084956 0.254464
3.733147 9.105411 0.254465
3.654735 9.135474 0.254467
3.549809 9.174525 0.254468
3.444441 9.212333 0.254468
3.338648 9.248892 0.254467
3.232445 9.284198 0.254465
3.072402 9.334797 0.254460
2.965238 9.366950 0.254456
2.884640 9.390273 0.254452
2.830792 9.405397 0.254448
2.749852 9.427448 0.254443
2.641660 9.455786 0.254435
2.533157 9.482844 0.254426
2.451592 9.502337 0.254419
2.369850 9.521027 0.254411
2.260633 9.544873 0.254399
2.151159 9.567430 0.254386
2.013983 9.593848 0.254369
1.931497 9.608664 0.254358
1.848904 9.622829 0.254346
1.766187 9.636185 0.254333
1.655742 9.652908 0.254316
1.545123 9.668329 0.254297
1.462059 9.679080 0.254283
1.351174 9.692220 0.254263
1.295682 9.698299 0.254252
1.240159 9.704053 0.254241
1.156818 9.712029 0.254224
1.045612 9.721574 0.254201
0.934318 9.729812 0.254177
0.850801 9.735172 0.254158
0.767247 9.739714 0.254138
0.683668 9.743601 0.254118
0.544323 9.748333 0.254083
0.432826 9.750679 0.254054
0.349201 9.751620 0.254032
0.265581 9.751744 0.254009
0.154107 9.750818 0.253978
0.042669 9.748586 0.253945
-0.068717 9.745046 0.253912
-0.235665 9.737289 0.253860
-0.346855 9.730488 0.253824
-0.457939 9.722386 0.253787
-0.568902 9.712984 0.253749
-0.652040 9.705120 0.253720
-0.735087 9.696446 0.253690
-0.818054 9.687125 0.253660
-0.956102 9.669867 0.253609
-1.066333 9.654640 0.253567
-1.148879 9.642416 0.253534
-1.231291 9.629389 0.253501
-1.340983 9.610951 0.253457
-1.450432 9.591233 0.253412
-1.586890 9.564832 0.253353
-1.668546 9.547974 0.253318
-1.750058 9.530480 0.253282
-1.831385 9.512197 0.253245
-1.939561 9.486766 0.253196
-2.047414 9.460077 0.253145
-2.181763 9.424990 0.253081
-2.235345 9.410394 0.253055
-2.288835 9.395484 0.253029
-2.368884 9.372499 0.252989
-2.448743 9.348895 0.252948
-2.528356 9.324517 0.252908
-2.660570 9.282451 0.252839
-2.739564 9.256228 0.252797
-2.844527 9.220248 0.252740
-2.949045 9.183051 0.252682
-3.053102 9.144643 0.252624
-3.130850 9.115085 0.252579
-3.182522 9.094977 0.252550
-3.259782 9.064220 0.252504
-3.336791 9.032865 0.252459
-3.464454 8.979025 0.252382
-3.566004 8.934655 0.252320
-3.641828 8.900643 0.252272
-3.692194 8.877580 0.252241
-3.792504 8.830579 0.252177
-3.842445 8.806644 0.252144
-3.892241 8.782422 0.252112
-3.966642 8.745513 0.252063
-4.040745 8.708031 0.252013
-4.089945 8.682663 0.251980
-4.163439 8.644044 0.251930
-4.236621 8.604860 0.251879
-4.357747 8.538056 0.251794
-4.453937 8.483387 0.251725
-4.573264 8.413531 0.251638
-4.644321 8.370739 0.251586
-4.715036 8.327403 0.251533
-4.761947 8.298150 0.251497
-4.831964 8.253733 0.251443
-4.901626 8.208779 0.251389
-4.947827 8.178454 0.251353
-5.039685 8.117009 0.251280
-5.085339 8.085891 0.251243
-5.130806 8.054511 0.251207
-5.243628 7.974889 0.251114
-5.310788 7.926392 0.251058
-5.399625 7.860790 0.250983
-5.443751 7.827607 0.250945
-5.487679 7.794171 0.250907
-5.531408 7.760485 0.250869
-7.560880 5.603719 0.248639
-7.622256 5.512590 0.248551
-7.727058 5.351444 0.248398
-7.842814 5.164805 0.248221
-7.967745 4.951743 0.248022
-8.034818 4.832076 0.247911
-8.074222 4.759825 0.247844
-8.100118 4.711463 0.247800
-8.138398 4.638630 0.247733
-8.176113 4.565511 0.247666
-8.200877 4.516578 0.247621
-8.237455 4.442903 0.247554
-8.285271 4.344217 0.247464
-8.331938 4.245001 0.247374
-8.377450 4.145268 0.247285
-8.410859 4.070152 0.247217
-8.464989 3.944304 0.247105
-8.517361 3.817740 0.246992
-8.587502 3.639315 0.246835
-8.625975 3.536762 0.246745
-8.663258 3.433786 0.246655
-8.690475 3.356298 0.246587
-8.708219 3.304506 0.246542
-8.734236 3.226623 0.246475
-8.759652 3.148549 0.246407
-8.784315 3.070243 0.246340
-8.816190 2.965537 0.246250
-8.846852 2.860485 0.246160
-8.876300 2.755099 0.246071
-8.897622 2.675860 0.246003
-8.911431 2.622931 0.245959
-8.924934 2.569926 0.245914
-8.957311 2.437088 0.245802
-8.981862 2.330513 0.245713
-8.999505 2.250416 0.245646
-9.016377 2.170162 0.245579
-9.043057 2.036126 0.245468
-9.058075 1.955524 0.245402
-9.077065 1.847878 0.245313
-9.094812 1.740033 0.245225
-9.111317 1.632004 0.245136
-9.133737 1.469644 0.245005
-9.147124 1.361215 0.244917
-9.159262 1.252650 0.244829
-9.170150 1.143965 0.244742
-9.179786 1.035173 0.244655
-9.191893 0.871816 0.244526
-9.198396 0.762819 0.244439
-9.203647 0.653766 0.244354
-9.207643 0.544670 0.244268
-9.209856 0.462829 0.244204
-9.211658 0.353692 0.244119
-9.212146 0.271837 0.244056
-9.211752 0.162703 0.243971
-12.981135 -0.036145 0.376410
-12.977530 -0.150869 0.376310
-12.973049 -0.265553 0.376212
-12.969482 -0.341978 0.376146
-12.963258 -0.456563 0.376048
-12.956162 -0.571089 0.375951
-12.950851 -0.647396 0.375886
-12.942014 -0.761783 0.375790
-12.932307 -0.876091 0.375694
-12.925257 -0.952240 0.375630
-12.917772 -1.028344 0.375567
-12.905678 -1.142402 0.375472
-12.892716 -1.256357 0.375378
-12.883498 -1.332255 0.375316
-12.868807 -1.445984 0.375222
-12.853251 -1.559592 0.375130
-12.842305 -1.635244 0.375068
-12.825024 -1.748588 0.374977
-12.806884 -1.861790 0.374886
-12.794217 -1.937160 0.374825
-12.774358 -2.050059 0.374735
-12.753643 -2.162798 0.374646
-12.739263 -2.237847 0.374586
-12.716836 -2.350245 0.374498
-12.693560 -2.462464 0.374410
-12.677472 -2.537153 0.374352
-12.652493 -2.648993 0.374265
-12.626665 -2.760635 0.374179
-12.608882 -2.834927 0.374122
-12.581363 -2.946153 0.374037
-12.552999 -3.057161 0.373953
-12.533529 -3.131018 0.373897
-12.513639 -3.204760 0.373841
-12.493329 -3.278385 0.373786
-12.472601 -3.351891 0.373731
-12.440673 -3.461906 0.373649
-12.407910 -3.571670 0.373568
-12.385514 -3.644676 0.373514
-12.351089 -3.753922 0.373434
-12.315837 -3.862899 0.373354
-12.291784 -3.935368 0.373302
-12.254881 -4.043790 0.373224
-12.217157 -4.151925 0.373146
-12.178409 -4.259693 0.373069
-12.138844 -4.367161 0.372993
-12.111924 -4.438601 0.372943
-12.070733 -4.545450 0.372868
-12.028732 -4.651979 0.372794
-12.000194 -4.722783 0.372745
-11.941909 -4.863894 0.372648
-11.912166 -4.934196 0.372600
-11.866750 -5.039304 0.372529
-11.820539 -5.144064 0.372458
-11.773336 -5.248377 0.372388
-11.725343 -5.352328 0.372319
-11.626603 -5.558929 0.372183
-11.524349 -5.763808 0.372051
-11.418610 -5.966906 0.371921
-11.382593 -6.034200 0.371879
-11.327804 -6.134726 0.371816
-11.272254 -6.234833 0.371754
-11.234714 -6.301289 0.371713
-11.139165 -6.466455 0.371612
-11.021472 -6.662867 0.371494
-10.961416 -6.760341 0.371436
-10.920885 -6.825018 0.371398
-10.838721 -6.953678 0.371323
-10.776093 -7.049524 0.371268
-10.712738 -7.144893 0.371213
-10.648478 -7.239659 0.371160
-10.428613 -7.551628 0.370988
-10.360970 -7.644021 0.370938
-10.315407 -7.705273 0.370905
-10.223234 -7.826998 0.370841
-7.465371 -10.563316 0.370931
-7.340216 -10.652032 0.370942
-7.158297 -10.732469 0.369709
-6.839571 -10.944102 0.369671
-6.764746 -11.033457 0.371010
-6.568627 -11.154013 0.371040
-6.436735 -11.232522 0.371063
-6.237220 -11.347470 0.371100
-6.035740 -11.459007 0.371141
-5.848969 -11.546626 0.370665
-5.644205 -11.651779 0.370698
-5.437635 -11.753429 0.370735
-5.263045 -11.857062 0.371900
-5.052739 -11.951704 0.371976
-4.840814 -12.042753 0.372055
-4.555830 -12.158518 0.372166
-4.340358 -12.241081 0.372255
-4.239474 -12.242719 0.369737
-4.050865 -12.345435 0.372378
-3.758995 -12.443188 0.372508
-3.653884 -12.460409 0.371194
-3.440367 -12.541644 0.372650
-3.338378 -12.563632 0.371999
-3.115968 -12.625608 0.372093
-3.041588 -12.645422 0.372125
-2.742914 -12.720434 0.372257
-2.645822 -12.750075 0.373054
-2.253927 -12.827704 0.372486
-2.140517 -12.849947 0.372541
-1.646799 -12.934808 0.372790
-0.943424 -13.018108 0.372315
-0.843008 -13.033168 0.373228
-0.766135 -13.040011 0.373272
-0.650738 -13.049397 0.373339
1.472813 -13.046233 0.374703
1.549964 -13.039796 0.374757
1.627085 -13.032916 0.374812
1.742701 -13.021708 0.374895
2.357771 -12.945385 0.375350
2.472743 -12.927975 0.375437
2.549312 -12.915780 0.375496
2.931173 -12.848182 0.375794
3.045370 -12.825700 0.375885
3.462556 -12.735065 0.376224
3.538118 -12.717152 0.376287
3.764221 -12.660791 0.376476
3.839387 -12.641132 0.376540
3.938903 -12.617709 0.377764
4.138973 -12.558146 0.376798
4.250836 -12.525183 0.376895
4.547844 -12.432676 0.377159
4.842788 -12.333288 0.377426
5.062545 -12.254258 0.377630
5.171953 -12.213359 0.377732
5.353495 -12.142934 0.377904
5.534100 -12.069975 0.378078
5.629954 -12.033437 0.379392
5.856547 -11.931893 0.378394
6.034216 -11.851614 0.378571
6.104962 -11.818755 0.378642
6.245907 -11.751801 0.378786
6.316101 -11.717706 0.378858
6.455918 -11.648287 0.379002
6.525537 -11.612964 0.379075
6.664183 -11.541098 0.379220
6.836331 -11.448936 0.379404
7.041226 -11.335084 0.379625
7.142982 -11.276859 0.379736
7.233666 -11.228056 0.381127
7.344962 -11.157629 0.379960
7.411842 -11.117096 0.380035
7.478495 -11.076170 0.380110
7.544918 -11.034853 0.380185
7.654190 -10.961204 0.379006
7.840891 -10.844065 0.380526
7.958942 -10.760135 0.379345
8.154645 -10.634577 0.382223
8.259768 -10.554882 0.381023
8.364024 -10.474020 0.379818
8.449458 -10.416011 0.381254
11.074566 -7.831041 0.384981
11.143342 -7.752438 0.386507
11.155153 -7.690361 0.380884
11.217300 -7.642223 0.385222
11.264152 -7.578713 0.385302
11.356753 -7.450852 0.385463
11.386148 -7.371268 0.381272
11.447875 -7.321880 0.385623
11.475939 -7.241702 0.381427
11.561260 -7.143090 0.384411
11.646173 -7.043804 0.387399
11.672379 -6.946234 0.381778
11.754958 -6.861986 0.386184
11.839256 -6.728233 0.386344
11.942518 -6.543160 0.385125
12.176877 -6.098705 0.382757
12.274804 -5.974940 0.387218
12.288655 -5.889758 0.382993
12.361134 -5.749340 0.383150
12.396755 -5.678801 0.383229
12.456700 -5.623211 0.387613
12.466762 -5.537077 0.383386
12.546624 -5.462192 0.389232
12.551877 -5.358711 0.383582
12.648278 -5.247016 0.389467
12.650620 -5.143013 0.383817
12.698620 -5.034516 0.383935
12.758038 -4.976654 0.388318
12.776351 -4.852658 0.384131
12.850898 -4.757541 0.388550
12.851518 -4.669672 0.384327
12.880811 -4.596149 0.384405
12.939907 -4.536743 0.388782
12.968716 -4.462781 0.388859
12.979871 -4.337404 0.384678
13.052542 -4.239841 0.389089
13.047456 -4.151342 0.384873
13.086604 -4.039179 0.384990
13.158202 -3.940225 0.389394
13.149796 -3.851500 0.385184
13.186296 -3.738400 0.385301
13.256817 -3.638060 0.389696
13.245054 -3.549210 0.385494
13.267754 -3.473274 0.385572
13.290007 -3.397199 0.385649
13.348323 -3.333514 0.389995
13.333167 -3.244641 0.385803
13.354073 -3.168162 0.385880
13.384527 -3.053188 0.385995
13.452612 -2.949738 0.390366
13.433173 -2.860985 0.386187
13.460907 -2.745281 0.386301
13.487730 -2.629350 0.386416
13.545586 -2.562836 0.390731
13.521820 -2.474371 0.386568
13.546129 -2.357849 0.386681
13.569518 -2.241126 0.386795
13.584498 -2.163181 0.386870
13.599017 -2.085142 0.386946
13.613075 -2.007012 0.387021
13.626670 -1.928795 0.387096
13.639803 -1.850492 0.387171
13.652472 -1.772106 0.387246
13.670550 -1.654369 0.387358
13.687697 -1.536481 0.387469
13.698509 -1.457793 0.387543
13.713794 -1.339625 0.387654
13.728146 -1.221328 0.387765
13.737091 -1.142382 0.387838
13.745568 -1.063378 0.387912
13.757348 -0.944765 0.388022
13.768191 -0.826052 0.388131
13.774795 -0.746847 0.388204
13.780928 -0.667599 0.388276
13.789187 -0.548647 0.388385
13.796507 -0.429622 0.388493
13.800759 -0.350229 0.388564
13.804542 -0.270807 0.388636
13.809270 -0.151623 0.388743
13.813057 -0.032394 0.388849
13.814953 0.047116 0.388920
13.816377 0.126641 0.388991
13.817567 0.245952 0.389096
13.817815 0.365278 0.389201
13.817349 0.444834 0.389271
13.816411 0.524391 0.389340
13.814059 0.643721 0.389444
13.810761 0.763037 0.389548
13.807935 0.842568 0.389616
13.804634 0.922085 0.389685
13.800860 1.001585 0.389753
13.796615 1.081066 0.389821
13.791897 1.160525 0.389888
13.786707 1.239959 0.389956
13.777977 1.359052 0.390056
13.768304 1.478081 0.390157
13.761226 1.557386 0.390223
13.753676 1.636651 0.390289
13.741409 1.755463 0.390388
13.728201 1.874181 0.390486
13.718766 1.953260 0.390551
13.708862 2.032285 0.390616
13.693066 2.150708 0.390713
13.676331 2.269009 0.390809
13.664549 2.347791 0.390873
13.652296 2.426505 0.390936
13.632983 2.544432 0.391031
13.612735 2.662209 0.391125
13.598612 2.740622 0.391188
13.576496 2.858076 0.391281
13.553447 2.975357 0.391373
13.537460 3.053424 0.391434
13.521009 3.131398 0.391495
13.504094 3.209275 0.391556
13.486715 3.287053 0.391616
13.468873 3.364729 0.391676
13.450570 3.442301 0.391736
13.422190 3.558441 0.391825
13.392889 3.674357 0.391913
13.372742 3.751481 0.391971
13.352135 3.828486 0.392030
13.320309 3.943749 0.392116
13.287567 4.058760 0.392202
13.265130 4.135262 0.392259
13.230565 4.249747 0.392343
13.195092 4.363958 0.392427
13.170838 4.439912 0.392483
13.133554 4.553555 0.392566
13.095367 4.666900 0.392647
13.069310 4.742262 0.392702
13.029328 4.854994 0.392782
12.988450 4.967408 0.392862
12.960604 5.042134 0.392915
12.917946 5.153891 0.392993
12.874400 5.265308 0.393071
12.844780 5.339356 0.393122
12.814720 5.413227 0.393173
12.784220 5.486918 0.393224
12.753281 5.560428 0.393274
12.721905 5.633753 0.393324
12.673968 5.743366 0.393398
12.625162 5.852596 0.393471
12.575274 5.961338 0.393544
12.524523 6.069681 0.393616
12.490116 6.141641 0.393663
12.437651 6.249168 0.393733
12.384333 6.356275 0.393802
12.329953 6.462850 0.393871
12.274730 6.568989 0.393939
12.237353 6.639455 0.393983
12.180452 6.744705 0.394049
12.122715 6.849501 0.394115
12.063942 6.953718 0.394179
12.004343 7.057465 0.394243
11.943718 7.160615 0.394305
11.882277 7.263280 0.394367
11.840774 7.331396 0.394407
11.798865 7.399264 0.394448
11.756555 7.466880 0.394487
11.713842 7.534242 0.394527
11.648974 7.634773 0.394585
11.583311 7.734784 0.394643
11.539008 7.801108 0.394680
11.494311 7.867167 0.394718
11.426483 7.965717 0.394773
11.357876 8.063725 0.394827
11.311622 8.128696 0.394863
11.264981 8.193391 0.394898
11.217958 8.257806 0.394933
11.146659 8.353863 0.394984
11.074602 8.449348 0.395035
11.026061 8.512621 0.395068
10.977146 8.575602 0.395100
10.927857 8.638290 0.395132
8.226519 11.214722 0.396143
8.161685 11.260907 0.396154
8.063897 11.329409 0.396169
7.965576 11.397129 0.396183
7.866600 11.463866 0.396196
7.733770 11.551530 0.396211
7.633511 11.616282 0.396221
7.566336 11.658916 0.396228
7.465080 11.722063 0.396236
7.363336 11.784400 0.396244
7.260991 11.845722 0.396250
7.158172 11.906226 0.396255
7.054771 11.965704 0.396260
6.950911 12.024357 0.396263
6.881370 12.062906 0.396265
6.811606 12.101040 0.396266
6.741622 12.138757 0.396267
6.671420 12.176055 0.396267
6.601002 12.212933 0.396267
6.530372 12.249391 0.396266
6.459532 12.285425 0.396265
6.352859 12.338632 0.396262
6.245778 12.390987 0.396258
6.138198 12.442276 0.396253
6.030226 12.492707 0.396248
5.957988 12.525755 0.396243
5.849255 12.574463 0.396235
5.740150 12.622307 0.396227
5.667172 12.653623 0.396220
5.594014 12.684504 0.396214
5.520680 12.714949 0.396206
5.447174 12.744956 0.396199
5.373497 12.774525 0.396190
5.262645 12.817998 0.396177
5.151467 12.860591 0.396163
5.077134 12.888396 0.396153
5.002643 12.915760 0.396142
4.927998 12.942678 0.396131
4.853201 12.969153 0.396120
4.778254 12.995182 0.396108
4.703162 13.020764 0.396096
4.627925 13.045900 0.396083
4.552547 13.070587 0.396070
4.477032 13.094827 0.396056
4.401381 13.118617 0.396042
4.325597 13.141955 0.396027
4.249682 13.164845 0.396012
4.173641 13.187282 0.395996
4.059330 13.220033 0.395972
3.944778 13.251878 0.395947
3.868255 13.272501 0.395930
3.791617 13.292672 0.395912
3.714869 13.312386 0.395893
3.638012 13.331644 0.395875
3.561050 13.350447 0.395855
3.445403 13.377736 0.395826
3.329560 13.404109 0.395795
3.252203 13.421080 0.395774
3.174756 13.437592 0.395753
3.058408 13.461441 0.395720
2.941892 13.484369 0.395686
2.864106 13.499043 0.395663
2.747272 13.520128 0.395627
2.630292 13.540290 0.395590
2.552212 13.553115 0.395565
2.474065 13.565478 0.395540
2.356718 13.583097 0.395501
2.239253 13.599790 0.395461
2.160867 13.610301 0.395434
2.043185 13.625139 0.395392
1.925406 13.639050 0.395350
1.846827 13.647704 0.395321
1.768206 13.655894 0.395292
1.650198 13.667251 0.395247
1.532121 13.677677 0.395201
1.453362 13.684007 0.395170
1.374575 13.689874 0.395139
1.295763 13.695274 0.395107
1.216929 13.700211 0.395075
1.138076 13.704680 0.395042
1.059206 13.708686 0.395009
0.940876 13.713764 0.394959
0.822526 13.717913 0.394907
0.743618 13.720058 0.394873
0.664708 13.721738 0.394837
0.546344 13.723329 0.394784
0.427988 13.723990 0.394730
0.349095 13.723813 0.394693
0.270212 13.723170 0.394656
0.151918 13.721279 0.394599
0.033660 13.718459 0.394542
-0.045150 13.715961 0.394503
-0.123935 13.713001 0.394464
-0.242055 13.707635 0.394404
-0.360112 13.701343 0.394344
-0.438770 13.696532 0.394303
-0.556678 13.688393 0.394241
-0.674500 13.679332 0.394179
-0.752987 13.672676 0.394136
-0.831424 13.665560 0.394094
-0.948973 13.653967 0.394029
-1.066410 13.641456 0.393963
-1.144622 13.632504 0.393919
-1.222770 13.623093 0.393875
-1.339860 13.608063 0.393807
-1.456810 13.592118 0.393739
-1.534680 13.580881 0.393693
-1.651329 13.563115 0.393623
-1.767817 13.544438 0.393553
-1.845364 13.531383 0.393505
-1.922823 13.517874 0.393457
-2.000193 13.503913 0.393409
-2.077471 13.489501 0.393361
-2.154653 13.474637 0.393312
-2.231737 13.459322 0.393262
-2.347161 13.435451 0.393188
-2.462376 13.410684 0.393113
-2.539043 13.393575 0.393062
-2.653820 13.367018 0.392985
-2.768367 13.339570 0.392908
-2.844574 13.320679 0.392856
-2.920660 13.301343 0.392804
-2.996623 13.281566 0.392751
-3.072458 13.261347 0.392698
-3.148165 13.240685 0.392645
-3.223739 13.219585 0.392591
-3.299180 13.198045 0.392537
-3.374484 13.176066 0.392483
-3.449649 13.153650 0.392428
-3.562111 13.119153 0.392346
-3.674283 13.083787 0.392263
-3.748865 13.059630 0.392207
-3.860434 13.022531 0.392123
-3.971691 12.984570 0.392037
-4.045651 12.958689 0.391980
-4.156266 12.919011 0.391894
-4.266551 12.878479 0.391807
-4.339848 12.850891 0.391749
-4.412974 12.822878 0.391691
-4.485927 12.794442 0.391632
-4.558702 12.765585 0.391573
-4.631299 12.736307 0.391513
-4.703713 12.706609 0.391453
-4.775945 12.676493 0.391393
-4.847990 12.645959 0.391333
-4.919847 12.615009 0.391273
-4.991512 12.583645 0.391212
-5.062984 12.551867 0.391151
-5.134261 12.519676 0.391089
-5.240779 12.470569 0.390997
-5.346893 12.420645 0.390903
-5.452494 12.369701 0.390810
-5.557679 12.317946 0.390715
-5.662333 12.265185 0.390620
-5.766557 12.211621 0.390525
-5.835748 12.175378 0.390461
-5.939091 12.120220 0.390364
-6.041985 12.064269 0.390268
-6.110278 12.026444 0.390203
-6.178341 11.988228 0.390137
-6.246171 11.949619 0.390072
-6.313767 11.910623 0.390006
-6.381126 11.871237 0.389941
-6.448246 11.831467 0.389874
-6.548443 11.771041 0.389775
-6.648151 11.709850 0.389675
-6.747240 11.647710 0.389574
-6.845827 11.584813 0.389473
-6.911213 11.542381 0.389405
-6.976344 11.499575 0.389337
-7.041216 11.456396 0.389269
-7.105828 11.412847 0.389201
-7.170177 11.368928 0.389133
-7.234262 11.324642 0.389064
-7.298081 11.279990 0.388995
-7.361630 11.234974 0.388926
-7.456412 11.166725 0.388822
-7.550648 11.097756 0.388718
-7.644191 11.027894 0.388613
-7.767981 10.933562 0.388472
-7.860116 10.861933 0.388367
-7.921157 10.813714 0.388296
-7.981910 10.765148 0.388225
-8.042373 10.716236 0.388154
-8.102543 10.666983 0.388083
-10.568050 7.999186 0.384593
-10.612158 7.935700 0.384517
-10.677576 7.839982 0.384402
-10.742245 7.743779 0.384288
-10.784858 7.679323 0.384211
-10.827093 7.614630 0.384135
-10.868950 7.549703 0.384059
-10.930975 7.451847 0.383944
-10.992238 7.353533 0.383829
-11.052543 7.254653 0.383714
-11.112077 7.155329 0.383599
-11.170644 7.055456 0.383484
-11.228435 6.955151 0.383369
-11.266441 6.887997 0.383292
-11.304057 6.820633 0.383216
-11.341280 6.753061 0.383139
-11.378109 6.685283 0.383062
-11.450583 6.549120 0.382909
-11.486224 6.480739 0.382832
-11.590761 6.274426 0.382602
-11.836209 5.751297 0.382029
-11.928006 5.539289 0.381800
-11.972571 5.432745 0.381685
-12.001733 5.361499 0.381609
-12.086740 5.146817 0.381381
-12.127792 5.038941 0.381267
-12.168011 4.930768 0.381153
-12.194267 4.858459 0.381077
-12.232816 4.749711 0.380964
-12.270528 4.640685 0.380851
-12.295108 4.567821 0.380775
-12.331136 4.458260 0.380662
-12.366322 4.348440 0.380549
-12.389215 4.275058 0.380474
-12.411685 4.201554 0.380399
-12.433730 4.127929 0.380324
-12.455352 4.054185 0.380249
-12.486933 3.943339 0.380137
-12.517662 3.832268 0.380025
-12.537580 3.758075 0.379951
-12.566601 3.646574 0.379839
-12.594766 3.534869 0.379728
-12.612969 3.460266 0.379654
-12.639418 3.348169 0.379543
-12.665007 3.235887 0.379433
-12.681490 3.160912 0.379359
-12.697544 3.085851 0.379286
-12.713165 3.010705 0.379212
-12.728355 2.935478 0.379139
-12.743114 2.860171 0.379066
-12.764385 2.747059 0.378957
-12.784788 2.633799 0.378848
-12.797813 2.558199 0.378775
-12.816482 2.444667 0.378667
-12.834283 2.331007 0.378559
-12.845569 2.255153 0.378487
-12.861629 2.141259 0.378379
-12.876819 2.027258 0.378272
-12.886363 1.951190 0.378201
-12.895472 1.875074 0.378129
-12.908262 1.760811 0.378023
-12.920180 1.646466 0.377917
-12.927543 1.570185 0.377847
-12.937713 1.455693 0.377741
-12.947009 1.341139 0.377636
-12.952623 1.264732 0.377566
-12.960170 1.150071 0.377462
-12.966843 1.035367 0.377358
-12.970707 0.958873 0.377289
-12.975629 0.844102 0.377186
-12.979675 0.729307 0.377083
-12.981790 0.652765 0.377015
-12.983467 0.576218 0.376947
-12.985108 0.461391 0.376845
-12.985873 0.346565 0.376744
-12.984816 0.155215 0.376576
-12.981710 0.002181 0.376499
-2.757792 -2.857775 0.064540
-0.652309 -3.948203 0.066000
4.246555 1.238001 0.065687
4.038941 1.858689 0.067528
3.846677 2.250069 0.067437
3.449500 2.840214 0.067238
2.846744 3.448862 0.065894
1.867304 4.055531 0.066331
1.653196 4.145165 0.067136
1.338928 4.250130 0.066927
0.966030 4.341860 0.067280
0.858027 4.357631 0.065715
-0.449728 4.365493 0.063485
-0.545188 4.363023 0.066917
-0.942188 4.264472 0.063735
-4.744455 -0.270076 0.083650
-4.735346 -0.355514 0.083627
-4.749369 -0.454008 0.086626
-4.649188 -0.863364 0.083503
-4.546157 -1.250376 0.083425
-4.448495 -1.534344 0.083379
-4.273352 -1.941305 0.083329
-3.650970 -2.948425 0.085940
-3.255850 -3.345303 0.083351
-3.037565 -3.543886 0.083389
-2.924124 -3.638264 0.083412
-2.862896 -3.737293 0.089013
-2.558288 -3.953655 0.089188
-1.751672 -4.340766 0.083735
-0.854637 -4.642655 0.087142
-0.243319 -4.761851 0.092709
-0.158704 -4.745210 0.088565
-0.057407 -4.762283 0.090730
0.043331 -4.765895 0.090798
0.154174 -4.734018 0.084502
0.271936 -4.755333 0.088818
0.361678 -4.774611 0.093141
0.444216 -4.748917 0.088921
0.546628 -4.753045 0.091126
0.649394 -4.754845 0.093347
0.733027 -4.735363 0.091252
1.256731 -4.657310 0.093784
1.648687 -4.532168 0.089673
1.947515 -4.438670 0.092078
2.141235 -4.359680 0.092215
2.743628 -4.049354 0.092642
2.944526 -3.921135 0.092789
3.045042 -3.857564 0.094203
3.346922 -3.629788 0.095322
3.459799 -3.541134 0.097196
3.745236 -3.221122 0.086681
3.824301 -3.137264 0.086746
3.929827 -3.018983 0.086834
4.004175 -2.930837 0.086897
4.223052 -2.644456 0.087093
4.312706 -2.513505 0.087178
-1.422816 4.922744 0.090926
-2.135909 4.626884 0.091750
-2.443012 4.449182 0.090996
-3.034057 4.033655 0.091737
-3.230684 3.841630 0.089621
-3.335379 3.740864 0.089541
-3.436753 3.637150 0.089463
-3.535164 3.530667 0.089386
-3.758482 3.263552 0.089211
-3.851699 3.156883 0.090459
-4.063208 2.855147 0.090960
-4.152672 2.652759 0.087547
-4.254135 2.451110 0.086776
-4.345706 2.326756 0.090069
-4.363333 2.261631 0.088698
-4.454158 2.048409 0.088620
-4.452261 1.957827 0.084511
-4.546691 1.849753 0.090591
-4.562287 1.749304 0.088513
-4.632083 1.469523 0.087048
-4.636197 1.353547 0.084229
-4.661266 1.241470 0.084181
-4.746241 0.933599 0.087448
-4.728468 0.845437 0.084020
-4.738570 0.759968 0.083988
-4.749834 0.645789 0.083945
-4.758448 0.531401 0.083904
-5.760827 0.033717 0.118280
-5.757354 -0.052334 0.118250
-5.751417 -0.155493 0.118215
-5.743793 -0.258526 0.118181
-5.734485 -0.361408 0.118148
-5.723232 -0.464079 0.118116
-5.667121 -0.838436 0.118007
-5.647593 -0.939793 0.117980
-5.578829 -1.241614 0.117903
-5.552442 -1.341353 0.117880
-5.463033 -1.637564 0.117816
-5.273528 -2.135236 0.117729
-4.973403 -2.733670 0.117661
-4.794062 -3.026436 0.117644
-1.240922 -5.551134 0.118509
-0.837662 -5.636650 0.118681
0.051031 -5.725015 0.119097
0.154217 -5.726621 0.119149
0.274631 -5.726311 0.119209
0.360637 -5.724571 0.119253
0.469142 -5.746309 0.123861
1.250284 -5.632659 0.119736
3.025467 -5.034831 0.125605
3.355289 -4.860862 0.129657
5.274351 -2.936332 0.132174
5.337779 -2.837751 0.133403
5.436173 -2.645039 0.129976
5.552677 -2.420342 0.130088
5.640642 -2.247751 0.132498
5.728013 -2.044292 0.132581
5.832538 -1.752127 0.130380
5.931455 -1.460736 0.132775
5.954611 -1.359820 0.130518
6.031425 -1.060600 0.131974
6.046314 -0.952164 0.128388
6.115577 -0.544618 0.129416
6.129823 -0.450028 0.130780
6.144649 0.748548 0.130966
6.130172 0.859357 0.128844
6.123603 0.949104 0.130989
6.023523 1.545833 0.133085
5.922654 1.931161 0.133045
-2.143831 5.750025 0.126886
-2.354729 5.650727 0.125944
-2.551374 5.554486 0.125798
-2.742804 5.445271 0.124877
-2.933681 5.340822 0.125504
-3.050630 5.249412 0.123485
-4.941289 3.254736 0.119876
-5.063718 3.148145 0.125045
-5.059861 3.043229 0.119739
-5.153149 2.952620 0.123635
-5.154645 2.858358 0.119623
-5.252329 2.749273 0.123533
-5.263927 2.622909 0.119481
-5.337369 2.447373 0.119380
-5.381275 2.334558 0.119316
-5.457661 2.250310 0.123318
-5.445513 2.155560 0.119218
-5.472776 2.073548 0.119174
-5.540275 1.954686 0.121842
-5.538136 1.858636 0.119062
-5.561072 1.775359 0.119020
-5.618896 1.540603 0.118905
-5.633660 1.473135 0.118873
-5.657534 1.354678 0.118817
-5.760293 0.447203 0.118432
-5.762796 0.361065 0.118399
-5.764025 0.257680 0.118360
-5.763311 0.145693 0.118347
-7.170995 0.073099 0.166902
-7.166209 -0.044125 0.167103
-7.159831 -0.171885 0.167051
-7.155845 -0.235713 0.167026
-7.147893 -0.341988 0.166984
-7.136368 -0.469334 0.166936
-7.085424 -0.870832 0.166791
-7.075342 -0.933922 0.166769
-7.053606 -1.059824 0.166727
-6.768353 -2.149768 0.166415
3.171631 -6.541976 0.175205
3.358267 -6.429734 0.170209
3.759002 -6.226468 0.170520
3.936770 -6.153420 0.175823
4.415565 -5.822466 0.171061
6.339856 -3.936859 0.183139
6.458946 -3.741731 0.180718
6.527722 -3.631670 0.180791
6.648783 -3.426763 0.180921
6.742561 -3.247819 0.179514
6.836248 -3.052795 0.177369
6.935134 -2.855055 0.178748
7.042434 -2.644408 0.183857
7.122282 -2.429855 0.181469
7.149012 -2.348884 0.180022
7.232596 -2.136057 0.183089
7.264269 -2.047845 0.184106
7.328178 -1.840392 0.184189
7.347916 -1.750844 0.181774
7.416281 -1.465014 0.179463
7.451292 -1.349816 0.183382
7.529769 -0.950617 0.184461
7.532810 -0.851911 0.178524
7.613025 -0.124349 0.182311
7.620406 -0.056308 0.184656
7.467275 1.759871 0.182606
7.449036 1.845121 0.182616
7.375938 2.160371 0.184778
7.344472 2.249863 0.180475
7.286935 2.468018 0.184750
7.256274 2.542091 0.180500
7.185933 2.748606 0.180505
7.145986 2.857828 0.180514
7.081644 3.032051 0.182598
7.031416 3.153062 0.182588
6.980811 3.261692 0.180520
6.940510 3.353787 0.181339
6.874477 3.476031 0.176448
6.848897 3.549884 0.182541
6.751567 3.743411 0.183715
6.696936 3.840290 0.182488
6.643387 3.935533 0.182470
6.577316 4.048798 0.182446
6.520759 4.142308 0.182426
6.462772 4.234948 0.182404
6.403479 4.326766 0.182381
6.379373 4.363242 0.182371
6.338949 4.429185 0.184292
6.268271 4.525570 0.182332
4.258627 6.465322 0.179928
4.142908 6.535019 0.178274
4.067355 6.584196 0.179124
3.952057 6.658103 0.180806
3.884489 6.682399 0.175540
3.828300 6.724142 0.178995
3.758895 6.772558 0.182425
3.693393 6.787807 0.175472
3.645986 6.828030 0.180622
3.568228 6.868243 0.180573
3.499282 6.887519 0.175400
3.440840 6.931615 0.180491
3.361834 6.964258 0.178743
3.262614 6.999536 0.175309
3.152539 7.064199 0.180305
3.062482 7.086423 0.175228
3.048375 7.113818 0.181917
2.940397 7.152345 0.180170
2.859896 7.167357 0.175144
2.749217 7.230912 0.181698
2.659433 7.249112 0.177524
2.560465 7.291560 0.179929
2.489630 7.297819 0.174983
2.431467 7.339428 0.181467
2.356305 7.351079 0.178169
2.272509 7.375965 0.178119
2.176205 7.391343 0.174841
2.137331 7.425870 0.181250
2.050297 7.452006 0.181980
1.947538 7.459384 0.177124
1.837771 7.475729 0.174680
1.773908 7.489798 0.174649
1.652155 7.534042 0.179308
1.544847 7.554650 0.179239
1.458679 7.570121 0.179175
1.358921 7.576532 0.176779
1.237539 7.584637 0.174379
1.172769 7.593388 0.174345
1.069328 7.626688 0.178908
0.938947 7.640975 0.178816
0.857862 7.641587 0.177233
0.764770 7.656437 0.178693
0.644806 7.664670 0.178605
0.568476 7.668957 0.178553
0.459312 7.673615 0.178474
0.363991 7.668686 0.176909
0.239099 7.655109 0.173834
0.130288 7.654635 0.173771
0.044092 7.676839 0.178167
-0.051976 7.669397 0.177214
-0.174020 7.669176 0.178014
-0.232258 7.674278 0.179441
-0.693886 7.598583 0.173276
-0.780105 7.587338 0.173223
-0.844667 7.578210 0.173182
-0.973531 7.558311 0.173100
-1.293885 7.498703 0.172893
-1.357597 7.485057 0.172851
-2.069581 7.291968 0.172366
-2.356296 7.192069 0.172162
-2.838404 7.049366 0.178034
-3.229092 6.855420 0.177015
-3.371197 6.752453 0.174145
-3.556726 6.639761 0.173306
-3.658254 6.556757 0.171165
-3.733617 6.554366 0.175217
-3.840700 6.440665 0.171014
-3.966344 6.356321 0.170909
-4.042410 6.351246 0.174953
-4.125235 6.244137 0.170773
-6.018655 4.230711 0.168891
-6.075714 4.139645 0.168823
-6.131377 4.047746 0.168755
-6.185743 3.955098 0.168687
-6.238693 3.861660 0.168620
-6.290323 3.767510 0.168553
-6.310578 3.729641 0.168526
-6.360215 3.634460 0.168460
-6.389372 3.577041 0.168421
-6.417968 3.519349 0.168381
-6.455345 3.442073 0.168329
-6.482812 3.383855 0.168291
-6.509712 3.325381 0.168252
-6.544816 3.247084 0.168201
-6.570573 3.188117 0.168163
-6.644322 3.149570 0.172445
-6.620475 3.069519 0.168087
-6.660441 2.970047 0.168025
-6.699012 2.870048 0.167964
-6.910803 2.218380 0.167584
-6.932988 2.135681 0.167539
-6.954089 2.052714 0.167494
-6.979351 1.948743 0.167439
-7.007560 1.823515 0.167373
-7.029430 1.718823 0.167319
-7.037740 1.676863 0.167298
-7.057420 1.571767 0.167245
-7.079060 1.445323 0.167182
-7.089085 1.381980 0.167152
-7.104487 1.276226 0.167101
-7.120984 1.149074 0.167041
-7.132951 1.042920 0.166992
-7.141614 0.957910 0.166954
-7.150875 0.851518 0.166906
-7.159994 0.723715 0.166851
-7.163753 0.659769 0.166823
-7.168703 0.553141 0.166778
-7.172093 0.446470 0.166734
-7.173819 0.361118 0.166700
-7.174456 0.254426 0.166657
-7.173615 0.147751 0.166615
-9.339405 -0.055878 0.241833
-9.334481 -0.166354 0.241780
-9.324715 -0.331910 0.241704
-9.316619 -0.442155 0.241654
-9.307258 -0.552282 0.241605
-9.296632 -0.662277 0.241556
-9.284743 -0.772125 0.241509
-9.275041 -0.854412 0.241474
-9.260949 -0.963970 0.241428
-9.249517 -1.046012 0.241395
-9.233229 -1.155236 0.241350
-9.215690 -1.264249 0.241307
-9.201755 -1.345870 0.241275
-9.187041 -1.427344 0.241244
-9.161067 -1.562845 0.241193
-9.144490 -1.643936 0.241163
-9.121356 -1.751829 0.241124
-9.103235 -1.832571 0.241096
-9.090744 -1.886299 0.241077
-9.071392 -1.966739 0.241049
-9.030697 -2.127100 0.240996
-8.994724 -2.260171 0.240952
-8.972168 -2.339733 0.240927
-8.941084 -2.445511 0.240895
-8.900567 -2.577215 0.240855
-8.875296 -2.655925 0.240832
-8.840603 -2.760533 0.240803
-8.758225 -2.994370 0.240739
-8.729384 -3.071802 0.240720
-8.699954 -3.149005 0.240700
-8.669791 -3.225917 0.240681
-8.586245 -3.429728 0.240634
-8.393426 -3.856042 0.240547
-8.072807 -4.464386 0.240453
-5.239269 -7.561382 0.240765
-5.148821 -7.623772 0.240793
-5.034787 -7.700334 0.240830
-4.965809 -7.745433 0.240852
-4.826745 -7.833917 0.240900
-4.709728 -7.905859 0.240941
-4.638995 -7.948166 0.240966
-4.520357 -8.017416 0.241009
-4.472616 -8.044627 0.241027
-4.328469 -8.124619 0.241082
-4.255864 -8.163651 0.241110
-4.134165 -8.227412 0.241159
-3.986910 -8.301579 0.241218
-3.738703 -8.419555 0.241323
-1.570183 -9.115576 0.242403
2.937027 -8.911874 0.245477
3.228240 -8.822395 0.245714
3.542692 -8.714291 0.245975
3.857382 -8.646305 0.254914
4.062976 -8.560077 0.255100
4.235916 -8.431499 0.246575
4.462006 -8.325199 0.246777
4.685390 -8.213081 0.246980
4.832702 -8.135071 0.247117
5.058995 -8.058589 0.256028
5.251056 -7.944564 0.256211
5.337492 -7.841930 0.247597
5.538925 -7.745787 0.253592
5.856577 -7.543555 0.256803
5.914575 -7.453399 0.248173
8.046327 -5.347745 0.256318
8.146175 -5.246008 0.263521
8.260017 -5.040536 0.256590
8.351316 -4.916492 0.259524
8.451826 -4.740785 0.256838
8.527999 -4.646320 0.262552
8.571510 -4.556763 0.259805
8.641365 -4.434558 0.259892
8.749161 -4.253737 0.262822
8.840330 -4.062155 0.260156
8.939805 -3.859990 0.260293
9.046268 -3.646098 0.263202
9.156774 -3.354614 0.257866
9.187703 -3.244199 0.252446
9.250506 -3.134712 0.260747
9.325963 -2.947774 0.263591
9.357084 -2.858891 0.263632
9.428286 -2.644465 0.263739
9.462013 -2.536616 0.263790
9.516895 -2.331350 0.261195
9.624909 -1.936611 0.264058
9.642543 -1.838567 0.261432
9.659427 -1.740523 0.258822
9.678786 -1.672939 0.261513
9.725880 -1.456809 0.264242
9.742246 -1.339554 0.261655
9.754361 -1.240820 0.259073
9.776047 -1.159164 0.264354
9.815666 -0.835666 0.261865
9.825260 -0.751287 0.261897
9.836943 -0.638597 0.261933
9.844806 -0.554015 0.261964
9.854190 -0.441128 0.262004
9.857681 -0.341751 0.259475
9.870297 -0.257943 0.264631
9.871855 -0.158419 0.262100
9.876599 -0.045180 0.262137
9.876271 0.054237 0.259632
9.881754 0.153091 0.262204
9.886095 0.252126 0.264757
9.882639 0.351614 0.262251
9.878563 0.450874 0.259777
9.879730 0.549992 0.262318
9.879760 0.649238 0.264839
9.872549 0.748446 0.262364
9.864528 0.847484 0.259910
9.861384 0.946680 0.262420
9.857111 1.045954 0.264908
9.846045 1.144771 0.262459
9.834163 1.243387 0.260030
9.826726 1.342437 0.262514
9.813827 1.455305 0.262530
9.793709 1.552684 0.255256
9.788022 1.652431 0.262561
9.771172 1.750271 0.260166
9.758243 1.848961 0.262601
9.744212 1.947620 0.265013
9.724333 2.044950 0.262625
9.708622 2.128731 0.262637
9.693636 2.168553 0.255499
9.671144 2.279818 0.255540
9.662997 2.351413 0.262673
9.643552 2.449317 0.265041
9.618736 2.545444 0.262688
9.588422 2.659648 0.260353
9.564933 2.751390 0.260375
9.541206 2.848399 0.262722
9.484602 3.054550 0.265043
9.453804 3.148843 0.262734
9.422177 3.242756 0.260447
9.386913 3.350909 0.260459
9.356748 3.446332 0.262751
9.299543 3.590324 0.255954
9.280087 3.660710 0.262753
9.246601 3.755225 0.265001
9.219285 3.820351 0.262745
9.198386 3.873313 0.262744
9.166411 3.952512 0.262742
9.112673 4.066647 0.256070
9.082041 4.147887 0.260521
9.043353 4.240496 0.262736
8.988882 4.355687 0.260527
8.947963 4.447374 0.262728
8.910990 4.524460 0.262715
8.885927 4.575626 0.262710
8.847727 4.652081 0.262702
8.787912 4.764513 0.260525
8.742655 4.854353 0.262679
8.680209 4.965303 0.260518
8.632818 5.054124 0.262650
8.567770 5.163525 0.260506
8.526767 5.240956 0.264733
8.492799 5.282243 0.256272
8.459258 5.348838 0.262600
8.403303 5.427719 0.256286
8.383902 5.469831 0.262576
8.337774 5.541857 0.262561
8.266368 5.647099 0.260456
8.220831 5.722355 0.264586
8.179555 5.779110 0.262498
8.134432 5.847652 0.264536
8.055641 5.952485 0.261228
7.970992 6.066551 0.260388
5.793182 8.179016 0.255948
5.747953 8.228662 0.263092
5.676735 8.268742 0.259478
5.605194 8.307953 0.255889
5.546739 8.360576 0.261188
5.451057 8.422924 0.261130
5.378837 8.468976 0.261087
5.257512 8.544204 0.261013
5.184223 8.588534 0.260969
5.122345 8.610454 0.255723
5.061154 8.660870 0.260893
4.974094 8.695557 0.255667
4.957908 8.724752 0.262553
4.866213 8.765437 0.259060
4.761585 8.827077 0.260706
4.664702 8.872584 0.258949
4.563012 8.924358 0.258892
4.456337 8.982430 0.260517
4.353366 9.031946 0.260444
4.254383 9.072401 0.258715
4.145728 9.127193 0.260303
4.041116 9.172791 0.260240
3.950218 9.193846 0.255243
3.870355 9.238404 0.258485
3.765340 9.268343 0.255158
3.630232 9.344541 0.261585
3.551090 9.361629 0.258291
3.445022 9.387126 0.255007
3.353957 9.431209 0.258175
3.245799 9.467410 0.258107
3.050021 9.536100 0.259561
2.955351 9.557766 0.257919
2.847810 9.574974 0.254708
2.765496 9.597596 0.254665
2.748514 9.622738 0.259359
2.638124 9.652004 0.259276
2.462036 9.674066 0.254503
2.378880 9.693252 0.254458
2.354847 9.727749 0.260617
2.249424 9.743672 0.258997
2.137717 9.766900 0.258915
2.044679 9.762411 0.254272
1.960769 9.777798 0.254225
1.876747 9.792522 0.254177
1.850884 9.828057 0.260221
1.738232 9.846699 0.260132
1.644135 9.861328 0.260053
1.563521 9.856764 0.256991
1.469479 9.869222 0.256930
1.342032 9.868073 0.253862
1.229008 9.880146 0.253793
1.144162 9.888365 0.253742
1.059247 9.895746 0.253689
0.959601 9.921034 0.256568
0.838446 9.938325 0.257943
0.735941 9.953401 0.259321
0.656419 9.939027 0.256346
0.553833 9.952141 0.257723
0.439912 9.955315 0.257634
0.336833 9.966647 0.258993
0.258137 9.947996 0.256052
0.155060 9.957366 0.257411
0.041142 9.955832 0.257321
-0.062368 9.963407 0.258662
-0.140027 9.940508 0.255753
-0.243343 9.946008 0.257097
-0.357172 9.939892 0.257003
-0.460976 9.943703 0.258327
-0.528520 9.895831 0.252643
-0.641500 9.885800 0.252563
-0.754337 9.874438 0.252483
-0.867016 9.861747 0.252402
-0.951417 9.851399 0.252341
-1.035701 9.840224 0.252280
-1.140947 9.871780 0.257748
-1.262222 9.841950 0.256262
-1.371682 9.788262 0.252033
-1.455357 9.773463 0.251970
-1.538871 9.757843 0.251907
-1.649999 9.735929 0.251823
-1.765644 9.749584 0.255839
-1.871386 9.688190 0.251653
-2.036607 9.648982 0.251524
-2.160145 9.644388 0.254142
-2.255710 9.592192 0.251351
-2.364718 9.561874 0.251264
-2.446235 9.538338 0.251199
-2.542659 9.537604 0.253819
-2.635527 9.480509 0.251045
-2.743128 9.445749 0.250956
-2.861280 9.450120 0.254889
-2.957008 9.372463 0.250778
-3.063259 9.333950 0.250689
-3.155480 9.345491 0.254627
-3.195412 9.284103 0.250577
-3.248051 9.263610 0.250532
-3.326756 9.232256 0.250464
-3.442224 9.248976 0.255703
-3.457328 9.178574 0.250351
-3.561173 9.134230 0.250260
-3.651620 9.160540 0.255510
-3.664472 9.088677 0.250170
-3.741560 9.053687 0.250101
-3.945586 8.957199 0.249918
-4.071910 8.894527 0.249803
-4.147213 8.855988 0.249734
-4.271984 8.790394 0.249619
-4.346333 8.750113 0.249550
-4.640076 8.582701 0.249272
-5.092295 8.297066 0.248830
-5.535971 8.048721 0.252375
-5.639025 7.901471 0.248271
-7.697892 5.699715 0.245807
-7.759949 5.606752 0.245720
-7.790566 5.560009 0.245676
-7.820908 5.513094 0.245632
-7.880761 5.418755 0.245546
-7.924887 5.347540 0.245481
-7.982788 5.252038 0.245394
-8.039563 5.155891 0.245309
-8.081438 5.083385 0.245245
-8.108975 5.034839 0.245202
-8.163194 4.937287 0.245117
-8.189874 4.888285 0.245075
-8.216265 4.839134 0.245033
-8.242369 4.789835 0.244991
-8.293706 4.690804 0.244907
-8.318940 4.641074 0.244866
-8.356206 4.566200 0.244804
-8.392887 4.491051 0.244742
-8.416949 4.440770 0.244701
-8.452455 4.365083 0.244639
-8.487369 4.289135 0.244578
-8.510249 4.238332 0.244537
-8.543975 4.161874 0.244477
-8.598793 4.033869 0.244376
-8.630726 3.956682 0.244316
-8.672299 3.853379 0.244237
-8.712665 3.749622 0.244158
-8.826469 3.435772 0.243926
-8.870678 3.303938 0.243830
-8.887808 3.251032 0.243792
-8.912887 3.171489 0.243736
-8.945296 3.065131 0.243661
-8.976468 2.958428 0.243587
-8.999069 2.878191 0.243532
-9.013723 2.824593 0.243495
-9.035080 2.744038 0.243440
-9.062515 2.636382 0.243368
-9.088700 2.528436 0.243297
-9.107554 2.447304 0.243244
-9.131543 2.338888 0.243173
-9.148669 2.257404 0.243121
-9.170454 2.148563 0.243052
-9.190976 2.039497 0.242984
-9.210235 1.930223 0.242916
-9.223887 1.848145 0.242866
-9.240928 1.738539 0.242799
-9.252837 1.656219 0.242750
-9.267657 1.546328 0.242685
-9.281206 1.436294 0.242621
-9.290573 1.353687 0.242573
-9.296393 1.298576 0.242542
-9.301894 1.243437 0.242510
-9.307078 1.188272 0.242479
-9.318603 1.050257 0.242402
-9.326420 0.939758 0.242342
-9.332962 0.829196 0.242282
-9.337071 0.746243 0.242237
-9.340384 0.663267 0.242193
-9.343738 0.552611 0.242136
-13.171334 -0.151817 0.374780
-13.165718 -0.268111 0.374703
-13.161383 -0.345598 0.374652
-13.156605 -0.423050 0.374602
-13.148552 -0.539152 0.374527
-13.139616 -0.655171 0.374453
-13.133071 -0.732459 0.374404
-13.122369 -0.848294 0.374332
-13.089133 -1.156620 0.374143
-13.074912 -1.272007 0.374074
-13.064847 -1.348848 0.374028
-13.054344 -1.425620 0.373983
-13.037715 -1.540640 0.373916
-12.988716 -1.846556 0.373742
-12.968602 -1.960952 0.373678
-12.954614 -2.037102 0.373636
-12.932765 -2.151148 0.373574
-12.894335 -2.340789 0.373473
-12.869897 -2.454261 0.373413
-12.844600 -2.567530 0.373354
-12.791005 -2.793321 0.373240
-12.772287 -2.868363 0.373203
-12.753142 -2.943289 0.373166
-12.693158 -3.167356 0.373058
-12.672317 -3.241798 0.373023
-12.640210 -3.353209 0.372971
-12.584734 -3.538280 0.372887
-12.550107 -3.648890 0.372837
-12.490448 -3.832586 0.372757
-12.453321 -3.942340 0.372711
-12.376378 -4.160875 0.372621
-12.336568 -4.269641 0.372577
-12.268030 -4.450067 0.372507
-12.225765 -4.557864 0.372466
-12.197046 -4.629506 0.372439
-12.153158 -4.736627 0.372400
-12.062762 -4.949733 0.372324
-12.016259 -5.055706 0.372288
-11.968760 -5.161219 0.372253
-11.920465 -5.266360 0.372219
-11.887741 -5.336201 0.372197
-11.837866 -5.440578 0.372164
-11.787204 -5.544564 0.372133
-11.735565 -5.648053 0.372103
-11.683146 -5.751139 0.372073
-11.629758 -5.853713 0.372045
-11.575599 -5.955870 0.372018
-11.520479 -6.057499 0.371992
-11.464595 -6.158700 0.371966
-11.426831 -6.225877 0.371950
-11.388688 -6.292834 0.371935
-11.350167 -6.359571 0.371919
-11.311270 -6.426083 0.371905
-11.271996 -6.492369 0.371890
-11.232349 -6.558427 0.371876
-11.172133 -6.657053 0.371856
-11.111177 -6.755214 0.371838
-11.049298 -6.852785 0.371820
-10.986686 -6.949877 0.371803
-10.923162 -7.046364 0.371787
-10.858913 -7.142361 0.371773
-10.815599 -7.206029 0.371763
-10.771926 -7.269446 0.371755
-10.727896 -7.332613 0.371746
-10.683509 -7.395525 0.371739
-10.638767 -7.458181 0.371731
-10.570948 -7.551649 0.371721
-10.502428 -7.644595 0.371712
-10.433035 -7.736882 0.371704
-10.339356 -7.859043 0.371695
-10.268237 -7.949988 0.371690
-7.615724 -10.502339 0.372071
-7.553443 -10.547470 0.372090
-7.428116 -10.636670 0.372130
-7.301782 -10.724442 0.372172
-7.238243 -10.767791 0.372194
-7.142442 -10.832090 0.372227
-7.046157 -10.895664 0.372261
-6.949271 -10.958326 0.372296
-6.851913 -11.020254 0.372333
-6.721244 -11.101472 0.372383
-6.655565 -11.141523 0.372408
-6.523525 -11.220509 0.372461
-6.323793 -11.336169 0.372543
-6.155828 -11.429902 0.372615
-5.952554 -11.539285 0.372705
-5.747430 -11.645198 0.372798
-5.540510 -11.747612 0.372896
-5.366773 -11.830311 0.372980
-5.156713 -11.926231 0.373084
-4.945026 -12.018569 0.373193
-4.731769 -12.107296 0.373305
-4.660345 -12.136065 0.373343
-4.445088 -12.219938 0.373461
-4.228402 -12.300140 0.373582
-4.155866 -12.326056 0.373623
-3.937368 -12.401326 0.373749
-3.864247 -12.425591 0.373792
-3.570376 -12.518489 0.373967
-3.237248 -12.614952 0.374172
-2.901698 -12.702988 0.374385
-2.826815 -12.721375 0.374433
-2.450828 -12.806918 0.374681
-2.375332 -12.822743 0.374731
-1.920458 -12.908675 0.375043
-1.844353 -12.921489 0.375096
-1.768169 -12.933869 0.375150
-1.232919 -13.008375 0.375536
-1.156203 -13.017278 0.375592
-1.041018 -13.029758 0.375678
0.077196 -13.100119 0.376543
0.154530 -13.101557 0.376605
0.231878 -13.102553 0.376668
0.347923 -13.103167 0.376763
0.463983 -13.102897 0.376858
0.541364 -13.102128 0.376921
0.618746 -13.100917 0.376986
1.855105 -13.021422 0.378053
1.932141 -13.012698 0.378122
2.009135 -13.003532 0.378191
2.661493 -12.907768 0.378792
3.157215 -12.813207 0.379264
3.611718 -12.709468 0.379708
4.361167 -12.501830 0.380467
4.657666 -12.406711 0.380776
4.952054 -12.304754 0.381088
5.461680 -12.110011 0.381642
6.734437 -11.515579 0.383099
6.940578 -11.403659 0.383346
7.613784 -11.004778 0.384177
7.745714 -10.920304 0.384344
8.039036 -10.724565 0.384721
8.327420 -10.521223 0.385099
11.326412 -7.530104 0.389649
11.418853 -7.401739 0.389814
11.532279 -7.239691 0.390021
11.730680 -6.943842 0.390390
11.816371 -6.810622 0.390554
11.921274 -6.642616 0.390757
12.044010 -6.438967 0.391000
12.104105 -6.336339 0.391121
12.620967 -5.352916 0.392233
12.721258 -5.136607 0.392467
12.753851 -5.064095 0.392545
12.817773 -4.918473 0.392699
12.849099 -4.845367 0.392776
12.925500 -4.661741 0.392967
13.028092 -4.402767 0.393232
13.056420 -4.328362 0.393308
13.125284 -4.141565 0.393495
13.165383 -4.029011 0.393607
13.229877 -3.840542 0.393791
13.267342 -3.727012 0.393902
13.315673 -3.575071 0.394048
13.350699 -3.460702 0.394156
13.406995 -3.269409 0.394337
13.439341 -3.154183 0.394444
13.470786 -3.038687 0.394551
13.520789 -2.845494 0.394727
13.549522 -2.729226 0.394832
13.568073 -2.651551 0.394901
13.612398 -2.456839 0.395074
13.637713 -2.339696 0.395177
13.653978 -2.261456 0.395245
13.677459 -2.143888 0.395347
13.700018 -2.026118 0.395448
13.714442 -1.947475 0.395515
13.728404 -1.868738 0.395581
13.748423 -1.750452 0.395680
13.767512 -1.631991 0.395779
13.779620 -1.552905 0.395844
13.791262 -1.473739 0.395909
13.807794 -1.354836 0.396006
13.823390 -1.235787 0.396102
13.833166 -1.156328 0.396166
13.842473 -1.076802 0.396229
13.855495 -0.957388 0.396324
13.867579 -0.837854 0.396417
13.875010 -0.758091 0.396479
13.881968 -0.678275 0.396541
13.891465 -0.558454 0.396633
13.900018 -0.438541 0.396724
13.905091 -0.358544 0.396784
13.909692 -0.278508 0.396844
13.915648 -0.158385 0.396933
13.920655 -0.038199 0.397021
13.923364 0.041961 0.397080
13.925597 0.122146 0.397138
13.927998 0.242465 0.397224
13.929451 0.362817 0.397309
13.929787 0.443070 0.397366
13.929647 0.523333 0.397422
13.928487 0.643740 0.397506
13.926376 0.764153 0.397588
13.924335 0.844427 0.397643
13.921818 0.924696 0.397697
13.917091 1.045084 0.397777
13.911412 1.165450 0.397857
13.906993 1.245673 0.397910
13.902097 1.325877 0.397962
13.893801 1.446140 0.398040
13.884553 1.566350 0.398116
13.877754 1.646451 0.398167
13.870479 1.726518 0.398217
13.858615 1.846546 0.398291
13.845802 1.966493 0.398365
13.836626 2.046400 0.398413
13.826975 2.126259 0.398461
13.811549 2.245945 0.398533
13.795175 2.365521 0.398603
13.783626 2.445161 0.398649
13.771604 2.524739 0.398695
13.752624 2.643975 0.398763
13.732697 2.763072 0.398831
13.718783 2.842374 0.398875
13.704396 2.921599 0.398919
13.681873 3.040277 0.398983
13.658408 3.158788 0.399047
13.642138 3.237679 0.399089
13.616791 3.355834 0.399151
13.590506 3.473798 0.399212
13.572357 3.552309 0.399253
13.553741 3.630719 0.399292
13.524881 3.748121 0.399351
13.495089 3.865306 0.399409
13.474605 3.943278 0.399447
13.442950 4.060002 0.399503
13.410365 4.176486 0.399558
13.388025 4.253976 0.399594
13.365223 4.331338 0.399629
13.330095 4.447119 0.399681
13.294045 4.562630 0.399733
13.269400 4.639453 0.399767
13.231514 4.754403 0.399816
13.192712 4.869060 0.399865
13.166235 4.945299 0.399897
13.125609 5.059350 0.399943
13.084076 5.173087 0.399989
13.042784 5.249204 0.409239
13.027036 5.324143 0.400048
12.995390 5.380965 0.406956
12.965821 5.456093 0.406965
12.924915 5.549845 0.409249
12.907552 5.624229 0.400161
12.874436 5.680439 0.406989
12.843085 5.754866 0.406996
12.811290 5.829110 0.407002
12.757889 5.958519 0.404764
12.713260 6.050727 0.407019
12.667879 6.142593 0.409246
12.623250 6.252301 0.404808
12.564257 6.361718 0.409237
12.523301 6.452464 0.407028
12.506451 6.506701 0.400451
12.469217 6.560965 0.407040
12.432622 6.633032 0.407041
12.370876 6.758603 0.404866
12.320264 6.847940 0.407042
12.268955 6.936904 0.409191
12.217221 7.043161 0.404888
12.151196 7.148966 0.409166
12.124428 7.219140 0.400638
12.084093 7.271700 0.407030
12.029663 7.358939 0.409137
12.001558 7.428371 0.400684
11.960351 7.480413 0.407017
11.918274 7.549498 0.407012
11.861812 7.635535 0.409091
11.831914 7.703910 0.400738
11.789581 7.755257 0.406993
11.731618 7.840366 0.409052
11.700368 7.907897 0.400774
11.657219 7.958723 0.406970
11.612291 8.026024 0.406962
11.535877 8.143061 0.404897
11.460334 8.243015 0.408960
11.426364 8.308721 0.400831
11.381660 8.358507 0.406911
11.334346 8.424183 0.406900
11.253696 8.538270 0.404867
11.165629 8.651796 0.406856
11.091938 8.748322 0.406835
8.330467 11.435463 0.403906
8.235828 11.502463 0.400459
8.147184 11.567159 0.405516
8.047473 11.636753 0.405459
7.980631 11.682621 0.405421
7.913518 11.728090 0.405382
7.846134 11.773159 0.405343
7.759679 11.831454 0.406952
7.699068 11.865472 0.400274
7.642391 11.905949 0.405222
7.555002 11.962927 0.406814
7.493416 11.994910 0.400197
7.436308 12.035079 0.405097
7.367105 12.077302 0.405055
7.247131 12.147217 0.403351
7.138768 12.214825 0.406528
7.052655 12.262287 0.404852
7.004825 12.282416 0.399998
6.934066 12.321808 0.399968
6.863075 12.360775 0.399937
6.791853 12.399316 0.399906
6.720405 12.437428 0.399874
6.648732 12.475115 0.399842
6.540780 12.530781 0.399793
6.432392 12.585583 0.399743
6.359848 12.621540 0.399708
6.250610 12.674605 0.399656
6.140957 12.726795 0.399603
6.067584 12.761004 0.399567
5.994010 12.794772 0.399531
5.920238 12.828100 0.399494
5.846272 12.860985 0.399456
5.772113 12.893426 0.399418
5.660497 12.941198 0.399360
5.548510 12.988077 0.399302
5.473609 13.018733 0.399262
5.360903 13.063818 0.399201
5.247847 13.108001 0.399140
5.172248 13.136853 0.399098
5.058517 13.179226 0.399035
4.944459 13.220690 0.398971
4.868207 13.247725 0.398927
4.791800 13.274302 0.398883
4.715239 13.300422 0.398839
4.638526 13.326083 0.398794
4.561666 13.351284 0.398749
4.484662 13.376024 0.398703
4.407515 13.400305 0.398657
4.330228 13.424123 0.398611
4.252805 13.447477 0.398564
4.175248 13.470367 0.398516
4.097561 13.492795 0.398468
4.019745 13.514756 0.398420
3.941805 13.536252 0.398372
3.863742 13.557281 0.398322
3.746410 13.587890 0.398248
3.628848 13.617562 0.398172
3.550325 13.636719 0.398122
3.471694 13.655405 0.398071
3.353538 13.682494 0.397993
3.235182 13.708640 0.397914
3.156147 13.725442 0.397861
3.077020 13.741772 0.397808
2.958149 13.765319 0.397727
2.839105 13.787918 0.397646
2.759633 13.802353 0.397591
2.640268 13.823054 0.397508
2.520753 13.842805 0.397424
2.440982 13.855337 0.397367
2.361144 13.867394 0.397311
2.241259 13.884525 0.397225
2.121254 13.900702 0.397138
2.041175 13.910850 0.397079
1.961043 13.920520 0.397021
1.840748 13.934068 0.396932
1.720361 13.946661 0.396842
1.640048 13.954417 0.396782
1.559696 13.961696 0.396721
1.479309 13.968495 0.396660
1.358665 13.977735 0.396568
1.237965 13.986017 0.396475
1.157466 13.990900 0.396413
1.076946 13.995302 0.396350
0.996408 13.999227 0.396287
0.915855 14.002670 0.396223
0.835291 14.005635 0.396159
0.754717 14.008121 0.396095
0.674137 14.010126 0.396031
0.553262 14.012177 0.395933
0.432390 14.013269 0.395835
0.351814 14.013359 0.395769
0.271247 14.012970 0.395703
0.150421 14.011428 0.395603
0.029625 14.008929 0.395503
-0.050879 14.006627 0.395435
-0.131361 14.003845 0.395367
-0.211817 14.000587 0.395299
-0.292245 13.996850 0.395231
-0.372641 13.992638 0.395162
-0.453002 13.987947 0.395093
-0.533327 13.982780 0.395024
-0.653731 13.974078 0.394919
-0.774047 13.964424 0.394814
-0.854194 13.957355 0.394743
-0.934289 13.949810 0.394673
-1.054321 13.937545 0.394566
-1.174236 13.924334 0.394459
-1.254096 13.914895 0.394387
-1.333890 13.904984 0.394314
-1.453442 13.889174 0.394206
-1.572849 13.872421 0.394096
-1.652352 13.860626 0.394023
-1.731774 13.848361 0.393949
-1.850741 13.829025 0.393838
-1.969534 13.808753 0.393727
-2.048609 13.794615 0.393652
-2.127589 13.780011 0.393578
-2.245865 13.757173 0.393465
-2.363939 13.733405 0.393352
-2.442516 13.716941 0.393276
-2.520984 13.700014 0.393200
-2.599343 13.682625 0.393123
-2.677588 13.664776 0.393047
-2.755716 13.646464 0.392970
-2.833726 13.627693 0.392893
-2.911614 13.608464 0.392816
-2.989378 13.588776 0.392739
-3.067015 13.568630 0.392661
-3.144522 13.548029 0.392583
-3.260517 13.516216 0.392466
-3.376238 13.483495 0.392348
-3.453199 13.461077 0.392270
-3.530016 13.438207 0.392191
-3.606688 13.414886 0.392112
-3.683212 13.391116 0.392033
-3.759584 13.366898 0.391953
-3.835802 13.342231 0.391873
-3.911863 13.317117 0.391794
-3.987766 13.291558 0.391714
-4.063507 13.265555 0.391633
-4.139083 13.239107 0.391553
-4.214492 13.212218 0.391473
-4.289732 13.184888 0.391392
-4.364799 13.157117 0.391311
-4.439692 13.128907 0.391230
-4.514407 13.100261 0.391149
-4.588943 13.071177 0.391067
-4.663295 13.041656 0.390986
-4.737463 13.011703 0.390904
-4.848338 12.965908 0.390781
-4.958831 12.919250 0.390658
-5.032233 12.887572 0.390576
-5.141940 12.839201 0.390452
-5.251244 12.789977 0.390329
-5.360035 12.739694 0.390204
-5.468409 12.688566 0.390080
-5.540375 12.653921 0.389997
-5.612126 12.618857 0.389913
-5.683661 12.583377 0.389830
-5.754975 12.547481 0.389747
-5.826067 12.511171 0.389663
-5.896935 12.474448 0.389579
-5.967575 12.437313 0.389495
-6.037986 12.399768 0.389411
-6.143138 12.342636 0.389285
-6.247819 12.284691 0.389159
-6.351904 12.225737 0.389033
-6.455503 12.165979 0.388906
-6.524243 12.125609 0.388822
-6.592735 12.084840 0.388737
-6.660976 12.043676 0.388652
-6.728964 12.002116 0.388568
-6.796698 11.960166 0.388483
-6.864175 11.917822 0.388398
-6.964870 11.853530 0.388271
-7.065040 11.788464 0.388143
-7.164544 11.722436 0.388015
-7.263510 11.655644 0.387888
-7.329124 11.610611 0.387802
-7.394464 11.565199 0.387717
-7.459527 11.519412 0.387632
-7.556563 11.449983 0.387504
-7.653034 11.379810 0.387376
-7.716969 11.332537 0.387290
-7.780615 11.284897 0.387205
-7.843972 11.236891 0.387119
-7.938424 11.164156 0.386991
-8.063375 11.065976 0.386820
-8.156343 10.991447 0.386692
-8.217920 10.941289 0.386606
-8.279194 10.890778 0.386521
-10.782693 8.156554 0.382557
-10.849410 8.058920 0.382434
-10.915354 7.960793 0.382311
-10.958801 7.895049 0.382229
-11.001859 7.829063 0.382148
-11.044524 7.762839 0.382067
-11.086801 7.696378 0.381985
-11.128682 7.629683 0.381904
-11.170171 7.562756 0.381824
-11.231611 7.461907 0.381703
-11.292258 7.360607 0.381582
-11.351907 7.258749 0.381462
-11.410754 7.156455 0.381342
-11.468596 7.053622 0.381223
-11.600187 6.811928 0.380946
-11.708961 6.602752 0.380710
-11.744399 6.532632 0.380632
-11.779425 6.462318 0.380554
-11.831137 6.356466 0.380437
-11.882021 6.250239 0.380321
-11.931864 6.143552 0.380206
-11.980874 6.036505 0.380091
-12.012989 5.964904 0.380014
-12.060323 5.857156 0.379900
-12.106815 5.749067 0.379786
-12.152253 5.640562 0.379673
-12.196843 5.531731 0.379560
-12.226006 5.458964 0.379485
-12.268897 5.349501 0.379374
-12.338392 5.166354 0.379189
-12.378719 5.055993 0.379078
-12.418188 4.945346 0.378968
-12.443928 4.871396 0.378895
-12.481675 4.760198 0.378787
-12.518558 4.648734 0.378678
-12.542569 4.574251 0.378606
-12.577719 4.462276 0.378499
-12.612000 4.350054 0.378393
-12.634274 4.275080 0.378322
-12.666813 4.162387 0.378216
-12.698480 4.049469 0.378111
-12.719007 3.974043 0.378042
-12.748923 3.860694 0.377938
-12.777962 3.747139 0.377834
-12.796735 3.671303 0.377766
-12.824016 3.557358 0.377664
-12.850416 3.443228 0.377562
-12.867428 3.367022 0.377495
-12.884000 3.290730 0.377428
-12.900129 3.214354 0.377361
-12.915817 3.137897 0.377295
-12.931062 3.061361 0.377228
-12.953044 2.946407 0.377130
-12.974141 2.831308 0.377032
-12.987613 2.754483 0.376967
-13.006935 2.639116 0.376870
-13.025369 2.523624 0.376774
-13.037065 2.446551 0.376711
-13.048316 2.369422 0.376648
-13.064304 2.253624 0.376553
-13.079401 2.137727 0.376460
-13.088872 2.060401 0.376398
-13.097898 1.983031 0.376336
-13.106478 1.905621 0.376275
-13.114611 1.828174 0.376214
-13.122299 1.750690 0.376154
-13.129542 1.673174 0.376093
-13.139513 1.556840 0.376004
-13.148592 1.440453 0.375914
-13.154051 1.362831 0.375856
-13.161346 1.246358 0.375768
-13.167748 1.129852 0.375681
-13.171421 1.052163 0.375624
-13.174649 0.974465 0.375567
-13.178599 0.857903 0.375482
-13.181657 0.741333 0.375398
-13.183101 0.663619 0.375342
-13.184376 0.547055 0.375259
-13.184760 0.430502 0.375177
-13.184423 0.352813 0.375123
-13.183640 0.275137 0.375069
-13.181578 0.158653 0.374989
-2.140131 -3.372932 0.068635
-0.765673 -3.945698 0.069841
-0.159167 -4.034734 0.070353
-0.061173 -4.040724 0.070435
0.049206 -4.044737 0.070527
0.135107 -4.046098 0.070598
0.233295 -4.045266 0.070679
0.355968 -4.041116 0.070780
0.453998 -4.035309 0.070860
0.543711 -4.027816 0.070933
1.132861 -3.930816 0.071409
1.510503 -3.822237 0.071707
3.022280 -2.925210 0.072848
3.332033 -2.608457 0.073066
-3.712809 1.929330 0.066691
2.227104 -4.351241 0.098927
2.448764 -4.243600 0.099102
2.643951 -4.137187 0.099255
3.624180 -3.401591 0.100003
3.655409 -3.371213 0.100027
3.706909 -3.320019 0.100065
3.760912 -3.264481 0.100104
3.853501 -3.165447 0.100172
3.905298 -3.107821 0.100210
3.956003 -3.049220 0.100247
4.027523 -2.963803 0.100298
4.091094 -2.884379 0.100343
4.135484 -2.826834 0.100375
4.187665 -2.756946 0.100412
4.213316 -2.721673 0.100430
4.280096 -2.626441 0.100476
4.336819 -2.541924 0.100516
4.376261 -2.480836 0.100543
4.422396 -2.406760 0.100574
4.444961 -2.369410 0.100589
4.496404 -2.281531 0.100624
4.524986 -2.230838 0.100643
4.573414 -2.141238 0.100675
4.620352 -2.050835 0.100705
4.667248 -1.954961 0.100735
4.720209 -1.840467 0.100768
4.766564 -1.733622 0.100796
4.788768 -1.679780 0.100810
4.810346 -1.625678 0.100823
4.841451 -1.544025 0.100840
4.880888 -1.434386 0.100863
4.899607 -1.379208 0.100873
4.943507 -1.240300 0.100896
4.967950 -1.156365 0.100908
4.991007 -1.072027 0.100920
5.101964 -0.529559 0.100959
5.113885 -0.442869 0.100961
5.153234 0.051412 0.100946
5.154980 0.138964 0.100939
5.155364 0.226540 0.100930
5.153289 0.343306 0.100917
5.148573 0.460009 0.100902
5.143332 0.547463 0.100889
5.136389 0.634808 0.100874
5.124865 0.751077 0.100853
5.110626 0.867060 0.100830
5.098253 0.953834 0.100811
5.084190 1.040360 0.100791
5.068780 1.126664 0.100770
4.968729 1.553431 0.100645
4.944161 1.637638 0.100616
4.913791 1.735375 0.100581
4.874855 1.850840 0.100537
4.841813 1.942563 0.100500
4.810588 2.024572 0.100466
4.799834 2.051776 0.100455
4.766536 2.132977 0.100419
4.720034 2.240366 0.100369
4.658385 2.373039 0.100305
4.612986 2.464849 0.100258
4.572379 2.542690 0.100216
4.523627 2.632781 0.100167
4.494844 2.683758 0.100138
4.465393 2.734353 0.100108
4.420290 2.809704 0.100063
4.389439 2.859467 0.100032
4.358006 2.908867 0.100001
3.819764 3.601828 0.099483
3.718553 3.707701 0.099388
3.507027 3.910351 0.099191
2.527693 4.601448 0.098304
2.105066 4.804292 0.097931
1.818156 4.915493 0.097680
1.126196 5.104971 0.097083
0.165463 5.200161 0.096270
-0.766418 5.114433 0.095498
-1.156258 5.025011 0.095181
-1.222072 5.006779 0.095127
-1.528461 4.908225 0.094881
-1.733382 4.829817 0.094717
-1.961143 4.730174 0.094536
-2.014030 4.705186 0.094494
-2.349929 4.527439 0.094230
-2.537189 4.413468 0.094085
-2.647081 4.341226 0.094000
-2.825825 4.214462 0.093863
-2.953280 4.116638 0.093766
-3.154652 3.947743 0.093614
-3.636124 3.459930 0.093258
-3.726589 3.351772 0.093193
-3.959741 3.040678 0.093029
-4.014288 2.960243 0.092991
-4.153244 2.737757 0.092896
-4.253194 2.559955 0.092830
-4.446091 2.157297 0.092708
-4.528913 1.950035 0.092659
-4.663693 1.534970 0.092587
-4.750806 1.167101 0.092550
-4.771981 1.052737 0.092543
-5.810651 -0.543253 0.127286
-5.801476 -0.612470 0.127298
-5.707230 -1.127240 0.127411
-5.413658 -2.057341 0.127719
-5.302613 -2.313047 0.127829
-5.211599 -2.501240 0.127918
-4.900272 -3.045101 0.128217
-0.905945 -5.710719 0.131785
5.516117 -2.534175 0.137057
5.608850 -2.345528 0.137124
5.811320 -1.860451 0.137266
5.912191 -1.561385 0.137334
6.022145 -1.155010 0.137402
6.109068 -0.707052 0.137448
6.119404 -0.637574 0.137453
6.119734 1.061987 0.137347
6.106719 1.149011 0.137331
6.006068 1.649358 0.137214
5.906886 2.005612 0.137107
5.804535 2.305736 0.137002
-0.358724 6.209992 0.131509
-0.464141 6.200026 0.131420
-0.952845 6.128522 0.131009
-1.073970 6.104505 0.130907
-1.365773 6.035663 0.130663
-1.467901 6.007993 0.130577
-1.620088 5.963013 0.130450
-1.737573 5.925215 0.130353
-1.937138 5.855075 0.130187
-2.035896 5.817246 0.130105
-2.263704 5.722547 0.129917
-2.455673 5.633964 0.129759
-2.644405 5.538777 0.129604
-2.860136 5.419424 0.129428
-3.144679 5.243609 0.129197
-7.252888 -0.541744 0.176310
-7.240800 -0.649214 0.176322
-7.227095 -0.756474 0.176335
-7.215214 -0.842152 0.176346
-7.165409 -1.140683 0.176392
-7.144668 -1.246747 0.176411
-6.313615 -3.460506 0.177155
-6.017965 -3.936576 0.177418
-5.932314 -4.060774 0.177494
-3.933842 -5.997829 0.179257
-3.861619 -6.044684 0.179320
-3.734054 -6.124828 0.179433
-3.660429 -6.169437 0.179497
-3.549040 -6.234750 0.179595
-3.455381 -6.287725 0.179678
-3.417699 -6.308525 0.179711
-3.341980 -6.349471 0.179777
-3.265795 -6.389540 0.179844
-3.227531 -6.409245 0.179878
-3.131366 -6.457510 0.179962
-3.034542 -6.504438 0.180047
-2.956540 -6.540838 0.180116
-2.878227 -6.576562 0.180185
-2.759890 -6.628202 0.180289
-2.640741 -6.677940 0.180393
-2.540767 -6.717716 0.180481
-2.440253 -6.756105 0.180569
-2.399889 -6.771043 0.180605
-2.318906 -6.800219 0.180676
-2.257941 -6.821457 0.180729
-2.135489 -6.862408 0.180837
-2.053468 -6.888530 0.180909
-1.950499 -6.919760 0.180999
-1.867861 -6.943864 0.181071
-1.764129 -6.972472 0.181162
-1.618250 -7.010078 0.181290
-1.534552 -7.030227 0.181364
-1.450608 -7.049328 0.181437
-1.345408 -7.071993 0.181529
-1.155231 -7.108818 0.181696
-1.049193 -7.127220 0.181789
-0.921599 -7.147221 0.181901
-0.815019 -7.162231 0.181994
-0.429741 -7.203403 0.182331
-0.322375 -7.211254 0.182425
-0.214906 -7.217618 0.182519
-0.150379 -7.220643 0.182576
-0.042783 -7.224525 0.182670
4.159236 -6.072369 0.186336
6.435383 -3.821231 0.188308
6.505211 -3.711346 0.188368
6.617324 -3.525510 0.188465
6.724016 -3.336438 0.188557
6.834976 -3.124896 0.188652
6.920652 -2.949166 0.188726
7.019290 -2.731457 0.188810
7.110878 -2.510606 0.188889
7.202667 -2.266376 0.188967
7.311710 -1.935896 0.189059
7.405273 -1.600539 0.189139
7.426218 -1.516022 0.189156
7.500116 -1.175589 0.189218
7.523643 -1.047038 0.189238
7.604039 -0.442369 0.189303
7.611345 -0.355471 0.189309
7.619303 -0.246745 0.189315
6.919106 3.427293 0.188673
4.316115 6.444811 0.186372
4.205977 6.516964 0.186276
4.038405 6.621500 0.186128
3.714620 6.806791 0.185843
3.519952 6.908136 0.185672
3.322385 7.003715 0.185499
3.242550 7.040236 0.185429
2.837432 7.209093 0.185073
2.527434 7.319854 0.184801
2.255066 7.404766 0.184562
1.851624 7.509919 0.184208
1.723082 7.538433 0.184096
1.139309 7.638545 0.183584
-1.023816 7.605335 0.181693
-1.454104 7.522526 0.181317
-1.878652 7.414651 0.180947
-2.150817 7.331226 0.180709
-2.460588 7.222293 0.180439
-2.643954 7.150329 0.180280
-2.724884 7.116959 0.180209
-2.945172 7.019986 0.180017
-3.063963 6.964139 0.179914
-3.162196 6.916044 0.179828
-3.317828 6.836079 0.179693
-3.471516 6.752504 0.179559
-3.509624 6.731052 0.179526
-3.660697 6.642922 0.179394
-3.846612 6.527983 0.179233
-3.956497 6.456437 0.179137
-4.136758 6.332965 0.178981
-4.207901 6.282219 0.178919
-6.090074 4.301225 0.177289
-6.125369 4.246269 0.177258
-6.171710 4.172547 0.177218
-6.250668 4.042245 0.177150
-6.294681 3.967141 0.177112
-6.358819 3.853428 0.177057
-6.471465 3.642317 0.176960
-6.567847 3.447373 0.176878
-6.987328 2.352922 0.176519
-7.093285 1.954425 0.176430
-9.497227 -0.249940 0.252083
-9.493978 -0.306031 0.252082
-9.464911 -0.669961 0.252079
-9.313550 -1.668361 0.252137
-9.226833 -2.051207 0.252185
-9.206285 -2.132759 0.252197
-9.147948 -2.349264 0.252233
-9.132585 -2.403168 0.252242
-9.100930 -2.510694 0.252263
-9.059585 -2.644546 0.252290
-9.025156 -2.751185 0.252312
-8.943255 -2.989592 0.252368
-8.914537 -3.068546 0.252388
-8.875238 -3.173435 0.252415
-8.845011 -3.251808 0.252436
-8.824460 -3.303896 0.252451
-8.771738 -3.433562 0.252488
-8.728251 -3.536740 0.252520
-8.683582 -3.639398 0.252552
-8.637736 -3.741523 0.252586
-8.602620 -3.817776 0.252612
-8.578820 -3.868427 0.252629
-8.542540 -3.944121 0.252656
-8.480724 -4.069607 0.252703
-8.442714 -4.144429 0.252731
-8.404135 -4.218953 0.252761
-8.378034 -4.268433 0.252780
-8.338317 -4.342344 0.252811
-8.284421 -4.440372 0.252852
-8.229403 -4.537762 0.252894
-7.922503 -5.038136 0.253134
-7.844990 -5.154409 0.253195
-7.797739 -5.223664 0.253233
-7.717580 -5.338101 0.253296
-7.635726 -5.451313 0.253362
-7.569286 -5.541174 0.253415
-5.348415 -7.682821 0.255268
-5.256439 -7.745990 0.255347
-5.187007 -7.792704 0.255406
-5.140482 -7.823489 0.255446
-5.070345 -7.869131 0.255507
-4.952587 -7.943848 0.255608
-4.809979 -8.031419 0.255731
-4.738068 -8.074197 0.255793
-4.641646 -8.130312 0.255877
-4.544588 -8.185315 0.255961
-4.446904 -8.239196 0.256045
-4.373259 -8.278902 0.256110
-4.323961 -8.304996 0.256152
-4.249716 -8.343567 0.256217
-4.175179 -8.381570 0.256282
-4.125294 -8.406523 0.256325
-4.025100 -8.455565 0.256413
-3.974793 -8.479653 0.256457
-3.924350 -8.503452 0.256501
-3.848413 -8.538568 0.256567
-3.746721 -8.584418 0.256656
-3.644508 -8.629095 0.256746
-3.541789 -8.672594 0.256836
-3.438576 -8.714909 0.256927
-3.308901 -8.766167 0.257041
-3.256821 -8.786131 0.257087
-3.204627 -8.805798 0.257133
-3.152320 -8.825163 0.257179
-3.073640 -8.853609 0.257248
-2.994744 -8.881450 0.257318
-2.862690 -8.926238 0.257435
-2.756600 -8.960729 0.257529
-2.676788 -8.985834 0.257600
-2.623452 -9.002162 0.257647
-2.570023 -9.018185 0.257694
-2.436041 -9.056855 0.257813
-2.328471 -9.086433 0.257909
-2.247583 -9.107843 0.257981
-2.166492 -9.128478 0.258054
-2.058110 -9.154953 0.258150
-1.922221 -9.186333 0.258272
-1.867736 -9.198321 0.258321
-1.813183 -9.209996 0.258369
-1.731220 -9.226881 0.258443
-1.649129 -9.243137 0.258516
-1.566883 -9.258608 0.258590
-1.457027 -9.278182 0.258688
-1.319403 -9.300912 0.258812
-1.236664 -9.313535 0.258887
-1.153828 -9.325525 0.258961
-1.070878 -9.336720 0.259036
-0.960138 -9.350587 0.259136
-0.849241 -9.363180 0.259236
-0.348650 -9.404029 0.259689
-0.237149 -9.409585 0.259790
-0.153483 -9.412950 0.259866
-0.069785 -9.415512 0.259943
0.013933 -9.417432 0.260019
0.153500 -9.418919 0.260146
0.265167 -9.418694 0.260248
0.348916 -9.417723 0.260324
0.432657 -9.415948 0.260401
0.544288 -9.412510 0.260503
0.655879 -9.407788 0.260605
0.767416 -9.401781 0.260707
1.351517 -9.349230 0.261244
3.071302 -8.981221 0.262842
3.652938 -8.779871 0.263389
3.964604 -8.654555 0.263683
4.144404 -8.576513 0.263854
4.373209 -8.470757 0.264071
4.474029 -8.421860 0.264167
4.574288 -8.371797 0.264262
4.673974 -8.320573 0.264357
4.748373 -8.281433 0.264428
4.871572 -8.214669 0.264546
4.969457 -8.160002 0.264640
5.163336 -8.047273 0.264825
5.235393 -8.003878 0.264895
5.378344 -7.915136 0.265032
5.449225 -7.869799 0.265100
5.636382 -7.745982 0.265281
5.728892 -7.682446 0.265371
8.029821 -5.432600 0.267650
8.239962 -5.132596 0.267866
8.317819 -5.015124 0.267947
8.423877 -4.848699 0.268057
8.611938 -4.533990 0.268254
8.721730 -4.336784 0.268370
8.814002 -4.162106 0.268468
8.902794 -3.985576 0.268563
9.023348 -3.730229 0.268694
9.114441 -3.523424 0.268793
9.147325 -3.445300 0.268830
9.200718 -3.314490 0.268889
9.231782 -3.235598 0.268924
9.301716 -3.050500 0.269002
9.512535 -2.405398 0.269247
9.700941 -1.635626 0.269481
9.711990 -1.580060 0.269495
9.804595 -1.020995 0.269624
9.815627 -0.936663 0.269641
9.809218 1.555180 0.269836
9.701784 2.200459 0.269790
9.601415 2.644649 0.269735
9.528111 2.919796 0.269690
9.411948 3.301267 0.269615
9.338539 3.517071 0.269565
9.110659 4.101211 0.269404
9.018465 4.309882 0.269337
8.819427 4.720554 0.269189
8.712689 4.922324 0.269108
8.601213 5.121563 0.269022
8.302190 5.607854 0.268788
8.008909 6.029970 0.268555
5.818840 8.187719 0.266732
5.343274 8.505694 0.266324
4.647670 8.902659 0.265721
4.443121 9.005405 0.265543
4.236202 9.103298 0.265362
3.948015 9.229837 0.265109
3.735936 9.315988 0.264923
3.468079 9.416599 0.264687
3.224581 9.500399 0.264471
3.142916 9.526838 0.264399
2.869114 9.609864 0.264156
2.565276 9.691860 0.263886
2.509755 9.705700 0.263836
2.454154 9.719213 0.263786
2.034784 9.810012 0.263411
1.441895 9.905886 0.262878
1.356756 9.916529 0.262801
1.243107 9.929605 0.262699
1.129316 9.941339 0.262596
1.043894 9.949302 0.262519
-0.555115 9.958120 0.261061
-0.640548 9.951108 0.260983
-0.754354 9.940641 0.260878
-0.868022 9.928835 0.260773
-0.953177 9.919146 0.260695
-1.038227 9.908621 0.260617
-1.433715 9.849796 0.260251
-1.546214 9.830004 0.260147
-1.658463 9.808891 0.260043
-1.854259 9.768814 0.259861
-1.937889 9.750348 0.259783
-2.049141 9.724638 0.259680
-2.132381 9.704538 0.259602
-2.270668 9.669303 0.259473
-2.353397 9.647255 0.259396
-2.435900 9.624399 0.259319
-2.654891 9.560013 0.259114
-2.763789 9.525898 0.259012
-2.953355 9.463170 0.258834
-3.248422 9.356680 0.258556
-4.237598 8.917075 0.257619
-4.414069 8.824286 0.257450
-4.538876 8.755749 0.257331
-4.613298 8.713813 0.257260
-4.711909 8.656838 0.257165
-4.834183 8.583975 0.257048
-4.931229 8.524435 0.256955
-5.051488 8.448366 0.256839
-5.170678 8.370670 0.256724
-5.358875 8.242679 0.256542
-5.451817 8.177050 0.256452
-5.521032 8.127155 0.256385
-5.635326 8.042572 0.256274
-5.703335 7.991080 0.256207
-7.869652 5.684690 0.254046
-7.901043 5.637542 0.254014
-7.947573 5.566462 0.253965
-7.993544 5.495029 0.253918
-8.023818 5.447175 0.253886
-8.053809 5.399149 0.253855
-8.112941 5.302585 0.253793
-8.156507 5.229702 0.253748
-8.199502 5.156490 0.253703
-8.227781 5.107466 0.253673
-8.269623 5.033608 0.253629
-8.324445 4.934607 0.253571
-8.364834 4.859969 0.253528
-8.430585 4.734765 0.253458
-8.481888 4.633952 0.253403
-8.532006 4.532563 0.253349
-8.580931 4.430612 0.253296
-8.628658 4.328114 0.253244
-8.663701 4.250905 0.253206
-8.686661 4.199258 0.253181
-8.709316 4.147481 0.253156
-8.742694 4.069563 0.253119
-8.786180 3.965259 0.253072
-8.828444 3.860472 0.253025
-8.879582 3.728843 0.252967
-8.899482 3.675987 0.252945
-8.919073 3.623019 0.252923
-8.947838 3.543351 0.252890
-9.047495 3.249295 0.252775
-9.072980 3.168564 0.252746
-9.097836 3.087646 0.252717
-9.113985 3.033579 0.252697
-9.137579 2.952302 0.252669
-9.167982 2.843646 0.252633
-9.204238 2.707373 0.252589
-9.218168 2.652722 0.252572
-9.238426 2.570595 0.252547
-9.264369 2.460850 0.252514
-9.289033 2.350826 0.252483
-9.312414 2.240540 0.252453
-9.339869 2.102343 0.252416
-9.350273 2.046958 0.252402
-9.365232 1.963773 0.252382
-9.384101 1.852684 0.252356
-9.397444 1.769245 0.252337
-9.405908 1.713557 0.252325
-9.417956 1.629937 0.252307
-9.429356 1.546235 0.252290
-9.439944 1.462436 0.252274
-9.456074 1.322609 0.252248
-9.464712 1.238611 0.252233
-9.472699 1.154558 0.252219
-9.479872 1.070441 0.252206
-9.488351 0.958212 0.252189
-13.440855 -0.025846 0.386581
-13.436625 -0.144428 0.386556
-13.427446 -0.341941 0.386516
-13.420480 -0.460349 0.386494
-13.412603 -0.578684 0.386473
-13.406745 -0.657522 0.386460
-13.400432 -0.736317 0.386447
-13.390055 -0.854417 0.386428
-13.378771 -0.972420 0.386410
-13.370643 -1.051018 0.386399
-13.362062 -1.129561 0.386388
-13.348288 -1.247258 0.386373
-13.333609 -1.364831 0.386359
-13.323222 -1.443126 0.386350
-13.306741 -1.560431 0.386337
-13.289360 -1.677590 0.386326
-13.277173 -1.755596 0.386318
-13.264539 -1.833524 0.386312
-13.244691 -1.950251 0.386303
-13.223948 -2.066808 0.386294
-13.209525 -2.144395 0.386290
-13.186998 -2.260592 0.386283
-13.163583 -2.376599 0.386278
-13.147380 -2.453805 0.386275
-13.130733 -2.530910 0.386273
-13.113646 -2.607912 0.386270
-13.096114 -2.684807 0.386269
-13.078142 -2.761593 0.386268
-13.059731 -2.838267 0.386267
-13.031233 -2.953050 0.386267
-13.001859 -3.067597 0.386268
-12.981691 -3.143801 0.386269
-12.950568 -3.257858 0.386272
-12.918573 -3.371660 0.386275
-12.896665 -3.447354 0.386278
-12.862934 -3.560626 0.386284
-12.828340 -3.673624 0.386290
-12.804701 -3.748768 0.386295
-12.768384 -3.861197 0.386303
-12.731209 -3.973332 0.386312
-12.705856 -4.047888 0.386319
-12.666974 -4.159416 0.386330
-12.627241 -4.270630 0.386341
-12.600188 -4.344560 0.386350
-12.558763 -4.455128 0.386363
-12.516496 -4.565365 0.386378
-12.487758 -4.638630 0.386388
-12.443815 -4.748183 0.386405
-12.399037 -4.857385 0.386422
-12.368632 -4.929947 0.386434
-12.322195 -5.038428 0.386453
-12.274933 -5.146540 0.386473
-12.226644 -5.254180 0.386494
-12.177536 -5.361436 0.386516
-12.144254 -5.432681 0.386531
-12.110564 -5.503729 0.386547
-12.076470 -5.574576 0.386563
-12.041973 -5.645222 0.386580
-12.007071 -5.715663 0.386597
-11.971770 -5.785899 0.386614
-11.936067 -5.855925 0.386632
-11.881716 -5.960541 0.386660
-11.826570 -6.064728 0.386688
-11.789279 -6.133896 0.386708
-11.732554 -6.237208 0.386738
-11.675046 -6.340075 0.386770
-11.636186 -6.408350 0.386791
-11.596938 -6.476398 0.386813
-11.557302 -6.544215 0.386835
-11.517282 -6.611798 0.386858
-11.476875 -6.679147 0.386881
-11.436086 -6.746259 0.386905
-11.374139 -6.846446 0.386941
-11.311432 -6.946148 0.386978
-11.247781 -7.045236 0.387017
-11.183379 -7.143827 0.387056
-11.139948 -7.209219 0.387082
-11.096143 -7.274356 0.387109
-11.051969 -7.339238 0.387137
-11.007424 -7.403861 0.387165
-10.962514 -7.468224 0.387193
-10.917238 -7.532325 0.387222
-10.871597 -7.596161 0.387251
-10.825594 -7.659731 0.387281
-10.755867 -7.754549 0.387326
-10.685422 -7.848824 0.387372
-10.637983 -7.911308 0.387403
-10.590191 -7.973518 0.387435
-10.542044 -8.035447 0.387467
-10.493545 -8.097097 0.387500
-7.786097 -10.690786 0.389522
-7.722543 -10.736510 0.389573
-7.658729 -10.781868 0.389625
-7.562495 -10.849171 0.389703
-7.433339 -10.937676 0.389808
-7.335847 -11.003126 0.389888
-7.237738 -11.067642 0.389968
-7.139143 -11.131407 0.390049
-7.073092 -11.173412 0.390104
-7.006802 -11.215039 0.390159
-6.940277 -11.256284 0.390214
-6.873518 -11.297149 0.390269
-6.806527 -11.337629 0.390325
-6.739307 -11.377727 0.390381
-6.638024 -11.437099 0.390466
-6.536292 -11.495695 0.390552
-6.468176 -11.534242 0.390609
-6.399842 -11.572397 0.390667
-6.331291 -11.610161 0.390725
-6.262526 -11.647530 0.390783
-6.193549 -11.684505 0.390842
-6.124362 -11.721087 0.390901
-6.054968 -11.757271 0.390960
-5.985369 -11.793056 0.391020
-5.915566 -11.828444 0.391079
-5.845563 -11.863430 0.391140
-5.775362 -11.898017 0.391200
-5.704964 -11.932200 0.391261
-5.634372 -11.965981 0.391322
-5.563589 -11.999356 0.391383
-5.457036 -12.048608 0.391476
-5.350111 -12.097046 0.391569
-5.242729 -12.144464 0.391662
-5.134990 -12.191058 0.391757
-5.062928 -12.221574 0.391820
-4.954490 -12.266522 0.391915
-4.845713 -12.310641 0.392011
-4.736519 -12.353723 0.392108
-4.627000 -12.395969 0.392205
-4.553774 -12.423576 0.392270
-4.443622 -12.464149 0.392368
-4.333163 -12.503881 0.392467
-4.259323 -12.529806 0.392533
-4.148269 -12.567849 0.392633
-4.036926 -12.605044 0.392733
-3.962511 -12.629274 0.392800
-3.850611 -12.664768 0.392901
-3.738443 -12.699408 0.393003
-3.663489 -12.721931 0.393071
-3.550802 -12.754856 0.393173
-3.437865 -12.786922 0.393276
-3.362411 -12.807726 0.393345
-3.248995 -12.838067 0.393449
-3.135347 -12.867542 0.393553
-3.059433 -12.886615 0.393623
-2.945344 -12.914355 0.393728
-2.831044 -12.941225 0.393834
-2.754708 -12.958556 0.393905
-2.640006 -12.983680 0.394011
-2.525112 -13.007929 0.394118
-2.448393 -13.023511 0.394189
-2.371584 -13.038654 0.394261
-2.256199 -13.060490 0.394369
-2.140646 -13.081445 0.394477
-2.063504 -13.094827 0.394550
-1.947637 -13.114018 0.394659
-1.831623 -13.132325 0.394768
-1.754187 -13.143939 0.394841
-1.676684 -13.155111 0.394914
-1.560300 -13.170982 0.395025
-1.443794 -13.185965 0.395135
-1.366046 -13.195360 0.395209
-1.249316 -13.208564 0.395321
-1.132484 -13.220878 0.395432
-1.054532 -13.228492 0.395507
-0.976535 -13.235661 0.395582
-0.859456 -13.245520 0.395694
-0.742300 -13.254486 0.395807
-0.664149 -13.259868 0.395882
-0.546859 -13.267045 0.395996
-0.429511 -13.273327 0.396109
-0.351246 -13.276918 0.396185
-0.272958 -13.280062 0.396261
-0.155489 -13.283880 0.396376
-0.037988 -13.286801 0.396490
0.040363 -13.288151 0.396567
0.157908 -13.289277 0.396682
0.275465 -13.289506 0.396797
0.353839 -13.289061 0.396874
0.432213 -13.288166 0.396951
0.549767 -13.285927 0.397067
0.667307 -13.282788 0.397183
0.745654 -13.280098 0.397261
0.823987 -13.276958 0.397338
0.941455 -13.271352 0.397455
1.058884 -13.264848 0.397572
1.137140 -13.259912 0.397650
1.254471 -13.251614 0.397767
1.371743 -13.242418 0.397884
1.449880 -13.235690 0.397962
1.527982 -13.228513 0.398041
1.645056 -13.216854 0.398159
1.762046 -13.204298 0.398276
1.839979 -13.195332 0.398355
1.956779 -13.180987 0.398473
2.073476 -13.165750 0.398591
2.151199 -13.154995 0.398670
2.228864 -13.143796 0.398749
2.345237 -13.126105 0.398868
2.461481 -13.107523 0.398986
2.538886 -13.094543 0.399065
2.654850 -13.074182 0.399184
2.770663 -13.052933 0.399303
2.847768 -13.038177 0.399382
2.924792 -13.022977 0.399462
3.001732 -13.007335 0.399541
3.078585 -12.991250 0.399620
3.155350 -12.974723 0.399700
3.232023 -12.957755 0.399779
3.346844 -12.931423 0.399898
3.461470 -12.904211 0.400017
3.537753 -12.885483 0.400097
3.651968 -12.856514 0.400216
3.765969 -12.826670 0.400335
3.841821 -12.806190 0.400414
3.955371 -12.774598 0.400534
4.068686 -12.742135 0.400653
4.144069 -12.719913 0.400732
4.256894 -12.685713 0.400851
4.369464 -12.650646 0.400970
4.444338 -12.626692 0.401050
4.519077 -12.602306 0.401129
4.593680 -12.577490 0.401208
4.668145 -12.552243 0.401287
4.742468 -12.526567 0.401367
4.816649 -12.500463 0.401446
4.890684 -12.473931 0.401525
4.964570 -12.446973 0.401604
5.038305 -12.419589 0.401683
5.148601 -12.377661 0.401801
5.258583 -12.334886 0.401920
5.331691 -12.305804 0.401999
5.441026 -12.261338 0.402117
5.550029 -12.216030 0.402235
5.658606 -12.169675 0.402353
5.766836 -12.122483 0.402470
5.838753 -12.090466 0.402549
5.946268 -12.041610 0.402666
6.053417 -11.991925 0.402784
6.160099 -11.941209 0.402901
6.266400 -11.889669 0.403017
6.337009 -11.854763 0.403095
6.407422 -11.819448 0.403173
6.477637 -11.783727 0.403251
6.547650 -11.747598 0.403328
6.617460 -11.711064 0.403406
6.687065 -11.674125 0.403483
6.756461 -11.636784 0.403560
6.860133 -11.579967 0.403676
6.963378 -11.522350 0.403791
7.031919 -11.483407 0.403868
7.134290 -11.424198 0.403983
7.236215 -11.364197 0.404097
7.303864 -11.323671 0.404174
7.371284 -11.282752 0.404250
7.438472 -11.241443 0.404326
7.538788 -11.178698 0.404440
7.638630 -11.115176 0.404553
7.737872 -11.050690 0.404666
7.836627 -10.985435 0.404779
7.902135 -10.941421 0.404854
7.967395 -10.897026 0.404929
8.064780 -10.829676 0.405041
8.161656 -10.761570 0.405153
8.225898 -10.715665 0.405227
8.289879 -10.669386 0.405301
8.353597 -10.622735 0.405375
8.448647 -10.552016 0.405486
11.111341 -7.913409 0.408743
11.159348 -7.850216 0.408806
11.230633 -7.754861 0.408899
11.301189 -7.658945 0.408992
11.370826 -7.562334 0.409084
11.462442 -7.432606 0.409205
11.530223 -7.334633 0.409296
11.574909 -7.268961 0.409356
11.619218 -7.203024 0.409415
11.663148 -7.136824 0.409475
11.728282 -7.037003 0.409563
11.792650 -6.936667 0.409651
11.856056 -6.835695 0.409737
11.918687 -6.734221 0.409824
11.959921 -6.666241 0.409881
12.020990 -6.563780 0.409966
12.081272 -6.460836 0.410050
12.140564 -6.357294 0.410134
12.199061 -6.253282 0.410216
12.256558 -6.148689 0.410298
12.313251 -6.043639 0.410380
12.368932 -5.938026 0.410460
12.423801 -5.831969 0.410540
12.459837 -5.760973 0.410593
12.495461 -5.689761 0.410645
12.530676 -5.618336 0.410697
12.565478 -5.546699 0.410749
12.599867 -5.474854 0.410800
12.633840 -5.402801 0.410851
12.667397 -5.330545 0.410901
12.700536 -5.258087 0.410952
12.749407 -5.149002 0.411026
12.797436 -5.039526 0.411100
12.828893 -4.966285 0.411149
12.875230 -4.856046 0.411221
12.920716 -4.745434 0.411293
12.950471 -4.671449 0.411340
12.979796 -4.597284 0.411387
13.008695 -4.522941 0.411434
13.037160 -4.448424 0.411480
13.065194 -4.373734 0.411526
13.092797 -4.298874 0.411571
13.119965 -4.223846 0.411616
13.146697 -4.148654 0.411661
13.172994 -4.073298 0.411705
13.198853 -3.997783 0.411749
13.224276 -3.922111 0.411792
13.249258 -3.846283 0.411835
13.273801 -3.770303 0.411878
13.297901 -3.694173 0.411920
13.321561 -3.617896 0.411962
13.344778 -3.541474 0.412003
13.367550 -3.464910 0.412044
13.389878 -3.388206 0.412085
13.411760 -3.311365 0.412125
13.433195 -3.234390 0.412165
13.454184 -3.157283 0.412205
13.484769 -3.041365 0.412263
13.514454 -2.925196 0.412321
13.533644 -2.847587 0.412358
13.552382 -2.769860 0.412396
13.579584 -2.653037 0.412451
13.605879 -2.535990 0.412505
13.622804 -2.457814 0.412541
13.647278 -2.340339 0.412594
13.670840 -2.222660 0.412646
13.685938 -2.144077 0.412680
13.700579 -2.065398 0.412713
13.721622 -1.947197 0.412763
13.741744 -1.828820 0.412812
13.754546 -1.749788 0.412843
13.766886 -1.670675 0.412875
13.784472 -1.551848 0.412921
13.801134 -1.432872 0.412967
13.811625 -1.353459 0.412996
13.821651 -1.273978 0.413026
13.835762 -1.154627 0.413069
13.848941 -1.035154 0.413111
13.857107 -0.955428 0.413138
13.864807 -0.875647 0.413165
13.875424 -0.755874 0.413205
13.885106 -0.636006 0.413244
13.890938 -0.556035 0.413269
13.896301 -0.476023 0.413294
13.903409 -0.355931 0.413330
13.909580 -0.235771 0.413366
13.913069 -0.155624 0.413389
13.916088 -0.075449 0.413411
13.919676 0.044859 0.413444
13.922325 0.165207 0.413476
13.923465 0.245462 0.413497
13.924132 0.325729 0.413517
13.924193 0.446150 0.413547
13.923312 0.566583 0.413575
13.922097 0.646875 0.413594
13.920410 0.727166 0.413612
13.916938 0.847595 0.413638
13.912523 0.968008 0.413663
13.908952 1.048268 0.413679
13.904908 1.128513 0.413695
13.900393 1.208742 0.413710
13.895408 1.288949 0.413725
13.889951 1.369134 0.413739
13.884022 1.449292 0.413752
13.877623 1.529422 0.413766
13.867081 1.649553 0.413785
13.855597 1.769612 0.413803
13.847314 1.849599 0.413814
13.838560 1.929543 0.413825
13.824489 2.049367 0.413841
13.809477 2.169092 0.413855
13.798841 2.248838 0.413864
13.787738 2.328526 0.413873
13.770144 2.447940 0.413885
13.751613 2.567225 0.413896
13.738633 2.646659 0.413902
13.725185 2.726022 0.413909
13.711271 2.805313 0.413914
13.696889 2.884526 0.413920
13.682039 2.963661 0.413925
13.666723 3.042714 0.413929
13.650941 3.121682 0.413933
13.626337 3.239959 0.413937
13.600802 3.358052 0.413941
13.583159 3.436654 0.413943
13.555769 3.554358 0.413945
13.527452 3.671858 0.413946
13.507957 3.750049 0.413946
13.425367 4.061690 0.413941
13.403570 4.139306 0.413939
13.369958 4.255481 0.413934
13.335431 4.371401 0.413929
13.311804 4.448507 0.413924
13.287720 4.525478 0.413919
13.250685 4.640659 0.413911
13.212743 4.755558 0.413902
13.186843 4.831964 0.413895
13.147091 4.946275 0.413884
13.106438 5.060283 0.413872
13.078735 5.136081 0.413864
12.777194 5.884875 0.413751
12.394855 6.687007 0.413572
11.568752 8.076596 0.413101
11.289289 8.473734 0.412924
8.387758 11.395263 0.410791
8.256848 11.491088 0.410686
7.309818 12.117590 0.409910
6.959389 12.322027 0.409616
6.888582 12.361665 0.409556
6.817540 12.400882 0.409496
6.746266 12.439677 0.409435
6.674763 12.478049 0.409375
6.603033 12.515997 0.409313
6.531077 12.553520 0.409252
6.458900 12.590614 0.409190
6.350198 12.645400 0.409097
6.241065 12.699325 0.409003
6.168027 12.734698 0.408940
6.094780 12.769638 0.408877
6.021327 12.804143 0.408813
5.947669 12.838212 0.408749
5.762629 12.921413 0.408588
5.539010 13.017685 0.408392
5.238256 13.139831 0.408127
5.124761 13.183847 0.408026
5.048868 13.212592 0.407959
4.972806 13.240886 0.407891
4.858382 13.282423 0.407789
4.743634 13.323053 0.407686
4.666924 13.349535 0.407618
4.590059 13.375560 0.407548
4.513042 13.401129 0.407479
4.435875 13.426241 0.407410
4.358561 13.450893 0.407340
4.242303 13.486955 0.407234
4.125766 13.522095 0.407129
4.047892 13.544907 0.407058
3.969886 13.567255 0.406987
3.891749 13.589142 0.406915
3.813485 13.610563 0.406844
3.735096 13.631520 0.406772
3.656585 13.652012 0.406700
3.577956 13.672037 0.406628
3.499211 13.691595 0.406555
3.420352 13.710686 0.406483
3.341383 13.729308 0.406410
3.262306 13.747462 0.406337
3.143483 13.773753 0.406226
3.024458 13.799103 0.406116
2.944979 13.815374 0.406042
2.865407 13.831175 0.405968
2.745869 13.853931 0.405856
2.626158 13.875739 0.405744
2.546240 13.889647 0.405669
2.466243 13.903081 0.405594
2.346097 13.922280 0.405480
2.225807 13.940530 0.405367
2.145522 13.952062 0.405291
2.065173 13.963118 0.405215
1.944526 13.978747 0.405100
1.823765 13.993422 0.404985
1.743185 14.002568 0.404908
1.662555 14.011237 0.404831
1.541516 14.023283 0.404716
1.420390 14.034372 0.404599
1.339587 14.041127 0.404522
1.258749 14.047402 0.404444
1.177876 14.053197 0.404366
1.056510 14.060933 0.404249
0.935091 14.067708 0.404131
0.854116 14.071585 0.404053
0.773122 14.074982 0.403974
0.651601 14.079119 0.403856
0.530057 14.082294 0.403738
0.449017 14.083772 0.403658
0.367973 14.084769 0.403579
0.246407 14.085304 0.403460
0.124846 14.084881 0.403341
0.043815 14.083958 0.403261
-0.037207 14.082555 0.403181
-0.158711 14.079493 0.403061
-0.926938 14.035508 0.402297
-1.047924 14.024551 0.402175
-1.168812 14.012640 0.402054
-1.249334 14.004065 0.401972
-1.450378 13.980485 0.401769
-1.570830 13.965008 0.401647
-1.651042 13.954058 0.401566
-1.731183 13.942633 0.401485
-1.851248 13.924550 0.401362
-1.971157 13.905522 0.401240
-2.050988 13.892208 0.401159
-2.130735 13.878423 0.401077
-2.250179 13.856804 0.400954
-2.369440 13.834246 0.400832
-2.448820 13.818582 0.400750
-2.528102 13.802451 0.400668
-2.646820 13.777318 0.400546
-2.765327 13.751253 0.400423
-2.844186 13.733255 0.400341
-2.922933 13.714794 0.400260
-3.040821 13.686173 0.400137
-3.158470 13.656627 0.400014
-3.236738 13.636314 0.399932
-3.314881 13.615540 0.399851
-3.392894 13.594306 0.399769
-3.470775 13.572614 0.399687
-3.548522 13.550463 0.399606
-3.626132 13.527854 0.399524
-3.703602 13.504789 0.399442
-3.780928 13.481270 0.399361
-3.858110 13.457294 0.399279
-3.935143 13.432865 0.399197
-4.012026 13.407984 0.399116
-4.088755 13.382650 0.399034
-4.165328 13.356867 0.398953
-4.241741 13.330632 0.398872
-4.317994 13.303950 0.398790
-4.394082 13.276820 0.398709
-4.470004 13.249244 0.398628
-4.545756 13.221221 0.398547
-4.659038 13.178299 0.398425
-4.771968 13.134491 0.398304
-4.847016 13.104698 0.398223
-4.959222 13.059128 0.398101
-5.071054 13.012681 0.397980
-5.145356 12.981135 0.397900
-5.256422 12.932945 0.397779
-5.367094 12.883888 0.397658
-5.440609 12.850608 0.397578
-5.513921 12.816897 0.397498
-5.587028 12.782759 0.397418
-5.659925 12.748191 0.397338
-5.732613 12.713199 0.397258
-5.841216 12.659859 0.397138
-5.949385 12.605674 0.397019
-6.057003 12.550436 0.396900
-6.164172 12.494360 0.396781
-6.235314 12.456421 0.396702
-6.306226 12.418066 0.396623
-6.376906 12.379297 0.396544
-6.447350 12.340116 0.396465
-6.517556 12.300524 0.396387
-6.587522 12.260523 0.396308
-6.657246 12.220114 0.396230
-6.761340 12.158688 0.396113
-6.864937 12.096454 0.395996
-6.933667 12.054429 0.395918
-7.002142 12.012003 0.395841
-7.070360 11.969179 0.395763
-7.138320 11.925958 0.395686
-7.239735 11.860336 0.395571
-7.340621 11.793929 0.395455
-7.440837 11.726546 0.395341
-7.540509 11.658386 0.395226
-7.606591 11.612432 0.395150
-7.672396 11.566095 0.395074
-7.737922 11.519377 0.394998
-7.835646 11.448538 0.394885
-7.964994 11.352829 0.394735
-8.061283 11.280111 0.394623
-8.125086 11.231137 0.394548
-8.188594 11.181794 0.394474
-8.251806 11.132083 0.394400
-8.346025 11.056786 0.394289
-10.967556 8.254035 0.391031
-11.036067 8.155482 0.390940
-11.081221 8.089436 0.390880
-11.125983 8.023133 0.390819
-11.170354 7.956576 0.390760
-11.236119 7.856241 0.390671
-11.301092 7.755410 0.390582
-11.365070 7.653969 0.390495
-11.511008 7.415283 0.390293
-11.632109 7.208403 0.390124
-11.671660 7.138990 0.390068
-11.710802 7.069355 0.390013
-11.768692 6.964464 0.389930
-11.825756 6.859141 0.389848
-11.863247 6.788641 0.389794
-11.900322 6.717932 0.389741
-11.936978 6.647015 0.389687
-11.973219 6.575892 0.389634
-12.009040 6.504568 0.389582
-12.044440 6.433043 0.389530
-12.079421 6.361320 0.389478
-12.131044 6.253348 0.389401
-12.181821 6.144993 0.389324
-12.215105 6.072505 0.389274
-12.264178 5.963405 0.389199
-12.312395 5.853942 0.389125
-12.359540 5.744036 0.389052
-12.436102 5.560054 0.388932
-12.480656 5.449127 0.388861
-12.552883 5.263490 0.388745
-12.662683 4.964416 0.388564
-12.689036 4.889274 0.388520
-12.790039 4.587293 0.388347
-12.906320 4.206829 0.388140
-13.011443 3.823350 0.387943
-13.031123 3.746321 0.387905
-13.105339 3.437183 0.387756
-13.122766 3.359656 0.387720
-13.148000 3.243183 0.387667
-13.203107 2.970698 0.387546
-13.224942 2.853603 0.387496
-13.245869 2.736360 0.387447
-13.259212 2.658102 0.387415
-13.278316 2.540581 0.387367
-13.308031 2.344419 0.387290
-13.319095 2.265848 0.387260
-13.334778 2.147884 0.387216
-13.349546 2.029818 0.387173
-13.358784 1.951044 0.387144
-13.367562 1.872226 0.387116
-13.379815 1.753918 0.387076
-13.391153 1.635534 0.387035
-13.398102 1.556566 0.387009
-13.404591 1.477567 0.386984
-13.413409 1.359013 0.386946
-13.421312 1.240411 0.386909
-13.425968 1.161315 0.386885
-13.432038 1.042637 0.386850
-13.437190 0.923931 0.386816
-13.440014 0.844780 0.386794
-13.442380 0.765622 0.386773
-13.445012 0.646877 0.386741
-13.446729 0.528131 0.386710
-13.447263 0.448970 0.386690
-13.447339 0.369816 0.386671
-13.446537 0.251103 0.386643
-13.444822 0.132415 0.386615
-13.441366 0.013773 0.386682
